CREATE DATABASE  IF NOT EXISTS `gt_ecommerce` /*!40100 DEFAULT CHARACTER SET utf8mb4 COLLATE utf8mb4_0900_ai_ci */ /*!80016 DEFAULT ENCRYPTION='N' */;
USE `gt_ecommerce`;
-- MySQL dump 10.13  Distrib 8.0.31, for Win64 (x86_64)
--
-- Host: localhost    Database: gt_ecommerce
-- ------------------------------------------------------
-- Server version	8.0.31

/*!40101 SET @OLD_CHARACTER_SET_CLIENT=@@CHARACTER_SET_CLIENT */;
/*!40101 SET @OLD_CHARACTER_SET_RESULTS=@@CHARACTER_SET_RESULTS */;
/*!40101 SET @OLD_COLLATION_CONNECTION=@@COLLATION_CONNECTION */;
/*!50503 SET NAMES utf8 */;
/*!40103 SET @OLD_TIME_ZONE=@@TIME_ZONE */;
/*!40103 SET TIME_ZONE='+00:00' */;
/*!40014 SET @OLD_UNIQUE_CHECKS=@@UNIQUE_CHECKS, UNIQUE_CHECKS=0 */;
/*!40014 SET @OLD_FOREIGN_KEY_CHECKS=@@FOREIGN_KEY_CHECKS, FOREIGN_KEY_CHECKS=0 */;
/*!40101 SET @OLD_SQL_MODE=@@SQL_MODE, SQL_MODE='NO_AUTO_VALUE_ON_ZERO' */;
/*!40111 SET @OLD_SQL_NOTES=@@SQL_NOTES, SQL_NOTES=0 */;

--
-- Temporary view structure for view `lastcheckproductblacklist`
--

DROP TABLE IF EXISTS `lastcheckproductblacklist`;
/*!50001 DROP VIEW IF EXISTS `lastcheckproductblacklist`*/;
SET @saved_cs_client     = @@character_set_client;
/*!50503 SET character_set_client = utf8mb4 */;
/*!50001 CREATE VIEW `lastcheckproductblacklist` AS SELECT 
 1 AS `id`,
 1 AS `count`,
 1 AS `img`,
 1 AS `is_baned`,
 1 AS `neg_total`,
 1 AS `percent`,
 1 AS `product_id`,
 1 AS `product_name`,
 1 AS `scan_at`,
 1 AS `shop_id`,
 1 AS `slug`,
 1 AS `status`,
 1 AS `total`*/;
SET character_set_client = @saved_cs_client;

--
-- Temporary view structure for view `sentimentanalysis`
--

DROP TABLE IF EXISTS `sentimentanalysis`;
/*!50001 DROP VIEW IF EXISTS `sentimentanalysis`*/;
SET @saved_cs_client     = @@character_set_client;
/*!50503 SET character_set_client = utf8mb4 */;
/*!50001 CREATE VIEW `sentimentanalysis` AS SELECT 
 1 AS `product_id`,
 1 AS `shop_id`,
 1 AS `sentiment`,
 1 AS `count`*/;
SET character_set_client = @saved_cs_client;

--
-- Table structure for table `tbl_address`
--

DROP TABLE IF EXISTS `tbl_address`;
/*!40101 SET @saved_cs_client     = @@character_set_client */;
/*!50503 SET character_set_client = utf8mb4 */;
CREATE TABLE `tbl_address` (
  `location_id` bigint NOT NULL,
  `user_id` bigint NOT NULL,
  `address_type` varchar(50) NOT NULL,
  `is_default` tinyint(1) NOT NULL DEFAULT '0',
  `line` varchar(255) NOT NULL,
  PRIMARY KEY (`location_id`,`user_id`),
  KEY `FKlo13i087wmqhi0h7ffjxoljrb` (`user_id`),
  CONSTRAINT `FKlo13i087wmqhi0h7ffjxoljrb` FOREIGN KEY (`user_id`) REFERENCES `tbl_user` (`id`),
  CONSTRAINT `FKtqoty5g3w28cidewukiqp8y8i` FOREIGN KEY (`location_id`) REFERENCES `tbl_location` (`id`)
) ENGINE=InnoDB DEFAULT CHARSET=utf8mb4 COLLATE=utf8mb4_0900_ai_ci;
/*!40101 SET character_set_client = @saved_cs_client */;

--
-- Dumping data for table `tbl_address`
--

LOCK TABLES `tbl_address` WRITE;
/*!40000 ALTER TABLE `tbl_address` DISABLE KEYS */;
INSERT INTO `tbl_address` VALUES (7,1,'ADDRESS_HOME',1,'Nguyễn Trung'),(12,3,'ADDRESS_HOME',1,'Hẻm 2/9 Tú Mỡ'),(13,4,'ADDRESS_HOME',1,'Hẻm 108 Lê Tự Tài'),(14,5,'ADDRESS_HOME',1,'Đường Số 1'),(15,6,'ADDRESS_HOME',1,'Hẻm 119/7 Đường Số 7'),(16,7,'ADDRESS_HOME',1,'Hẻm 7'),(17,8,'ADDRESS_HOME',1,'Hẻm 15/13 Nguyễn Du'),(18,9,'ADDRESS_HOME',1,'Hẻm 47 Bùi Đình Túy'),(19,10,'ADDRESS_HOME',1,'Hẻm 456/31 Cao Thắng'),(20,11,'ADDRESS_HOME',1,'Hẻm 6 Nguyễn Trung Trực'),(21,12,'ADDRESS_HOME',1,'Đường số 8'),(22,13,'ADDRESS_HOME',1,'Đường Võ Văn Ngân'),(33,15,'ADDRESS_HOME',1,'Số 8');
/*!40000 ALTER TABLE `tbl_address` ENABLE KEYS */;
UNLOCK TABLES;

--
-- Table structure for table `tbl_brand`
--

DROP TABLE IF EXISTS `tbl_brand`;
/*!40101 SET @saved_cs_client     = @@character_set_client */;
/*!50503 SET character_set_client = utf8mb4 */;
CREATE TABLE `tbl_brand` (
  `id` int NOT NULL AUTO_INCREMENT,
  `description` varchar(255) DEFAULT NULL,
  `name` varchar(50) NOT NULL,
  `slug` varchar(50) NOT NULL,
  `image_id` bigint DEFAULT NULL,
  PRIMARY KEY (`id`),
  UNIQUE KEY `UK_lyyleeqmrnjseqr3vmucehdyg` (`name`),
  UNIQUE KEY `UK_5mqw8m78spl5cr3f48vi522wv` (`slug`),
  KEY `FKs9vk8hwmdvmmgovhya5xh7sfl` (`image_id`),
  CONSTRAINT `FKs9vk8hwmdvmmgovhya5xh7sfl` FOREIGN KEY (`image_id`) REFERENCES `tbl_image` (`id`)
) ENGINE=InnoDB AUTO_INCREMENT=69 DEFAULT CHARSET=utf8mb4 COLLATE=utf8mb4_0900_ai_ci;
/*!40101 SET character_set_client = @saved_cs_client */;

--
-- Dumping data for table `tbl_brand`
--

LOCK TABLES `tbl_brand` WRITE;
/*!40000 ALTER TABLE `tbl_brand` DISABLE KEYS */;
INSERT INTO `tbl_brand` VALUES (1,NULL,'Other','other',NULL),(2,NULL,'Iphone','iphone',1),(3,NULL,'Samsung','samsung',2),(4,NULL,'Oppo','oppo',3),(5,NULL,'Xiaomi','xiaomi',4),(6,NULL,'Vivo','vivo',5),(7,NULL,'Realme','realme',6),(8,NULL,'Nokia','nokia',7),(9,NULL,'Mobell','mobell',8),(10,NULL,'Itel','itel',9),(11,NULL,'Masstel','masstel',10),(12,NULL,'Acer','acer',11),(13,NULL,'Asus','asus',12),(14,NULL,'Dell','dell',13),(15,NULL,'Lenovo','lenovo',14),(16,NULL,'Thinkpad','thinkpad',NULL),(17,NULL,'Macbook','macbook',15),(18,NULL,'MSI','msi',16),(19,NULL,'Apple','apple',17),(20,NULL,'XMobile','xmobile',18),(21,NULL,'Mozard','mozard',19),(22,NULL,'Citizen','citizen',20),(23,NULL,'Esprit','esprit',21),(24,NULL,'DKNY','dkny',22),(25,NULL,'HP','hp',23),(26,NULL,'IPad','ipad',24),(27,NULL,'Huawei','huawei',25),(28,NULL,'Sony','sony',26),(29,NULL,'Watch','watch',27),(30,NULL,'Nakzen','nakzen',28),(31,NULL,'MVW','mvw',29),(32,NULL,'EILO','eilo',30),(33,NULL,'G-Shock','g-shock',31),(34,NULL,'Fossil','fossil',32),(35,NULL,'Movado','movado',33),(36,NULL,'Orient','orient',34),(37,NULL,'Casio','casio',35),(38,NULL,'LG','lg',36),(39,NULL,'FPT','fpt',37),(40,NULL,'Microsoft','microsoft',38),(41,NULL,'Logitech','logitech',39),(42,NULL,'SanDisk','sandisk',40),(43,NULL,'Panasonic','panasonic',41),(44,NULL,'Sharp','sharp',42),(45,NULL,'Aqua','aqua',43),(46,NULL,'HitaChi','hitachi',44),(47,NULL,'Hòa Phát','hoa-phat',45),(48,NULL,'Electrolux','electrolux',46),(49,NULL,'VietNamMobile','vietnammobile',47),(50,NULL,'Viettel','viettel',48),(51,NULL,'MobiPhone','mobiphone',49),(52,NULL,'VinaPhone','vinaphone',50),(53,NULL,'Canon','canon',51),(54,NULL,'Brother','brother',52),(55,NULL,'View Sonic','view-sonic',53),(56,NULL,'JBL','jbl',54),(57,NULL,'Anker','anker',55),(58,NULL,'Belkin','belkin',56),(59,NULL,'TP-Link','tp-link',57),(60,NULL,'Mercu SYS','mercu-sys',58),(61,NULL,'D-Link','d-link',59),(62,NULL,'ToTo Link','toto-link',60),(63,NULL,'Link-SYS','link-sys',61),(64,NULL,'Tenda','tenda',62),(65,NULL,'Coocaa','coocaa',63),(66,NULL,'Casper','casper',64),(67,NULL,'TCL','tcl',65),(68,NULL,'Asanzo','asanzo',66);
/*!40000 ALTER TABLE `tbl_brand` ENABLE KEYS */;
UNLOCK TABLES;

--
-- Table structure for table `tbl_category`
--

DROP TABLE IF EXISTS `tbl_category`;
/*!40101 SET @saved_cs_client     = @@character_set_client */;
/*!50503 SET character_set_client = utf8mb4 */;
CREATE TABLE `tbl_category` (
  `id` int NOT NULL AUTO_INCREMENT,
  `description` varchar(255) DEFAULT NULL,
  `name` varchar(50) NOT NULL,
  `slug` varchar(50) NOT NULL,
  `icon_id` bigint DEFAULT NULL,
  `parent_id` int DEFAULT NULL,
  `thumbnail_id` bigint DEFAULT NULL,
  PRIMARY KEY (`id`),
  UNIQUE KEY `UK_8f25rdca1qev4kqtyrxwsx0k8` (`name`),
  UNIQUE KEY `UK_gtpn74i7sp8u1u7vkbo81v9ta` (`slug`),
  KEY `FK1edxkmyf3uxpm5aa47gjuf9hy` (`icon_id`),
  KEY `FK6l2kfyw1kbyobvyqiwsrkc2g6` (`parent_id`),
  KEY `FKdjcei75jdkly1kq5o4lu5qy3d` (`thumbnail_id`),
  CONSTRAINT `FK1edxkmyf3uxpm5aa47gjuf9hy` FOREIGN KEY (`icon_id`) REFERENCES `tbl_image` (`id`),
  CONSTRAINT `FK6l2kfyw1kbyobvyqiwsrkc2g6` FOREIGN KEY (`parent_id`) REFERENCES `tbl_category` (`id`),
  CONSTRAINT `FKdjcei75jdkly1kq5o4lu5qy3d` FOREIGN KEY (`thumbnail_id`) REFERENCES `tbl_image` (`id`)
) ENGINE=InnoDB AUTO_INCREMENT=25 DEFAULT CHARSET=utf8mb4 COLLATE=utf8mb4_0900_ai_ci;
/*!40101 SET character_set_client = @saved_cs_client */;

--
-- Dumping data for table `tbl_category`
--

LOCK TABLES `tbl_category` WRITE;
/*!40000 ALTER TABLE `tbl_category` DISABLE KEYS */;
INSERT INTO `tbl_category` VALUES (1,NULL,'Các sản phẩm khác','cac-san-pham-khac',NULL,NULL,NULL),(2,NULL,'Điện Thoại','dien-thoai',67,NULL,68),(3,NULL,'Laptop','laptop',69,NULL,70),(4,NULL,'Máy Tính Bảng','may-tinh-bang',71,NULL,72),(5,NULL,'Phụ Kiện','phu-kien',73,NULL,NULL),(6,NULL,'Đồng Hồ Thông Minh','dong-ho-thong-minh',74,NULL,75),(7,NULL,'Đồng Hồ','dong-ho',76,NULL,77),(8,NULL,'PC, Máy In','pc-may-in',78,NULL,NULL),(9,NULL,'Sim, Thẻ Cào','sim-the-cao',NULL,NULL,79),(10,NULL,'Thiết Bị Mạng','thiet-bi-mang',NULL,5,80),(11,NULL,'Ốp Lưng','op-lung',NULL,5,81),(12,NULL,'Chuột Máy Tính','chuot-may-tinh',NULL,5,82),(13,NULL,'Bàn Phím','ban-phim',NULL,5,83),(14,NULL,'Loa','loa',NULL,5,84),(15,NULL,'Tai Nghe','tai-nghe',NULL,5,85),(16,NULL,'Sạc Dự Phòng','sac-du-phong',NULL,5,86),(17,NULL,'Cáp Sạc','cap-sac',NULL,5,87),(18,NULL,'Máy Tính Bộ','may-tinh-bo',NULL,8,88),(19,NULL,'Máy In','may-in',NULL,8,89),(20,NULL,'Màn Hình Máy Tính','man-hinh-may-tinh',NULL,8,90),(21,NULL,'Camera, Webcam','camera-webcam',NULL,5,91),(22,NULL,'Thiết Bị Nhà Thông Minh','thiet-bi-nha-thong-minh',NULL,5,92),(23,NULL,'Tủ lạnh','tu-lanh',NULL,5,93),(24,NULL,'Tivi','tivi',NULL,5,94);
/*!40000 ALTER TABLE `tbl_category` ENABLE KEYS */;
UNLOCK TABLES;

--
-- Table structure for table `tbl_category_brands`
--

DROP TABLE IF EXISTS `tbl_category_brands`;
/*!40101 SET @saved_cs_client     = @@character_set_client */;
/*!50503 SET character_set_client = utf8mb4 */;
CREATE TABLE `tbl_category_brands` (
  `category_id` int NOT NULL,
  `brand_id` int NOT NULL,
  PRIMARY KEY (`brand_id`,`category_id`),
  KEY `FKk3hkw8lim0jvnlbs73b5k7nos` (`category_id`),
  CONSTRAINT `FKg7vbqryrwcbhwb309k14ul1gy` FOREIGN KEY (`brand_id`) REFERENCES `tbl_brand` (`id`),
  CONSTRAINT `FKk3hkw8lim0jvnlbs73b5k7nos` FOREIGN KEY (`category_id`) REFERENCES `tbl_category` (`id`)
) ENGINE=InnoDB DEFAULT CHARSET=utf8mb4 COLLATE=utf8mb4_0900_ai_ci;
/*!40101 SET character_set_client = @saved_cs_client */;

--
-- Dumping data for table `tbl_category_brands`
--

LOCK TABLES `tbl_category_brands` WRITE;
/*!40000 ALTER TABLE `tbl_category_brands` DISABLE KEYS */;
INSERT INTO `tbl_category_brands` VALUES (2,2),(2,3),(2,4),(2,5),(2,6),(2,7),(2,8),(2,9),(2,10),(2,11),(3,10),(3,12),(3,13),(3,14),(3,15),(3,17),(3,18),(3,25),(4,3),(4,4),(4,5),(4,8),(4,11),(4,15),(4,26),(4,27),(5,3),(5,19),(5,28),(5,38),(5,39),(5,40),(5,41),(5,42),(5,43),(6,3),(6,4),(6,5),(6,7),(6,10),(6,11),(6,13),(6,29),(7,22),(7,23),(7,24),(7,30),(7,31),(7,32),(7,33),(7,34),(7,35),(7,36),(7,37),(8,13),(8,14),(8,15),(8,18),(8,19),(8,25),(9,49),(9,50),(9,51),(9,52),(10,5),(10,13),(10,59),(10,60),(10,61),(10,62),(10,63),(10,64),(11,3),(11,26),(12,13),(12,40),(12,41),(13,18),(13,40),(14,28),(14,56),(15,3),(15,19),(15,21),(15,28),(16,57),(16,58),(17,3),(17,4),(17,19),(17,20),(17,28),(17,57),(17,58),(18,13),(18,15),(18,18),(18,19),(18,25),(19,25),(19,53),(19,54),(20,3),(20,13),(20,14),(20,15),(20,18),(20,55),(22,5),(22,19),(22,39),(22,59),(23,3),(23,43),(23,44),(23,45),(23,46),(23,47),(23,48),(24,3),(24,38),(24,65),(24,66),(24,67),(24,68);
/*!40000 ALTER TABLE `tbl_category_brands` ENABLE KEYS */;
UNLOCK TABLES;

--
-- Table structure for table `tbl_comment`
--

DROP TABLE IF EXISTS `tbl_comment`;
/*!40101 SET @saved_cs_client     = @@character_set_client */;
/*!50503 SET character_set_client = utf8mb4 */;
CREATE TABLE `tbl_comment` (
  `id` bigint NOT NULL AUTO_INCREMENT,
  `comment_type` varchar(50) NOT NULL,
  `content` varchar(500) NOT NULL,
  `created_at` datetime(6) DEFAULT NULL,
  `updated_at` datetime(6) DEFAULT NULL,
  `author_id` bigint NOT NULL,
  `main_comment_id` bigint DEFAULT NULL,
  `main_feedback_id` bigint DEFAULT NULL,
  `product_id` bigint NOT NULL,
  `rely_for_user_id` bigint DEFAULT NULL,
  PRIMARY KEY (`id`),
  KEY `FK3pcr8wwnnxrvnd761qmpqx9qn` (`author_id`),
  KEY `FK3bdosgourbgxowme63b8c9cu3` (`main_comment_id`),
  KEY `FK26lqjme6s9qrmabbxsk7gmaec` (`main_feedback_id`),
  KEY `FK19bt9310a1l6tdyg41v7wbux4` (`product_id`),
  KEY `FKkufjmkvsv9442bw0h8clpxgdh` (`rely_for_user_id`),
  CONSTRAINT `FK19bt9310a1l6tdyg41v7wbux4` FOREIGN KEY (`product_id`) REFERENCES `tbl_product` (`id`),
  CONSTRAINT `FK26lqjme6s9qrmabbxsk7gmaec` FOREIGN KEY (`main_feedback_id`) REFERENCES `tbl_feedback` (`id`),
  CONSTRAINT `FK3bdosgourbgxowme63b8c9cu3` FOREIGN KEY (`main_comment_id`) REFERENCES `tbl_comment` (`id`),
  CONSTRAINT `FK3pcr8wwnnxrvnd761qmpqx9qn` FOREIGN KEY (`author_id`) REFERENCES `tbl_user` (`id`),
  CONSTRAINT `FKkufjmkvsv9442bw0h8clpxgdh` FOREIGN KEY (`rely_for_user_id`) REFERENCES `tbl_user` (`id`)
) ENGINE=InnoDB DEFAULT CHARSET=utf8mb4 COLLATE=utf8mb4_0900_ai_ci;
/*!40101 SET character_set_client = @saved_cs_client */;

--
-- Dumping data for table `tbl_comment`
--

LOCK TABLES `tbl_comment` WRITE;
/*!40000 ALTER TABLE `tbl_comment` DISABLE KEYS */;
/*!40000 ALTER TABLE `tbl_comment` ENABLE KEYS */;
UNLOCK TABLES;

--
-- Table structure for table `tbl_comment_images`
--

DROP TABLE IF EXISTS `tbl_comment_images`;
/*!40101 SET @saved_cs_client     = @@character_set_client */;
/*!50503 SET character_set_client = utf8mb4 */;
CREATE TABLE `tbl_comment_images` (
  `comment_id` bigint NOT NULL,
  `image_id` bigint NOT NULL,
  PRIMARY KEY (`comment_id`,`image_id`),
  KEY `FK8fnnfu3pmox8r84mt3p4f5xuo` (`image_id`),
  CONSTRAINT `FK8fnnfu3pmox8r84mt3p4f5xuo` FOREIGN KEY (`image_id`) REFERENCES `tbl_image` (`id`),
  CONSTRAINT `FKmcbydrsku6pnbtrfh6874r499` FOREIGN KEY (`comment_id`) REFERENCES `tbl_comment` (`id`)
) ENGINE=InnoDB DEFAULT CHARSET=utf8mb4 COLLATE=utf8mb4_0900_ai_ci;
/*!40101 SET character_set_client = @saved_cs_client */;

--
-- Dumping data for table `tbl_comment_images`
--

LOCK TABLES `tbl_comment_images` WRITE;
/*!40000 ALTER TABLE `tbl_comment_images` DISABLE KEYS */;
/*!40000 ALTER TABLE `tbl_comment_images` ENABLE KEYS */;
UNLOCK TABLES;

--
-- Table structure for table `tbl_description`
--

DROP TABLE IF EXISTS `tbl_description`;
/*!40101 SET @saved_cs_client     = @@character_set_client */;
/*!50503 SET character_set_client = utf8mb4 */;
CREATE TABLE `tbl_description` (
  `id` bigint NOT NULL AUTO_INCREMENT,
  `name` varchar(255) NOT NULL,
  PRIMARY KEY (`id`)
) ENGINE=InnoDB AUTO_INCREMENT=102 DEFAULT CHARSET=utf8mb4 COLLATE=utf8mb4_0900_ai_ci;
/*!40101 SET character_set_client = @saved_cs_client */;

--
-- Dumping data for table `tbl_description`
--

LOCK TABLES `tbl_description` WRITE;
/*!40000 ALTER TABLE `tbl_description` DISABLE KEYS */;
INSERT INTO `tbl_description` VALUES (1,'Xuất xứ thương hiệu'),(2,'Hệ điều hành'),(3,'Bluetooth'),(4,'Xuất xứ'),(5,'Loại pin'),(6,'Model'),(7,'CPU'),(8,'Loại RAM'),(9,'Card đồ họa'),(10,'Wifi'),(11,'Dung lượng ổ cứng'),(12,'Thương hiệu'),(13,'Trọng lượng sản phẩm'),(14,'Kết nối'),(15,'Độ phân giải'),(16,'RAM'),(17,'Loại ổ đĩa'),(18,'Cổng internet (LAN)'),(19,'Bộ nhớ đồ họa'),(20,'Thiết kế card'),(21,'Chip set'),(22,'Giao tiếp mạng'),(23,'Kết nối không dây khác'),(24,'Loại/ Công nghệ màn hình'),(25,'Camera'),(26,'Wireless'),(27,'Memory'),(28,'SoftWare'),(29,'VAT'),(30,'Màu sắc'),(31,'Hard Disk'),(32,'Weight'),(33,'VGA'),(34,'Bảo hành'),(35,'Battery'),(36,'Display'),(37,'Other'),(38,'Dung tích ngăn đá'),(39,'Tiện ích'),(40,'Công nghệ Inverter'),(41,'Số cửa'),(42,'Kiểu tủ lạnh'),(43,'Dung tích tổng'),(44,'Công suất'),(45,'Xuất xứ'),(46,'Dung tích ngăn lạnh'),(47,'Chất liệu khay ngăn'),(48,'Model'),(49,'Kích thước'),(50,'Công nghệ kháng khuẩn, khử mùi'),(51,'Công nghệ làm lạnh'),(52,'Điện áp'),(53,'Thương hiệu'),(54,'Công nghệ bảo quản thực phẩm'),(55,'Xuất xứ thương hiệu'),(56,'Chất liệu'),(57,'Xuất xứ thương hiệu'),(58,'Điều khiển tivi bằng điện thoại'),(59,'Kích thước có chân/đặt bàn'),(60,'USB'),(61,'Số lượng loa'),(62,'Remote thông minh'),(63,'Cổng internet (LAN)'),(64,'Xuất xứ'),(65,'Kích thước không chân/treo tường'),(66,'Kết nối không dây'),(67,'Công nghệ xử lý hình ảnh'),(68,'Cổng HDMI'),(69,'Khối lượng không chân'),(70,'Khối lượng có chân'),(71,'Tổng công suất loa'),(72,'Model'),(73,'Loại Tivi'),(74,'Công nghệ âm thanh'),(75,'Wifi'),(76,'Hệ điều hành, giao diện'),(77,'Kích thước màn hình'),(78,'Năm ra mắt'),(79,'Độ phân giải'),(80,'Thương hiệu'),(81,'Tần số quét'),(82,'Composite video'),(83,'Tivi kỹ thuật số (DVB-T2)'),(84,'Kết nối bàn phím, chuột'),(85,'Tương tác thông minh'),(86,'Hình ảnh'),(87,'Xem 3D'),(88,'Âm Thanh'),(89,'Component video'),(90,'Phim'),(91,'Phụ đề Phim'),(92,'VGA'),(93,'Chất liệu'),(94,'Chiếu hình từ điện thoại lên TV'),(95,'Loại/ Công nghệ màn hình'),(96,'Điều khiển bằng giọng nói'),(97,'Các ứng dụng sẵn có'),(98,'Xuất xứ thương hiệu'),(99,'Xuất xứ'),(100,'Model'),(101,'Thương hiệu');
/*!40000 ALTER TABLE `tbl_description` ENABLE KEYS */;
UNLOCK TABLES;

--
-- Table structure for table `tbl_description_categories`
--

DROP TABLE IF EXISTS `tbl_description_categories`;
/*!40101 SET @saved_cs_client     = @@character_set_client */;
/*!50503 SET character_set_client = utf8mb4 */;
CREATE TABLE `tbl_description_categories` (
  `description_id` bigint NOT NULL,
  `category_id` int NOT NULL,
  PRIMARY KEY (`description_id`,`category_id`),
  KEY `FKtrvqjvn9ecrcbk19f94yic7wg` (`category_id`),
  CONSTRAINT `FKin45rgvoknuiihsxplwbabcqi` FOREIGN KEY (`description_id`) REFERENCES `tbl_description` (`id`),
  CONSTRAINT `FKtrvqjvn9ecrcbk19f94yic7wg` FOREIGN KEY (`category_id`) REFERENCES `tbl_category` (`id`)
) ENGINE=InnoDB DEFAULT CHARSET=utf8mb4 COLLATE=utf8mb4_0900_ai_ci;
/*!40101 SET character_set_client = @saved_cs_client */;

--
-- Dumping data for table `tbl_description_categories`
--

LOCK TABLES `tbl_description_categories` WRITE;
/*!40000 ALTER TABLE `tbl_description_categories` DISABLE KEYS */;
INSERT INTO `tbl_description_categories` VALUES (1,3),(2,3),(3,3),(4,3),(5,3),(6,3),(7,3),(8,3),(9,3),(10,3),(11,3),(12,3),(13,3),(14,3),(15,3),(16,3),(17,3),(18,3),(19,3),(20,3),(21,3),(22,3),(23,3),(24,3),(25,3),(26,3),(27,3),(28,3),(29,3),(30,3),(31,3),(32,3),(33,3),(34,3),(35,3),(36,3),(37,3),(98,21),(99,21),(100,21),(101,21),(38,23),(39,23),(40,23),(41,23),(42,23),(43,23),(44,23),(45,23),(46,23),(47,23),(48,23),(49,23),(50,23),(51,23),(52,23),(53,23),(54,23),(55,23),(56,23),(57,24),(58,24),(59,24),(60,24),(61,24),(62,24),(63,24),(64,24),(65,24),(66,24),(67,24),(68,24),(69,24),(70,24),(71,24),(72,24),(73,24),(74,24),(75,24),(76,24),(77,24),(78,24),(79,24),(80,24),(81,24),(82,24),(83,24),(84,24),(85,24),(86,24),(87,24),(88,24),(89,24),(90,24),(91,24),(92,24),(93,24),(94,24),(95,24),(96,24),(97,24);
/*!40000 ALTER TABLE `tbl_description_categories` ENABLE KEYS */;
UNLOCK TABLES;

--
-- Table structure for table `tbl_discount`
--

DROP TABLE IF EXISTS `tbl_discount`;
/*!40101 SET @saved_cs_client     = @@character_set_client */;
/*!50503 SET character_set_client = utf8mb4 */;
CREATE TABLE `tbl_discount` (
  `id` bigint NOT NULL AUTO_INCREMENT,
  `capped_at` decimal(38,2) DEFAULT NULL,
  `code` varchar(10) NOT NULL,
  `created_at` datetime(6) DEFAULT NULL,
  `description` varchar(300) DEFAULT NULL,
  `end_date` datetime(6) DEFAULT NULL,
  `min_spend` decimal(38,2) NOT NULL,
  `name` varchar(100) DEFAULT NULL,
  `percent` double DEFAULT NULL,
  `price` decimal(38,2) DEFAULT NULL,
  `quantity` int NOT NULL,
  `start_date` datetime(6) DEFAULT NULL,
  `type` varchar(50) NOT NULL,
  `updated_at` datetime(6) DEFAULT NULL,
  `shop_id` bigint NOT NULL,
  `thumbnail_id` bigint DEFAULT NULL,
  PRIMARY KEY (`id`),
  UNIQUE KEY `UK_7a802u62iqi0cohicu6835djb` (`code`),
  KEY `FKhgbw4iostp8n868uk706432ux` (`shop_id`),
  KEY `FK76r7x904qgmngks8jrpuqrci1` (`thumbnail_id`),
  CONSTRAINT `FK76r7x904qgmngks8jrpuqrci1` FOREIGN KEY (`thumbnail_id`) REFERENCES `tbl_image` (`id`),
  CONSTRAINT `FKhgbw4iostp8n868uk706432ux` FOREIGN KEY (`shop_id`) REFERENCES `tbl_shop` (`id`)
) ENGINE=InnoDB AUTO_INCREMENT=51 DEFAULT CHARSET=utf8mb4 COLLATE=utf8mb4_0900_ai_ci;
/*!40101 SET character_set_client = @saved_cs_client */;

--
-- Dumping data for table `tbl_discount`
--

LOCK TABLES `tbl_discount` WRITE;
/*!40000 ALTER TABLE `tbl_discount` DISABLE KEYS */;
INSERT INTO `tbl_discount` VALUES (1,NULL,'5pvborozLN','2023-06-17 23:05:59.187000',NULL,'2023-07-17 23:05:59.185000',150000.00,NULL,NULL,220000.00,99,'2023-06-17 23:05:59.185000','DISCOUNT_SHOP_PRICE','2023-06-17 23:05:59.187000',3,NULL),(2,30000.00,'1g807fJkfS','2023-06-17 23:05:59.190000',NULL,'2023-07-17 23:05:59.190000',2000000.00,NULL,0.11,NULL,99,'2023-06-17 23:05:59.190000','DISCOUNT_SHOP_PERCENT','2023-06-17 23:05:59.190000',4,NULL),(3,5000000.00,'3nJoTsRZKV','2023-06-17 23:05:59.195000',NULL,'2023-07-17 23:05:59.195000',499000.00,NULL,0.5,NULL,99,'2023-06-17 23:05:59.195000','DISCOUNT_SHOP_PERCENT','2023-06-17 23:05:59.195000',4,NULL),(4,NULL,'47qfdA0HUD','2023-06-17 23:05:59.198000',NULL,'2023-07-17 23:05:59.197000',99000.00,NULL,NULL,30000.00,99,'2023-06-17 23:05:59.197000','DISCOUNT_SHOP_PRICE','2023-06-17 23:05:59.198000',4,NULL),(5,NULL,'Wa1WO18Xi5','2023-06-17 23:05:59.200000',NULL,'2023-07-17 23:05:59.200000',150000.00,NULL,NULL,40000.00,99,'2023-06-17 23:05:59.200000','DISCOUNT_SHOP_PRICE','2023-06-17 23:05:59.200000',4,NULL),(6,99000.00,'zIsmt5c4Sz','2023-06-17 23:05:59.202000',NULL,'2023-07-17 23:05:59.202000',199000.00,NULL,0.3,NULL,99,'2023-06-17 23:05:59.202000','DISCOUNT_SHOP_PERCENT','2023-06-17 23:05:59.202000',6,NULL),(7,NULL,'ZHwnsnCnbb','2023-06-17 23:05:59.204000',NULL,'2023-07-17 23:05:59.204000',99000.00,NULL,0.39,NULL,99,'2023-06-17 23:05:59.204000','DISCOUNT_SHOP_PERCENT','2023-06-17 23:05:59.204000',6,NULL),(8,NULL,'v5ImykuWFg','2023-06-17 23:05:59.207000',NULL,'2023-07-17 23:05:59.206000',199000.00,NULL,NULL,30000.00,99,'2023-06-17 23:05:59.206000','DISCOUNT_SHOP_PRICE','2023-06-17 23:05:59.207000',1,NULL),(9,NULL,'G3wIrJQaoD','2023-06-17 23:05:59.210000',NULL,'2023-07-17 23:05:59.209000',600000.00,NULL,NULL,40000.00,99,'2023-06-17 23:05:59.209000','DISCOUNT_SHOP_PRICE','2023-06-17 23:05:59.210000',5,NULL),(10,111000.00,'4UaJh2bY41','2023-06-17 23:05:59.211000',NULL,'2023-07-17 23:05:59.211000',399000.00,NULL,0.39,NULL,99,'2023-06-17 23:05:59.211000','DISCOUNT_SHOP_PERCENT','2023-06-17 23:05:59.211000',6,NULL),(11,30000.00,'OaeYJ5jS8B','2023-06-17 23:05:59.213000',NULL,'2023-07-17 23:05:59.213000',0.00,NULL,0.15,NULL,99,'2023-06-17 23:05:59.213000','DISCOUNT_SHOP_PERCENT','2023-06-17 23:05:59.213000',1,NULL),(12,NULL,'U8If497Enk','2023-06-17 23:05:59.215000',NULL,'2023-07-17 23:05:59.215000',600000.00,NULL,NULL,99000.00,99,'2023-06-17 23:05:59.215000','DISCOUNT_SHOP_PRICE','2023-06-17 23:05:59.215000',3,NULL),(13,NULL,'d6cce1eYsK','2023-06-17 23:05:59.216000',NULL,'2023-07-17 23:05:59.216000',150000.00,NULL,NULL,99000.00,99,'2023-06-17 23:05:59.216000','DISCOUNT_SHOP_PRICE','2023-06-17 23:05:59.216000',6,NULL),(14,NULL,'clKvo3Wkly','2023-06-17 23:05:59.218000',NULL,'2023-07-17 23:05:59.218000',150000.00,NULL,NULL,220000.00,99,'2023-06-17 23:05:59.218000','DISCOUNT_SHOP_PRICE','2023-06-17 23:05:59.218000',1,NULL),(15,NULL,'zP6qUfFfb4','2023-06-17 23:05:59.220000',NULL,'2023-07-17 23:05:59.220000',0.00,NULL,1,NULL,99,'2023-06-17 23:05:59.220000','DISCOUNT_SHOP_PERCENT','2023-06-17 23:05:59.220000',5,NULL),(16,NULL,'pkAPxo7DjK','2023-06-17 23:05:59.222000',NULL,'2023-07-17 23:05:59.222000',600000.00,NULL,NULL,30000.00,99,'2023-06-17 23:05:59.222000','DISCOUNT_SHOP_PRICE','2023-06-17 23:05:59.222000',1,NULL),(17,111000.00,'KFjfO6zrts','2023-06-17 23:05:59.224000',NULL,'2023-07-17 23:05:59.224000',150000.00,NULL,0.39,NULL,99,'2023-06-17 23:05:59.224000','DISCOUNT_SHOP_PERCENT','2023-06-17 23:05:59.224000',1,NULL),(18,NULL,'UUMIixUY6H','2023-06-17 23:05:59.226000',NULL,'2023-07-17 23:05:59.226000',250000.00,NULL,NULL,30000.00,99,'2023-06-17 23:05:59.226000','DISCOUNT_SHOP_PRICE','2023-06-17 23:05:59.226000',6,NULL),(19,NULL,'SZhgpubRYr','2023-06-17 23:05:59.229000',NULL,'2023-07-17 23:05:59.229000',600000.00,NULL,NULL,220000.00,99,'2023-06-17 23:05:59.229000','DISCOUNT_SHOP_PRICE','2023-06-17 23:05:59.229000',3,NULL),(20,150000.00,'985w1uCokB','2023-06-17 23:05:59.233000',NULL,'2023-07-17 23:05:59.233000',250000.00,NULL,0.49,NULL,99,'2023-06-17 23:05:59.233000','DISCOUNT_SHOP_PERCENT','2023-06-17 23:05:59.233000',6,NULL),(21,NULL,'JtEpB9umAq','2023-06-17 23:05:59.236000',NULL,'2023-07-17 23:05:59.235000',199000.00,NULL,NULL,40000.00,99,'2023-06-17 23:05:59.235000','DISCOUNT_SHOP_PRICE','2023-06-17 23:05:59.236000',2,NULL),(22,150000.00,'7TpPObtK6x','2023-06-17 23:05:59.239000',NULL,'2023-07-17 23:05:59.238000',199000.00,NULL,0.5,NULL,99,'2023-06-17 23:05:59.238000','DISCOUNT_SHOP_PERCENT','2023-06-17 23:05:59.239000',5,NULL),(23,5000000.00,'85RDR18839','2023-06-17 23:05:59.243000',NULL,'2023-07-17 23:05:59.242000',250000.00,NULL,0.15,NULL,99,'2023-06-17 23:05:59.242000','DISCOUNT_SHOP_PERCENT','2023-06-17 23:05:59.243000',6,NULL),(24,NULL,'y4vH1jSJt4','2023-06-17 23:05:59.246000',NULL,'2023-07-17 23:05:59.245000',600000.00,NULL,NULL,30000.00,99,'2023-06-17 23:05:59.245000','DISCOUNT_SHOP_PRICE','2023-06-17 23:05:59.246000',6,NULL),(25,5000000.00,'23CC4KoXFq','2023-06-17 23:05:59.249000',NULL,'2023-07-17 23:05:59.248000',199000.00,NULL,0.25,NULL,99,'2023-06-17 23:05:59.248000','DISCOUNT_SHOP_PERCENT','2023-06-17 23:05:59.249000',6,NULL),(26,99000.00,'tVEIvGNXW2','2023-06-17 23:05:59.253000',NULL,'2023-07-17 23:05:59.252000',600000.00,NULL,0.39,NULL,99,'2023-06-17 23:05:59.252000','DISCOUNT_SHOP_PERCENT','2023-06-17 23:05:59.253000',6,NULL),(27,111000.00,'OR15yOpbM6','2023-06-17 23:05:59.257000',NULL,'2023-07-17 23:05:59.256000',399000.00,NULL,0.5,NULL,99,'2023-06-17 23:05:59.256000','DISCOUNT_SHOP_PERCENT','2023-06-17 23:05:59.257000',3,NULL),(28,NULL,'O8cMdCKVFj','2023-06-17 23:05:59.261000',NULL,'2023-07-17 23:05:59.260000',399000.00,NULL,NULL,40000.00,99,'2023-06-17 23:05:59.260000','DISCOUNT_SHOP_PRICE','2023-06-17 23:05:59.261000',4,NULL),(29,NULL,'K4YIHiSyFB','2023-06-17 23:05:59.263000',NULL,'2023-07-17 23:05:59.263000',99000.00,NULL,NULL,30000.00,99,'2023-06-17 23:05:59.263000','DISCOUNT_SHOP_PRICE','2023-06-17 23:05:59.263000',1,NULL),(30,111000.00,'xelY2jDbfL','2023-06-17 23:05:59.267000',NULL,'2023-07-17 23:05:59.266000',299000.00,NULL,0.5,NULL,99,'2023-06-17 23:05:59.266000','DISCOUNT_SHOP_PERCENT','2023-06-17 23:05:59.267000',6,NULL),(31,NULL,'31Vfpanz88','2023-06-17 23:05:59.270000',NULL,'2023-07-17 23:05:59.270000',0.00,NULL,NULL,40000.00,99,'2023-06-17 23:05:59.270000','DISCOUNT_SHOP_PRICE','2023-06-17 23:05:59.270000',6,NULL),(32,111000.00,'ALoyLwwUTv','2023-06-17 23:05:59.274000',NULL,'2023-07-17 23:05:59.273000',600000.00,NULL,0.33,NULL,99,'2023-06-17 23:05:59.273000','DISCOUNT_SHOP_PERCENT','2023-06-17 23:05:59.274000',5,NULL),(33,NULL,'ekAX5Iqrmv','2023-06-17 23:05:59.279000',NULL,'2023-07-17 23:05:59.279000',199000.00,NULL,NULL,30000.00,99,'2023-06-17 23:05:59.279000','DISCOUNT_SHOP_PRICE','2023-06-17 23:05:59.279000',6,NULL),(34,111000.00,'4o83pChn6P','2023-06-17 23:05:59.283000',NULL,'2023-07-17 23:05:59.282000',600000.00,NULL,0.3,NULL,99,'2023-06-17 23:05:59.282000','DISCOUNT_SHOP_PERCENT','2023-06-17 23:05:59.283000',4,NULL),(35,111000.00,'lXUiyJOO25','2023-06-17 23:05:59.286000',NULL,'2023-07-17 23:05:59.286000',2000000.00,NULL,0.15,NULL,99,'2023-06-17 23:05:59.286000','DISCOUNT_SHOP_PERCENT','2023-06-17 23:05:59.286000',5,NULL),(36,99000.00,'daYzmTY5VC','2023-06-17 23:05:59.290000',NULL,'2023-07-17 23:05:59.289000',600000.00,NULL,0.5,NULL,99,'2023-06-17 23:05:59.289000','DISCOUNT_SHOP_PERCENT','2023-06-17 23:05:59.290000',2,NULL),(37,150000.00,'A2j0cKDQKl','2023-06-17 23:05:59.293000',NULL,'2023-07-17 23:05:59.293000',150000.00,NULL,0.15,NULL,99,'2023-06-17 23:05:59.293000','DISCOUNT_SHOP_PERCENT','2023-06-17 23:05:59.293000',2,NULL),(38,NULL,'6MawyGcj9e','2023-06-17 23:05:59.296000',NULL,'2023-07-17 23:05:59.296000',99000.00,NULL,NULL,99000.00,99,'2023-06-17 23:05:59.296000','DISCOUNT_SHOP_PRICE','2023-06-17 23:05:59.296000',3,NULL),(39,NULL,'fxEkTLT2de','2023-06-17 23:05:59.299000',NULL,'2023-07-17 23:05:59.299000',600000.00,NULL,1,NULL,99,'2023-06-17 23:05:59.299000','DISCOUNT_SHOP_PERCENT','2023-06-17 23:05:59.299000',2,NULL),(40,69000.00,'s3rU5o56oo','2023-06-17 23:05:59.303000',NULL,'2023-07-17 23:05:59.302000',250000.00,NULL,0.33,NULL,99,'2023-06-17 23:05:59.302000','DISCOUNT_SHOP_PERCENT','2023-06-17 23:05:59.303000',2,NULL),(41,NULL,'GzyCWMTutI','2023-06-17 23:05:59.306000',NULL,'2023-07-17 23:05:59.306000',250000.00,NULL,NULL,40000.00,99,'2023-06-17 23:05:59.306000','DISCOUNT_SHOP_PRICE','2023-06-17 23:05:59.306000',4,NULL),(42,5000000.00,'B0aVzYtMAs','2023-06-17 23:05:59.310000',NULL,'2023-07-17 23:05:59.309000',399000.00,NULL,0.33,NULL,99,'2023-06-17 23:05:59.309000','DISCOUNT_SHOP_PERCENT','2023-06-17 23:05:59.310000',4,NULL),(43,NULL,'yWYhXP1tkw','2023-06-17 23:05:59.313000',NULL,'2023-07-17 23:05:59.312000',99000.00,NULL,NULL,20000.00,99,'2023-06-17 23:05:59.312000','DISCOUNT_SHOP_PRICE','2023-06-17 23:05:59.313000',1,NULL),(44,NULL,'4JbrebH8XG','2023-06-17 23:05:59.316000',NULL,'2023-07-17 23:05:59.316000',0.00,NULL,NULL,20000.00,99,'2023-06-17 23:05:59.316000','DISCOUNT_SHOP_PRICE','2023-06-17 23:05:59.316000',5,NULL),(45,20000.00,'cZfQARhHho','2023-06-17 23:05:59.319000',NULL,'2023-07-17 23:05:59.318000',199000.00,NULL,0.33,NULL,99,'2023-06-17 23:05:59.318000','DISCOUNT_SHOP_PERCENT','2023-06-17 23:05:59.319000',6,NULL),(46,111000.00,'4bBAvFceuj','2023-06-17 23:05:59.322000',NULL,'2023-07-17 23:05:59.321000',99000.00,NULL,0.25,NULL,99,'2023-06-17 23:05:59.321000','DISCOUNT_SHOP_PERCENT','2023-06-17 23:05:59.322000',1,NULL),(47,NULL,'N9wLINk1i5','2023-06-17 23:05:59.324000',NULL,'2023-07-17 23:05:59.324000',150000.00,NULL,NULL,20000.00,99,'2023-06-17 23:05:59.324000','DISCOUNT_SHOP_PRICE','2023-06-17 23:05:59.324000',6,NULL),(48,69000.00,'73L3rLjQqm','2023-06-17 23:05:59.327000',NULL,'2023-07-17 23:05:59.326000',299000.00,NULL,0.59,NULL,99,'2023-06-17 23:05:59.326000','DISCOUNT_SHOP_PERCENT','2023-06-17 23:05:59.327000',3,NULL),(49,5000000.00,'L12DzckBfI','2023-06-17 23:05:59.329000',NULL,'2023-07-17 23:05:59.328000',250000.00,NULL,0.11,NULL,99,'2023-06-17 23:05:59.328000','DISCOUNT_SHOP_PERCENT','2023-06-17 23:05:59.329000',5,NULL),(50,NULL,'vtGzHdT8Lg','2023-06-17 23:05:59.331000',NULL,'2023-07-17 23:05:59.331000',0.00,NULL,0.25,NULL,99,'2023-06-17 23:05:59.331000','DISCOUNT_SHOP_PERCENT','2023-06-17 23:05:59.331000',6,NULL);
/*!40000 ALTER TABLE `tbl_discount` ENABLE KEYS */;
UNLOCK TABLES;

--
-- Table structure for table `tbl_feedback`
--

DROP TABLE IF EXISTS `tbl_feedback`;
/*!40101 SET @saved_cs_client     = @@character_set_client */;
/*!50503 SET character_set_client = utf8mb4 */;
CREATE TABLE `tbl_feedback` (
  `id` bigint NOT NULL AUTO_INCREMENT,
  `content` varchar(500) NOT NULL,
  `created_at` datetime(6) DEFAULT NULL,
  `sentiment` varchar(50) DEFAULT NULL,
  `star` int NOT NULL,
  `updated_at` datetime(6) DEFAULT NULL,
  `author_id` bigint NOT NULL,
  `product_id` bigint NOT NULL,
  PRIMARY KEY (`id`),
  KEY `FKsyamnaxfr9hk6rs5ci2gdk587` (`author_id`),
  KEY `FKshkfuiqol3wuqjl9mt8t7ravl` (`product_id`),
  CONSTRAINT `FKshkfuiqol3wuqjl9mt8t7ravl` FOREIGN KEY (`product_id`) REFERENCES `tbl_product` (`id`),
  CONSTRAINT `FKsyamnaxfr9hk6rs5ci2gdk587` FOREIGN KEY (`author_id`) REFERENCES `tbl_user` (`id`)
) ENGINE=InnoDB AUTO_INCREMENT=204 DEFAULT CHARSET=utf8mb4 COLLATE=utf8mb4_0900_ai_ci;
/*!40101 SET character_set_client = @saved_cs_client */;

--
-- Dumping data for table `tbl_feedback`
--

LOCK TABLES `tbl_feedback` WRITE;
/*!40000 ALTER TABLE `tbl_feedback` DISABLE KEYS */;
INSERT INTO `tbl_feedback` VALUES (1,'máy xài tiếc facebook phát nội dung tính năng hoàn hảo','2023-06-17 23:05:59.336000','SENTIMENT_POSITIVE',2,'2023-06-17 23:05:59.336000',10,43),(2,'mua 1 a3s cảm giác máy thiết kế đẹp camera ok game gủng mượt cấu hình trung bình 1 máy giá rẻ thái độ nhân viên nói chuyện vui vẻ nhiệt tình 5 tgdd','2023-06-17 23:05:59.339000','SENTIMENT_POSITIVE',2,'2023-06-17 23:05:59.339000',9,3),(3,'mau pin trời sai lầm mua 7 plus chán dã man biết z mua 8 plus xài ngon','2023-06-17 23:05:59.341000','SENTIMENT_NEGATIVE',1,'2023-06-17 23:05:59.341000',3,50),(4,'xài pin bền thiết kế sang trọng đẹp chụp hình đẹp mạng hài lòng','2023-06-17 23:05:59.343000','SENTIMENT_POSITIVE',5,'2023-06-17 23:05:59.343000',10,66),(5,'màn hình đẹp cảm ứng mượt ram 1g cài mấy phần mềm hơi lag 1 chút camera tạm ổn tầm giá chấp nhận đc','2023-06-17 23:05:59.345000','SENTIMENT_POSITIVE',2,'2023-06-17 23:05:59.345000',6,36),(6,'mua hôm qua đẹp pin trâu camera vân nhạy nhân viên nhiệt tình máy','2023-06-17 23:05:59.348000','SENTIMENT_POSITIVE',5,'2023-06-17 23:05:59.348000',10,74),(7,'mua ok bin hơi kém một chút cập nhật lỗi máy khởi động','2023-06-17 23:05:59.350000','SENTIMENT_POSITIVE',3,'2023-06-17 23:05:59.350000',5,7),(8,'game phòng máy lạnh ko nóng máy nhiệt độ nóng máy khuyến khích phòng máy lạnh 4 khích lệ vsmart','2023-06-17 23:05:59.352000','SENTIMENT_POSITIVE',1,'2023-06-17 23:05:59.352000',4,32),(9,'mua máy thegioididong cảm nhận 8plus mượt game vô đối cấu hình nóng máy pin ổn ngoại hình đẹp iphone x sản phẩm mua tiền','2023-06-17 23:05:59.354000','SENTIMENT_POSITIVE',4,'2023-06-17 23:05:59.354000',3,17),(10,'khen pin hao mua tụt kinh khủng cầm htkt chạy phần mềm tạm hao iphone 6 plus io 11 hao pin io 10','2023-06-17 23:05:59.357000','SENTIMENT_NEGATIVE',1,'2023-06-17 23:05:59.357000',4,3),(11,'đầu sài xài 3 tự nhiên âm lượng nhảy google tắc','2023-06-17 23:05:59.359000','SENTIMENT_NEGATIVE',2,'2023-06-17 23:05:59.359000',7,68),(12,'pin tuột max lỗi 20 đc 3p tắc pin ảo 400mah màn hình nhạy lắm chụp hình đẹp giao diện xấu 1 nhân viên tư vấn nhiệt tình 1 mua cân nhắc','2023-06-17 23:05:59.361000','SENTIMENT_NEGATIVE',2,'2023-06-17 23:05:59.361000',8,6),(13,'mua 92 tuần pin 100 tự nhiên đen màn hình bật lỗi tgdd bảo hành bảo 15 đổi máy gửi hãng iphonex lỗi e tín đồ apple 1 galaxy s8 x chán','2023-06-17 23:05:59.363000','SENTIMENT_NEGATIVE',3,'2023-06-17 23:05:59.363000',3,7),(14,'máy xài máy khay sim hơi bé xài 2 sim viettel mobifone sim viettel ok sim mobifone lắp đc lớp mạ đồng to cạnh khay hơi thất vọng sản phẩm 4','2023-06-17 23:05:59.366000','SENTIMENT_POSITIVE',4,'2023-06-17 23:05:59.366000',3,60),(15,'ok dể tróc sơn mua 2 tuần tróc sơn loa mặc dù ốp lưng','2023-06-17 23:05:59.368000','SENTIMENT_POSITIVE',1,'2023-06-17 23:05:59.368000',4,3),(16,'tầm giá vượt trội dòng điện thoại phân khúc giá thiết kế cấu hình ngoại hình đẹp độ bền ntn','2023-06-17 23:05:59.370000','SENTIMENT_POSITIVE',4,'2023-06-17 23:05:59.370000',9,62),(17,'mua sp 2 tuần ban đầu game liên quân ko tương thích phần mềm ko kết nối liên tục cập nhật phần mềm ko fix lỗi ko hài lòng chất lượng game ổn mong phản hồi công ty','2023-06-17 23:05:59.372000','SENTIMENT_NEGATIVE',4,'2023-06-17 23:05:59.372000',3,39),(18,'ưu điểm ngon bổ rẻ nhược điểm camera trâỳ xươć pin xài 1 k tinh thi ok 4sao thui','2023-06-17 23:05:59.375000','SENTIMENT_POSITIVE',1,'2023-06-17 23:05:59.375000',7,43),(19,'máy r k lag mượt hình đẹp gema chạy máy ứng dụng ngầm hao pin khởi động máy','2023-06-17 23:05:59.378000','SENTIMENT_POSITIVE',2,'2023-06-17 23:05:59.378000',4,40),(20,'máy í ban đầu quan ngại lắm liều mua xài thử pin xài lướt mượt vân hơi chậm k k nhạy đc','2023-06-17 23:05:59.380000','SENTIMENT_POSITIVE',3,'2023-06-17 23:05:59.380000',5,45),(21,'mượt mà ứng dụng thiết kế đẹp công việc pin dung lượng khó tính điện thoại chấm hài lòng','2023-06-17 23:05:59.381000','SENTIMENT_POSITIVE',5,'2023-06-17 23:05:59.381000',5,72),(22,'sản phẩm tuyệt vời anh chị viên phục vụ chu đáo nhiệt tình','2023-06-17 23:05:59.383000','SENTIMENT_POSITIVE',1,'2023-06-17 23:05:59.383000',6,52),(23,'mua a6 máy công việc ok game hơi yếu ok','2023-06-17 23:05:59.385000','SENTIMENT_POSITIVE',1,'2023-06-17 23:05:59.385000',9,33),(24,'mua 7 hiệu năng kém đầu ngon 23 xảy giật lag tác vụ thông thường reset máy 1 pin đầu sạc 2 tiếng 80 hiện giờ sạc 3 tiếng 80 hài lòng camera nét chụp đêm sai lầm 7 triệu mua','2023-06-17 23:05:59.387000','SENTIMENT_NEGATIVE',2,'2023-06-17 23:05:59.387000',7,1),(25,'san phẩm đầu xai ok mua màn hình độ tự nhiên tắt tối thui mấy a tgdd ngta ko mua xài dc 7 màn hình ánh sáng hơi thất vọng','2023-06-17 23:05:59.389000','SENTIMENT_NEGATIVE',5,'2023-06-17 23:05:59.389000',8,79),(26,'máy 2 chạy mượt thiết kế đẹp pin xài ok io ngon android sản phẩm iphone 7 plus 32gb lướt game lách mạng cấu hình chạy ổn định','2023-06-17 23:05:59.391000','SENTIMENT_POSITIVE',1,'2023-06-17 23:05:59.391000',8,17),(27,'kêu gọi bạn bè thử','2023-06-17 23:05:59.393000','SENTIMENT_POSITIVE',4,'2023-06-17 23:05:59.393000',9,39),(28,'máy mua đầu lỗi loa rè đổi màu máy chạy mượt ok đứng máy bắt wifi dòng','2023-06-17 23:05:59.395000','SENTIMENT_POSITIVE',4,'2023-06-17 23:05:59.395000',8,36),(29,'máy tầm trung cảm ứng mượt vỏ máy bám vân đề nghị ốp lưng đi kèm lắp xước máy chụp ảnh ok chụp chụp mạng tầm tiền nova 1 mia1 pin một chút','2023-06-17 23:05:59.397000','SENTIMENT_POSITIVE',2,'2023-06-17 23:05:59.397000',8,72),(30,'sản phẩm radio pin trâu bàn cãi chỉ tội bọc su rớ hai bể nhựa hơi buồn','2023-06-17 23:05:59.399000','SENTIMENT_POSITIVE',1,'2023-06-17 23:05:59.399000',8,73),(31,'máy mua hôm wa xài ngon game k lag camera cx đẹp pin hơi hao 3p tụt 1 ngon','2023-06-17 23:05:59.401000','SENTIMENT_POSITIVE',1,'2023-06-17 23:05:59.401000',6,13),(32,'máy 6 plus 32gb hôm qua máy xài mượt màn hình đẹp pin','2023-06-17 23:05:59.403000','SENTIMENT_POSITIVE',2,'2023-06-17 23:05:59.403000',9,40),(33,'2 tuần lỗi chỉnh âm lượng thành chụp màn hình to âm lượng máy tự động âm lượng im lặng rung nút ấn khóa màn hình ấn mãi k ấn dk','2023-06-17 23:05:59.406000','SENTIMENT_NEGATIVE',2,'2023-06-17 23:05:59.406000',5,11),(34,'khuyên mua sản phẩm a7 2018 lỗi phần mềm đem tgdd đổ hãng đổi máy tiền thu 1 sản phẩm lỗi sản phẩm lỗi khách hàng lừa gạt khách hàng bảo đợi hãng phần mềm phần mềm ôm máy lỗi trao đổi tự nhiên khởi động ức chế','2023-06-17 23:05:59.408000','SENTIMENT_NEGATIVE',5,'2023-06-17 23:05:59.408000',6,43),(35,'thất vọng mua tháng đầu game ok dến hai pupg mobie cảm ứng giật tùm lum loạn cảm ứng ae mua máy game như tớ mua đi bảo hành nhân viên bảo cảm ư k j','2023-06-17 23:05:59.410000','SENTIMENT_NEGATIVE',5,'2023-06-17 23:05:59.410000',5,29),(36,'máy bi lỗi liên quân lai ok nhân viên tư vấn nhiệt tình bin hài lòng','2023-06-17 23:05:59.413000','SENTIMENT_POSITIVE',3,'2023-06-17 23:05:59.413000',3,42),(37,'thiết kế gọn thanh lịch túi giá tiền tầm phân khúc điện thoại màn hình chữ nét thích hợp nguồi lớn tuổi mua mẹ xài ổn','2023-06-17 23:05:59.415000','SENTIMENT_POSITIVE',2,'2023-06-17 23:05:59.415000',6,74),(38,'tặng vui dt','2023-06-17 23:05:59.417000','SENTIMENT_POSITIVE',4,'2023-06-17 23:05:59.417000',5,50),(39,'máy xài ổn định thao tác mượt cảm ứng nhạy camera chụp k đẹp cầm nắm k cẩn thận tuột tính năng trừ thiết kế nha','2023-06-17 23:05:59.419000','SENTIMENT_POSITIVE',4,'2023-06-17 23:05:59.419000',9,32),(40,'đieenj thoại hãng máy sài mượt cảm ứng nhạy âm thanh hình ảnh sắc nét phục vụ tận tình chu đáo hài lòng','2023-06-17 23:05:59.421000','SENTIMENT_POSITIVE',1,'2023-06-17 23:05:59.421000',4,1),(41,'thiết kế mặt kính sang trọng màu sắc đẹp camera chế độ chụp máy ảnh hài lòng','2023-06-17 23:05:59.423000','SENTIMENT_POSITIVE',4,'2023-06-17 23:05:59.423000',9,79),(42,'máy xài thiết kế đẹp camera chụp đẹp hài lòng sản phẩm nhân viên nhiệt tình','2023-06-17 23:05:59.425000','SENTIMENT_POSITIVE',1,'2023-06-17 23:05:59.425000',7,32),(43,'mua hôm nay sài ok gọi loa to màn hình giao hàng','2023-06-17 23:05:59.427000','SENTIMENT_POSITIVE',4,'2023-06-17 23:05:59.427000',3,4),(44,'máy đẹp mượt gpu hơi yếu game đồ họa hơi lắc ok','2023-06-17 23:05:59.429000','SENTIMENT_POSITIVE',1,'2023-06-17 23:05:59.429000',4,29),(45,'kiểu dáng đẹp máy chạy mượt nhân viên tận tình thân thiện camera nét chụp ảnh đẹp','2023-06-17 23:05:59.431000','SENTIMENT_POSITIVE',2,'2023-06-17 23:05:59.431000',4,32),(46,'mua tgdd tp vị thanh hậu giang máy nova 3i cũ ko giấy bh sách hướng dẫn sd dán màn hình kĩ bẩn góc màn hình','2023-06-17 23:05:59.433000','SENTIMENT_NEGATIVE',5,'2023-06-17 23:05:59.433000',4,68),(47,'màn hình đẹp cảm ứng vân nhạy pin thoải mái chip cấu hình giá game mua wifi yếu 4g để ý 2 sim 4g hơi yếu tắt sim tự nhiên ok','2023-06-17 23:05:59.435000','SENTIMENT_POSITIVE',2,'2023-06-17 23:05:59.435000',10,37),(48,'máy k ổn lâm mua 1 máy lag màn hình cảm ứng nhạy rấy khó chịu','2023-06-17 23:05:59.438000','SENTIMENT_NEGATIVE',2,'2023-06-17 23:05:59.438000',9,58),(49,'mua may hum 8 6 tơi máy mượt mà pin 24 sạc 3 tiếng pin cũg game máy ko nóng độ nv tgdd nhiệt tình thank a e tgdd','2023-06-17 23:05:59.440000','SENTIMENT_POSITIVE',1,'2023-06-17 23:05:59.440000',3,45),(50,'máy cầm thiết kế sang trọng cấu hình ok camera đẹp mua tặng mẹ mẹ ưng ý','2023-06-17 23:05:59.442000','SENTIMENT_POSITIVE',3,'2023-06-17 23:05:59.442000',3,38),(51,'thiết kế sang trọng pin xài khả năng đưng tràn viền thể hiện hình ảnh hài lòng','2023-06-17 23:05:59.444000','SENTIMENT_POSITIVE',2,'2023-06-17 23:05:59.444000',9,6),(52,'ngầu pewnoy phong cách chất dơi sản phẩm diễn tả chất sản phẩm pewpew','2023-06-17 23:05:59.446000','SENTIMENT_POSITIVE',5,'2023-06-17 23:05:59.446000',9,28),(53,'thiết kế đẹp máy đứng liên quân mượt camera đẹp ok','2023-06-17 23:05:59.448000','SENTIMENT_POSITIVE',4,'2023-06-17 23:05:59.448000',7,14),(54,'nokia tệ minh xài 2thang tệ cảm ứng đơ chụp hình tối selfie xấu','2023-06-17 23:05:59.449000','SENTIMENT_NEGATIVE',2,'2023-06-17 23:05:59.449000',5,55),(55,'viền trầy','2023-06-17 23:05:59.451000','SENTIMENT_NEGATIVE',1,'2023-06-17 23:05:59.451000',10,38),(56,'điện thoại tệ mắc lỗi trầm trọng pin 4g','2023-06-17 23:05:59.453000','SENTIMENT_NEGATIVE',3,'2023-06-17 23:05:59.453000',4,51),(57,'khởi động máy','2023-06-17 23:05:59.454000','SENTIMENT_NEGATIVE',5,'2023-06-17 23:05:59.454000',8,38),(58,'sản phẩm chụp ảnh nghệ thuật đẹp pin máy khỏe máy thiết kế sang trọng','2023-06-17 23:05:59.456000','SENTIMENT_POSITIVE',5,'2023-06-17 23:05:59.456000',9,68),(59,'sản phẩm xài okie máy chạy mượt cameera chụp hình đẹp vân nhạy pin cầm hài lòng sản phẩm','2023-06-17 23:05:59.459000','SENTIMENT_POSITIVE',1,'2023-06-17 23:05:59.459000',3,14),(60,'thiết kế mạnh mẻ màu xanh đẹp viền hơi dày','2023-06-17 23:05:59.463000','SENTIMENT_POSITIVE',1,'2023-06-17 23:05:59.463000',7,70),(61,'sản phẩm tuyệt vời cấu hình game mượt camera chân thực màng hình to sp máy hơi','2023-06-17 23:05:59.468000','SENTIMENT_POSITIVE',3,'2023-06-17 23:05:59.468000',6,52),(62,'máy xài sướng tác vụ mượt mà cam đẹp chất xóa phông chuyên nghiệp máy cao cấp','2023-06-17 23:05:59.474000','SENTIMENT_POSITIVE',1,'2023-06-17 23:05:59.474000',8,2),(63,'thiết kế đẹp cầm lướt web mượt màn hình super amoled 5 5 full hd cực nét phim xài cpu mediatek helio p25 lite 8 nhân chiến game mượt pin trâu xài game 1 hài lòng sản phẩm','2023-06-17 23:05:59.481000','SENTIMENT_POSITIVE',4,'2023-06-17 23:05:59.481000',8,63),(64,'xài chuẩn day nâng iphone 6 plus 64 g xài','2023-06-17 23:05:59.487000','SENTIMENT_POSITIVE',3,'2023-06-17 23:05:59.488000',8,73),(65,'sản phẩm bền tầm giá máy thiết kế đẹp camera chụp đẹp lq mượt pgs 30 ok','2023-06-17 23:05:59.494000','SENTIMENT_POSITIVE',3,'2023-06-17 23:05:59.494000',4,31),(66,'camera chống rung quang học chụp ảnh đẹp chân thật cảm ứng mượt pie 9 hơi','2023-06-17 23:05:59.499000','SENTIMENT_POSITIVE',1,'2023-06-17 23:05:59.499000',4,80),(67,'pubg ngắm kéo mãi đéo đi loạn cmn cảm ứng chán','2023-06-17 23:05:59.503000','SENTIMENT_NEGATIVE',3,'2023-06-17 23:05:59.503000',10,22),(68,'vân tay chậm khóa mặt nhu k tai nge đồ tàu cầm','2023-06-17 23:05:59.510000','SENTIMENT_NEGATIVE',5,'2023-06-17 23:05:59.510000',5,8),(69,'bình thường máy khởi động liên tục cập nhật phần mềm bực game máy khởi động','2023-06-17 23:05:59.519000','SENTIMENT_NEGATIVE',4,'2023-06-17 23:05:59.519000',5,23),(70,'sản phẩm màn hình thao tác mượt mà màu sắc hiển thị chụp ảnh đẹp cấu hình hài lòng','2023-06-17 23:05:59.527000','SENTIMENT_POSITIVE',3,'2023-06-17 23:05:59.527000',10,25),(71,'chạy chậm thoát ứng dụng lướt face chậm rùa ức chế mua đc 3 hài lòng đổi hãng','2023-06-17 23:05:59.530000','SENTIMENT_NEGATIVE',5,'2023-06-17 23:05:59.530000',4,58),(72,'máy đăng pin hẻo sạc liên quân 3g20 phút cấu hình camera chụp đẹp máy tính vỡ nát thua điện thoại phụ nokia 8 cấu hình đem test nokia 8 cũ nokia 8 chiến thắng game pin thao tác chụp ảnh nokia đẹp đem pc nokia hình ảnh trung thực vỡ samsung','2023-06-17 23:05:59.534000','SENTIMENT_NEGATIVE',3,'2023-06-17 23:05:59.534000',3,43),(73,'đth thiết kế đẹp đèn pin nhấp nháy tắt màn hình camera đẹp nhòe mấy pin trâu sạc','2023-06-17 23:05:59.538000','SENTIMENT_POSITIVE',2,'2023-06-17 23:05:59.538000',4,25),(74,'dòng máy iphone màn hình to thao tác mặt lưng kính sang trọng đẳng cấp','2023-06-17 23:05:59.541000','SENTIMENT_POSITIVE',1,'2023-06-17 23:05:59.541000',5,33),(75,'điện thoại đẹp hình thiết kế vàng sang trọng máy mướt hao pin tuyệt vời','2023-06-17 23:05:59.544000','SENTIMENT_POSITIVE',3,'2023-06-17 23:05:59.544000',9,26),(76,'thiết kế đẹp game lướt web ok sản phẩm tầm giá tiền camera chụp hình đẹp hơi hạng chế ban đêm','2023-06-17 23:05:59.546000','SENTIMENT_POSITIVE',3,'2023-06-17 23:05:59.546000',6,66),(77,'xuất sắc tạm ổn tầm giá màn hình độ phân giải camera chụp tạm ổn tác vụ cơ bản máy chạy mượt mà','2023-06-17 23:05:59.550000','SENTIMENT_POSITIVE',5,'2023-06-17 23:05:59.551000',7,73),(78,'mua xài êm game mượt mn mua xài màn hình liên quân êm','2023-06-17 23:05:59.552000','SENTIMENT_POSITIVE',1,'2023-06-17 23:05:59.552000',7,37),(79,'loa lẫn tạp âm thiết kế đẹp gọn nhẹ pin sài giá cả hợp lí hài lòng sản phẩm','2023-06-17 23:05:59.555000','SENTIMENT_POSITIVE',3,'2023-06-17 23:05:59.555000',9,32),(80,'3 hài lòng tiết dung lượng pin hơi','2023-06-17 23:05:59.560000','SENTIMENT_POSITIVE',5,'2023-06-17 23:05:59.560000',8,24),(81,'mua nhận xét ngoại hình màn hình rỗ ý kiến cam độ phân giải màn hình tí cam độ phân giải chẳng mấy chụp hình','2023-06-17 23:05:59.562000','SENTIMENT_NEGATIVE',4,'2023-06-17 23:05:59.562000',6,54),(82,'tệ mua xài dc 1 đợi mấy tắt khởi động mấy lại nóng máu','2023-06-17 23:05:59.566000','SENTIMENT_NEGATIVE',5,'2023-06-17 23:05:59.566000',8,13),(83,'máy mượt pin khỏe màn hình pin khỏe ưng ý ngon hài lòng shop','2023-06-17 23:05:59.568000','SENTIMENT_POSITIVE',2,'2023-06-17 23:05:59.568000',7,18),(84,'nhọ mua tối 04 thiệt hại 1 chai mấy tiếng đồng hồ mua hàng kỹ càng quyết định mua','2023-06-17 23:05:59.570000','SENTIMENT_NEGATIVE',4,'2023-06-17 23:05:59.570000',7,34),(85,'sản phẩm pin trâu nóng mua tầm trung','2023-06-17 23:05:59.573000','SENTIMENT_POSITIVE',2,'2023-06-17 23:05:59.573000',6,11),(86,'mượt máy thiết kế đẹp chụp hình chuẩn nét đa nhiệm tạm','2023-06-17 23:05:59.575000','SENTIMENT_POSITIVE',1,'2023-06-17 23:05:59.575000',9,60),(87,'máy xài pin 6h 20h game lướt facebook nhắn tin gọi','2023-06-17 23:05:59.578000','SENTIMENT_POSITIVE',4,'2023-06-17 23:05:59.578000',10,14),(88,'sản phẩm tuyệt vời hài lòng lướt web chụp hình đẹp chức năng xóa phông chụp chân dung rât đep','2023-06-17 23:05:59.580000','SENTIMENT_POSITIVE',4,'2023-06-17 23:05:59.580000',7,15),(89,'tuyệt cú mèo','2023-06-17 23:05:59.582000','SENTIMENT_POSITIVE',4,'2023-06-17 23:05:59.582000',8,42),(90,'note8 mua dc 2 samsunga3 sài cùng 1 wifi note8 thường xuyên lắc chất lượng hình ảnh tắt khởi động y vậy mà note ko tải game máy sản phẩm cao cấp tệ','2023-06-17 23:05:59.584000','SENTIMENT_NEGATIVE',3,'2023-06-17 23:05:59.584000',3,60),(91,'máy thiết kế đẹp gọn màu sắc đẹp màn hình họp lớn tuổi sài pin sài tương đối âm thanh hài lòng sản phẩm','2023-06-17 23:05:59.586000','SENTIMENT_POSITIVE',4,'2023-06-17 23:05:59.586000',8,43),(92,'sân phẩm đẹp đẹp mấy thoải mái câu hình máy ok chụp hình đẹp trung thực mấy nhanh nhạy','2023-06-17 23:05:59.589000','SENTIMENT_POSITIVE',1,'2023-06-17 23:05:59.589000',6,7),(93,'máy đẹp mượt mà camera pin tạm ổn','2023-06-17 23:05:59.591000','SENTIMENT_POSITIVE',2,'2023-06-17 23:05:59.591000',8,49),(94,'mấy app chụp ảnh ví dụ b612 snow tệ hìh ảnh chụp chậm tệ','2023-06-17 23:05:59.593000','SENTIMENT_NEGATIVE',1,'2023-06-17 23:05:59.593000',7,51),(95,'mua fptshop thử hài lòng máy đẹp video yên tâm bảo hành fpt shop phục vụ nhiệt tình 3','2023-06-17 23:05:59.595000','SENTIMENT_POSITIVE',3,'2023-06-17 23:05:59.595000',8,12),(96,'máy bình ốp lưng có mặt kính vỡ xước máy game nóng lag giật','2023-06-17 23:05:59.598000','SENTIMENT_NEGATIVE',5,'2023-06-17 23:05:59.598000',4,45),(97,'mua huawei nova 2i tuyệt cảm giác iphone 6 plus tầm giá 6 triệu thiết kế đẹp mỏng gọn màn hình đẹp hình tầm giá 6 triệu tuyệt vời cầm 6 triệu sản phẩm hãng huawei nova 2i','2023-06-17 23:05:59.600000','SENTIMENT_POSITIVE',1,'2023-06-17 23:05:59.600000',3,38),(98,'điện thoại mau pin chụp hình ko khật ko mong doi dở thua oppo f3','2023-06-17 23:05:59.602000','SENTIMENT_NEGATIVE',1,'2023-06-17 23:05:59.602000',5,34),(99,'ốp lưng sp ad sp ộp ẹp gia công tệ cầm vuốt cấn vỏ khít','2023-06-17 23:05:59.603000','SENTIMENT_NEGATIVE',2,'2023-06-17 23:05:59.603000',6,13),(100,'máy sài ok pin máy chụp ảnh đẹp kết tính năng xóa phông','2023-06-17 23:05:59.606000','SENTIMENT_POSITIVE',1,'2023-06-17 23:05:59.606000',10,62),(101,'máy chạy êm đáp ứng nhu cầu mua hàng thế giới di động chất lượng','2023-06-17 23:05:59.608000','SENTIMENT_POSITIVE',3,'2023-06-17 23:05:59.608000',10,76),(102,'đt y5 2017 liên quân mượt camera chụp ảnh k đẹp lắm pin 1 lun ủng hộ tgdd','2023-06-17 23:05:59.609000','SENTIMENT_POSITIVE',5,'2023-06-17 23:05:59.609000',4,66),(103,'mặt kính rớt nhẹ vỡ hic mua đc 15 màn 18 9 viền cực đẹp mh ám vàng cam k sắ nét cam xóa phông lem nhem tạm loa to lắm chát toàn trible','2023-06-17 23:05:59.611000','SENTIMENT_NEGATIVE',3,'2023-06-17 23:05:59.611000',6,22),(104,'ban đầu mua mượt máy giật giật khó chịu mặc dù chiếm 50 dung lượng','2023-06-17 23:05:59.613000','SENTIMENT_NEGATIVE',2,'2023-06-17 23:05:59.613000',7,17),(105,'mua máy 2 tuần máy bắt wifi kém 4g chạy nổi sớm mai thức dậy máy tắt khởi động đem tgdđ đổi thái độ nhân viên htkt phục vụ kém trừ camera đẹp đẹp nét độ nhạy màn hình tệ','2023-06-17 23:05:59.614000','SENTIMENT_NEGATIVE',5,'2023-06-17 23:05:59.614000',7,46),(106,'mua ổn chậm android cập nhật miết','2023-06-17 23:05:59.616000','SENTIMENT_NEGATIVE',2,'2023-06-17 23:05:59.616000',7,71),(107,'sản phẩm mượt nhân viên phục vụ nhiệt tình thân thiện cảm nhận 1 máy chạy','2023-06-17 23:05:59.617000','SENTIMENT_POSITIVE',2,'2023-06-17 23:05:59.617000',6,37),(108,'bắt winfi kém liên quân pubg giật ko thể nổi nhắn ko hiện','2023-06-17 23:05:59.619000','SENTIMENT_NEGATIVE',3,'2023-06-17 23:05:59.619000',8,54),(109,'cảm giác bắt sóng 4g wifi ko ổn','2023-06-17 23:05:59.621000','SENTIMENT_NEGATIVE',3,'2023-06-17 23:05:59.621000',7,33),(110,'chán loa âm pas cuộc gọi dở game văng liên tục sạc máy nóng sạc mùi khét nhựa máy nhựa tư vấn kính ko chấp nhận đc chán oppo dở tệ mua hối hận','2023-06-17 23:05:59.622000','SENTIMENT_NEGATIVE',5,'2023-06-17 23:05:59.622000',3,63),(111,'pin yếu phục vụ nhu cầu buồn mong update pin','2023-06-17 23:05:59.624000','SENTIMENT_NEGATIVE',1,'2023-06-17 23:05:59.624000',10,54),(112,'tuyệt vời yêu samsung','2023-06-17 23:05:59.626000','SENTIMENT_POSITIVE',3,'2023-06-17 23:05:59.626000',8,42),(113,'điện thoại sài ok nhân viên nhiệt tinh bi lỗi 5 dmx','2023-06-17 23:05:59.627000','SENTIMENT_POSITIVE',1,'2023-06-17 23:05:59.627000',10,51),(114,'mua dc 2 tuần cảm nhận bình thường pin lướt web 23 h pin yếu camera đơ vuốt chụp màn hình khoá','2023-06-17 23:05:59.629000','SENTIMENT_NEGATIVE',2,'2023-06-17 23:05:59.629000',10,33),(115,'xài mượt thiết kế đẹp mắt cấu hình giá mềm sản phẩm hãng bảo hành uy tín tin cậy hài lòng','2023-06-17 23:05:59.631000','SENTIMENT_POSITIVE',5,'2023-06-17 23:05:59.631000',8,60),(116,'máy thiết kế đẹp mắt màn hình phim lắm cảm ứng mượt ổn tầm giá','2023-06-17 23:05:59.632000','SENTIMENT_POSITIVE',2,'2023-06-17 23:05:59.632000',8,15),(117,'1 pin ổn facebook youtube 15 pin tầm 7h 8h liên tục nha pin ổn 2 sạc hơi nóng bt 3 loạn cảm ứng test mua 4 ok trừ duy nhất giọt hơi xấu chê cảm ứng tệ chất fan tàu hàng tàu hàng sam sung chất lượng kém cấu hình s sài','2023-06-17 23:05:59.634000','SENTIMENT_POSITIVE',5,'2023-06-17 23:05:59.634000',5,16),(118,'dịch note 8 tệ câu nghĩa thành kí tự ngôn ngữ giới thiệu ok','2023-06-17 23:05:59.635000','SENTIMENT_POSITIVE',4,'2023-06-17 23:05:59.635000',9,32),(119,'mua chạy mượt giao diện đẹp pin ổn camera đẹp ok ẻm lắm','2023-06-17 23:05:59.637000','SENTIMENT_POSITIVE',3,'2023-06-17 23:05:59.637000',9,22),(120,'mua 14 12 2018 hai máy xảy lỗi báo cập nhật phiên bản hoài game pin xài hai máy xài','2023-06-17 23:05:59.639000','SENTIMENT_POSITIVE',3,'2023-06-17 23:05:59.639000',8,37),(121,'điện thoại mấy mền chụp ảnh chậm ko độ nét vàng vàng ko mua','2023-06-17 23:05:59.641000','SENTIMENT_NEGATIVE',3,'2023-06-17 23:05:59.641000',10,57),(122,'thất vọng sản phẩm bắt mắt tiện lợi gọi nhắn tin bàn phím hẹp phím bấm cứng siêu phẩm thua 3310 độ hot chất lượng','2023-06-17 23:05:59.642000','SENTIMENT_NEGATIVE',2,'2023-06-17 23:05:59.642000',5,24),(123,'đt a70 ko 4g 3g 2g sài 4g ko lắm liên quân ko đc koi youtube ko thua hàng tàu nhiu nha','2023-06-17 23:05:59.644000','SENTIMENT_NEGATIVE',1,'2023-06-17 23:05:59.644000',10,61),(124,'sản phẩm thiết kế đẹp tinh tế cấu hình ứng dụng hữu ích pin sản phẩm tuyệt vời','2023-06-17 23:05:59.647000','SENTIMENT_POSITIVE',4,'2023-06-17 23:05:59.647000',5,6),(125,'sóng điện thoại yếu chán tiếp wifi chậm đổi máy gia 8tr chẳng game mượt độ wifi wa chậm rời cục wifi xíu vô mạng','2023-06-17 23:05:59.649000','SENTIMENT_NEGATIVE',3,'2023-06-17 23:05:59.649000',9,60),(126,'sản phẩm ok cũg hơi đứg máy','2023-06-17 23:05:59.651000','SENTIMENT_POSITIVE',5,'2023-06-17 23:05:59.651000',6,29),(127,'yêu nokia 1 sài lầm tệ sản phẩm giá chức năng hụt pin ok 1 yếu sinh lý nói chơi wifi hơi nóng 3g nóng vô đối ném đi','2023-06-17 23:05:59.653000','SENTIMENT_NEGATIVE',1,'2023-06-17 23:05:59.653000',7,50),(128,'mua hồi đầu tuần màu xanh đẹp mấy thiết kế đẹp màn hình to độ tương đối camera selfie hài lòng camera tương đối cấu hình ram 2gb rom 16gb chip snapdragon 450 mượt mà hệ điều hành chiếm dung lượng không gian trống face unlock ban ngày ánh sáng ánh sáng yếu ổn lắm pin 4230mah chấp nhận 2490k lựa chọn đồng tiền bát gạo mua mã giảm giá 100k 2390k hài lòng mua sản phẩm','2023-06-17 23:05:59.655000','SENTIMENT_POSITIVE',5,'2023-06-17 23:05:59.655000',8,67),(129,'camera kép ko điện thoại 2 triệu tệ 1 1 may định ko','2023-06-17 23:05:59.658000','SENTIMENT_NEGATIVE',1,'2023-06-17 23:05:59.658000',9,49),(130,'chết màn hình bật đen cảm giác khó chịu','2023-06-17 23:05:59.660000','SENTIMENT_NEGATIVE',2,'2023-06-17 23:05:59.660000',7,16),(131,'thiết kế ổn mặt lưng nhựa giả kính sang trọng lướt web game máy cầm đầm cảm giác ok','2023-06-17 23:05:59.662000','SENTIMENT_POSITIVE',3,'2023-06-17 23:05:59.662000',6,2),(132,'ổn chế độ bảo hành mua 1 2 hm lỗi tgdd đổi mới uy tín mỗi tội viền máy xức','2023-06-17 23:05:59.665000','SENTIMENT_POSITIVE',2,'2023-06-17 23:05:59.665000',6,10),(133,'tuyệt vời mua mẹ font chữ to hơi lóe điều chỉnh','2023-06-17 23:05:59.667000','SENTIMENT_POSITIVE',1,'2023-06-17 23:05:59.667000',10,25),(134,'full hd ảnh k sắc lắm mấy video facebook màn hình nhoà nhoè k xứng lắm giá tiền','2023-06-17 23:05:59.669000','SENTIMENT_NEGATIVE',3,'2023-06-17 23:05:59.669000',3,43),(135,'sản phẩm pin cảm ứng nhạy camera chấp nhận ko nổi bật mua v giá','2023-06-17 23:05:59.670000','SENTIMENT_POSITIVE',2,'2023-06-17 23:05:59.670000',6,67),(136,'pin trâu kiểu dáng đẹp camera ổn xài liên tục 30 nóng máy nhạc lướt web game thường xuyên mua mua hoàng hà mobile giá 5760000đ ukm hài lòng đấy','2023-06-17 23:05:59.672000','SENTIMENT_POSITIVE',5,'2023-06-17 23:05:59.672000',10,17),(137,'chạy androi mượt màn hình tầm giá loa kép to cấu hình đa nhiệm pin tạm ổn 20phút liên quân cấu hình bình thường wifi 8 pin máy ấm k nóng sạc độ hoàn thiện máy nắp lưng độ rơ cầm chặt sườn đẩy nắp lưng độ hở giá mua km 3tr9 tầm giá','2023-06-17 23:05:59.674000','SENTIMENT_POSITIVE',2,'2023-06-17 23:05:59.674000',6,31),(138,'hình chụp j8 hiệu năng ổn định chất lượng ảnh bàn tuyệt đẹp túi tiền','2023-06-17 23:05:59.676000','SENTIMENT_POSITIVE',3,'2023-06-17 23:05:59.676000',3,2),(139,'máy lỡi 4g tình khắc phục kình hiệu quả xài 23 mn bật 1 sim lte sim bật 3g 2g tự động dữ liệu bật máy game mượt pin ổn xài lắm','2023-06-17 23:05:59.678000','SENTIMENT_POSITIVE',5,'2023-06-17 23:05:59.678000',9,38),(140,'máy đẹp phím bấm cao su bấm loa ấm ko hối hận bàn phím máy pin trâu xứng đáng máy gọn','2023-06-17 23:05:59.679000','SENTIMENT_POSITIVE',4,'2023-06-17 23:05:59.679000',8,25),(141,'e mua a6 1 tuân sai thây ko pin kém lướt geme chậm mua thê giơi di động q9 tphcm a6 sài ko j7 củ e j7 lướt mượt pin trâu','2023-06-17 23:05:59.681000','SENTIMENT_NEGATIVE',3,'2023-06-17 23:05:59.681000',7,72),(142,'thiết kế máy sang trọng máy pin khoẻ camera chụp đẹp sắc nét âm thanh nhạc ấm to máy cầm hài lòng màu đỏ ủng hộ','2023-06-17 23:05:59.683000','SENTIMENT_POSITIVE',2,'2023-06-17 23:05:59.683000',5,65),(143,'bảo mật tệ fb hầu như ứng dụng máy','2023-06-17 23:05:59.684000','SENTIMENT_NEGATIVE',4,'2023-06-17 23:05:59.684000',8,69),(144,'mua test bình thường lag','2023-06-17 23:05:59.686000','SENTIMENT_POSITIVE',2,'2023-06-17 23:05:59.686000',8,61),(145,'mua hồi 6 tuần máy êm pin mao kiểm tra đc bỏ túi cững dựt pin','2023-06-17 23:05:59.688000','SENTIMENT_POSITIVE',2,'2023-06-17 23:05:59.688000',7,20),(146,'wifi cực yếu lỗi ko kết nối wifi reset mấy','2023-06-17 23:05:59.690000','SENTIMENT_NEGATIVE',4,'2023-06-17 23:05:59.690000',10,66),(147,'mua điện thoại laptop đầu xài ổn máy đẹp mượt tính năng lạ khóa vân tiện camera đẹp tiện cam chức năng','2023-06-17 23:05:59.692000','SENTIMENT_POSITIVE',1,'2023-06-17 23:05:59.692000',4,3),(148,'5 sài ok nân 81 bin chờ ko hao 100 mãi bin sài 1 online dược 5đến 6h thích hợp ae mua sài ko game ổn game pin tụt mau thiết kế gọn tầm giá tạm ổn','2023-06-17 23:05:59.694000','SENTIMENT_POSITIVE',3,'2023-06-17 23:05:59.694000',3,18),(149,'p pin sd tầm 1 game cỡ 6 tiếng mk last day on earth 6 tiếng 100 50 liên quân ok fps 2831 pubg hk leo rank đc cỡ 3tr nokia ok r nhân viên nhiệt tình zt','2023-06-17 23:05:59.697000','SENTIMENT_POSITIVE',4,'2023-06-17 23:05:59.697000',4,60),(150,'máy xài êm hiện tượng giật lag camera tuyệt vời máy hiện tượng sạc 80 ngắt','2023-06-17 23:05:59.699000','SENTIMENT_POSITIVE',1,'2023-06-17 23:05:59.699000',9,6),(151,'uổng công chờ đợi cập nhật 5 samsung a70 cập nhật game mướt lỗi di chuyển k loạn phím nhắn tin cam chụp cải thiện mua đt chủ yếu game ổn','2023-06-17 23:05:59.701000','SENTIMENT_POSITIVE',5,'2023-06-17 23:05:59.701000',4,49),(152,'máy mượt pin trâu sạc siêu nhân viên phục vụ tận tình máy nhận diện khuân mặt vân ok','2023-06-17 23:05:59.703000','SENTIMENT_POSITIVE',3,'2023-06-17 23:05:59.703000',7,7),(153,'máy mua mục đích quay phim chụp ảnh 5h chiều miễn cực bếch bát xấu galaxy y chụp vậy sạc pin âm thanh nhạc toàn âm bass tệ chê camera sướng xấu gấp 3','2023-06-17 23:05:59.705000','SENTIMENT_NEGATIVE',3,'2023-06-17 23:05:59.705000',9,20),(154,'máy sài nhu cầu cơ bản lướt web youtube mạng xã hội ok chụp hình cơ bản kỷ niệm ko đẹp pin tóm giá tiền good','2023-06-17 23:05:59.706000','SENTIMENT_POSITIVE',2,'2023-06-17 23:05:59.706000',7,25),(155,'3 ok chân sạc chật pin 1 cam kết đẹp bình thường','2023-06-17 23:05:59.709000','SENTIMENT_POSITIVE',4,'2023-06-17 23:05:59.709000',3,69),(156,'máy lỗi màng hình túi ko đụng màn hình tắt chạm màn hình nội tắt 2 j vân khóa ko dc nhạy bấm 2 3 dc màn hình','2023-06-17 23:05:59.711000','SENTIMENT_NEGATIVE',1,'2023-06-17 23:05:59.711000',10,4),(157,'máy iphone máy ip7 plus pin khỏe kế bắt mắt hài lòng','2023-06-17 23:05:59.712000','SENTIMENT_POSITIVE',1,'2023-06-17 23:05:59.712000',3,56),(158,'máy mượt thiết ko chê chiến game mượt biệt liên quân','2023-06-17 23:05:59.714000','SENTIMENT_POSITIVE',4,'2023-06-17 23:05:59.714000',9,48),(159,'máy mua game mượt coi phim lag mặc dù mạng','2023-06-17 23:05:59.716000','SENTIMENT_NEGATIVE',5,'2023-06-17 23:05:59.716000',4,66),(160,'ko đc game toàn đẩy phát video sem toàn lag koém dc noi mua chấp nhận 20 đổi máy','2023-06-17 23:05:59.718000','SENTIMENT_NEGATIVE',3,'2023-06-17 23:05:59.718000',10,12),(161,'sản phẩm nokia nhẹ chất lương ổn gọi to rỏ pin chuẩn cùi bắp','2023-06-17 23:05:59.720000','SENTIMENT_POSITIVE',1,'2023-06-17 23:05:59.720000',3,48),(162,'giá hợp lý máy giật lắc mượt mà nhung 4 hình như pin máy khỏe nhu','2023-06-17 23:05:59.721000','SENTIMENT_POSITIVE',4,'2023-06-17 23:05:59.721000',7,43),(163,'thiết kế đẹp tinh tế sang trọng game giật lag phim lướt facebook mượt mà pin trâu đáp ứng nhu cầu nhu vậy ổn','2023-06-17 23:05:59.723000','SENTIMENT_POSITIVE',4,'2023-06-17 23:05:59.723000',9,4),(164,'camera 13mp chụp sắc nét trung thực ảo lòi giá cả hợp lý','2023-06-17 23:05:59.725000','SENTIMENT_POSITIVE',2,'2023-06-17 23:05:59.725000',8,12),(165,'7 củ đi tiếc v mua samsung s7 kh tiền mua s7 lắm kh đua đòi','2023-06-17 23:05:59.727000','SENTIMENT_NEGATIVE',4,'2023-06-17 23:05:59.727000',3,29),(166,'điện thoại a70 mua 2 tuần thất vọng dấu phân kém','2023-06-17 23:05:59.728000','SENTIMENT_NEGATIVE',5,'2023-06-17 23:05:59.728000',7,69),(167,'sạc pin chế độ máy bay siêu tiết kiệm pin 1 đêm máy 20 pin máy đơ','2023-06-17 23:05:59.730000','SENTIMENT_NEGATIVE',3,'2023-06-17 23:05:59.730000',10,2),(168,'máy giật lag ứng dụng nhiu hơi tệ v giá tiền','2023-06-17 23:05:59.731000','SENTIMENT_NEGATIVE',4,'2023-06-17 23:05:59.731000',9,75),(169,'sản phẩm đẹp máy chạy màu săc đẹp pin trâu cam on thế giới di động','2023-06-17 23:05:59.733000','SENTIMENT_POSITIVE',4,'2023-06-17 23:05:59.733000',6,11),(170,'hơi thất vọng pin 3500ma tụt tưởng tượng ok','2023-06-17 23:05:59.735000','SENTIMENT_POSITIVE',3,'2023-06-17 23:05:59.735000',5,33),(171,'ùng đc 1 lỗi phần mềm tự động cúp phần mềm lỗi dừng phần mềm cài đặt google play v v k ko mua phí tiền','2023-06-17 23:05:59.736000','SENTIMENT_NEGATIVE',1,'2023-06-17 23:05:59.736000',4,45),(172,'máy lỗi đơ màn hình đầu 5 phút treo màn dí nút khởi động ức chế game 60 ủy tín haiz','2023-06-17 23:05:59.739000','SENTIMENT_NEGATIVE',3,'2023-06-17 23:05:59.739000',5,26),(173,'đổi mua máy lở mua đơ camera đứng hình bật chụp ảnh chụp xong trở đứng','2023-06-17 23:05:59.741000','SENTIMENT_NEGATIVE',5,'2023-06-17 23:05:59.741000',5,47),(174,'sản phẩm xài tiết kiệm pin mượt cấu hình hài lòng chất lượng sản phẩm','2023-06-17 23:05:59.744000','SENTIMENT_POSITIVE',5,'2023-06-17 23:05:59.744000',8,44),(175,'máy ok bộ nhớ từ ngữ diễn tả zalo facebook tải j cài đặt đóng ứng dung chẳng bit j tầm giá mua lưu dữ liêu cài','2023-06-17 23:05:59.746000','SENTIMENT_NEGATIVE',1,'2023-06-17 23:05:59.746000',9,61),(176,'lỗi đổi 1 4g tắt 4g ko kết nối tắt máy khởi động kết nối đc thất vọng','2023-06-17 23:05:59.749000','SENTIMENT_NEGATIVE',4,'2023-06-17 23:05:59.749000',5,19),(177,'mua 02 ngon tầm giá pubg hd lag mượt pin trâu màu xanh đẹp lung linh hình vân nhạy lắm','2023-06-17 23:05:59.751000','SENTIMENT_POSITIVE',2,'2023-06-17 23:05:59.751000',10,73),(178,'ghét smartphone độ phản hồi chậm chạp samsung not 9 khái niệm hài lòng not 9 kể ra 30 triệu mua iphone x max not 9 yếu thế tóm lại hài lòng','2023-06-17 23:05:59.752000','SENTIMENT_POSITIVE',3,'2023-06-17 23:05:59.752000',5,79),(179,'ban đầu mấy máy nóng cầm nhắn tin 1 mấy phts ấm máy r theo dõi','2023-06-17 23:05:59.754000','SENTIMENT_NEGATIVE',4,'2023-06-17 23:05:59.754000',4,72),(180,'sp pin cấu hình mượt khả năng bắt wifi chụp hình đẹp ứng dụng thông minh tạm cảm ứng ko nhạy lắm','2023-06-17 23:05:59.756000','SENTIMENT_POSITIVE',1,'2023-06-17 23:05:59.756000',9,60),(181,'tuyệt vời máy xài 1 tiếng giá rẻ youtube zalo facebook game nhẹ ok','2023-06-17 23:05:59.759000','SENTIMENT_POSITIVE',3,'2023-06-17 23:05:59.759000',4,64),(182,'sản phẩm cực kì bền mượt mẫu mã sanh trọng phái nữ màu sắc cá tính mua hàng điện máy xanh chất lượng','2023-06-17 23:05:59.762000','SENTIMENT_POSITIVE',2,'2023-06-17 23:05:59.762000',8,12),(183,'sản phẩm ưng ý máy chụp ảnh đẹp cấu hình khỏe','2023-06-17 23:05:59.764000','SENTIMENT_POSITIVE',1,'2023-06-17 23:05:59.764000',4,76),(184,'sản phẩm thiết kế đẹp xài êm chính sách bảo hành ok nhân viên nhiệt tình vui vẻ','2023-06-17 23:05:59.766000','SENTIMENT_POSITIVE',2,'2023-06-17 23:05:59.766000',6,51),(185,'hiệu năng kém đc hiện tượng lag giật delay camera nét khó chịu rom 32gb 1 máy 11 triệu','2023-06-17 23:05:59.768000','SENTIMENT_NEGATIVE',5,'2023-06-17 23:05:59.768000',9,58),(186,'chip 625 ram3 4g rom32 64g pin 4000mah camera trc 20mp camera 20 12mp android one android 81 ngon xài ổn đấy','2023-06-17 23:05:59.770000','SENTIMENT_POSITIVE',5,'2023-06-17 23:05:59.770000',9,62),(187,'máy tất mượt pin trâu camera chụp hình đẹp ram 2g rom 16g tóm 3triệu ok','2023-06-17 23:05:59.771000','SENTIMENT_POSITIVE',3,'2023-06-17 23:05:59.771000',7,18),(188,'ổn tầm giá chức năg khoá khuôn mặt bặt hk đc mong pit cập nhật','2023-06-17 23:05:59.773000','SENTIMENT_POSITIVE',1,'2023-06-17 23:05:59.773000',7,32),(189,'bos 2018 suất sắc chê sản phẩm huawei','2023-06-17 23:05:59.775000','SENTIMENT_POSITIVE',2,'2023-06-17 23:05:59.775000',8,3),(190,'sản phẩm cấu hình ổn định pubg giật tung màn hình cam v tầm giá','2023-06-17 23:05:59.777000','SENTIMENT_NEGATIVE',1,'2023-06-17 23:05:59.777000',5,43),(191,'tệ tệ ko chổ chê xài ức chế ko dc ko s dag lm trò chất lượng thua thằng tq','2023-06-17 23:05:59.779000','SENTIMENT_NEGATIVE',4,'2023-06-17 23:05:59.779000',6,11),(192,'âm lượng thôg báo cuộc gọi','2023-06-17 23:05:59.781000','SENTIMENT_NEGATIVE',3,'2023-06-17 23:05:59.781000',7,24),(193,'camera chụp đc đẹp màn hình full hd mà viên pin 3350 đc xuất sắc','2023-06-17 23:05:59.783000','SENTIMENT_NEGATIVE',5,'2023-06-17 23:05:59.783000',5,18),(194,'xoá google search cập nhật android 9 xoá k máy oke hiệu năng ổn tầm giá 6tr chấp nhận','2023-06-17 23:05:59.785000','SENTIMENT_POSITIVE',5,'2023-06-17 23:05:59.785000',4,19),(195,'mua 540k tuyệt vời ban đầu mua tad a9 6 đọc sách tad bự bất tiện đôi máy triệu giá vô cùng tuyệt vời mấy thegioididong chi nhánh huyện tư vấn tận tình vui vẽ mây ok tầm giá chê','2023-06-17 23:05:59.788000','SENTIMENT_POSITIVE',3,'2023-06-17 23:05:59.788000',9,52),(196,'trải 1 thương hiệu samsung va iphone ok j4 nhựa máy đẹp mượt hd nét pin tụt sóng gọi va wife loa nhạc ko iphone giá ok 2 ứng dụng hàng samsung ok','2023-06-17 23:05:59.790000','SENTIMENT_POSITIVE',4,'2023-06-17 23:05:59.790000',8,5),(197,'sài tháng đầu lỗi google chrome phim lỗi 2 game giật lag loạn cảm ứng bảo nhân viên lỗi ko sửa','2023-06-17 23:05:59.792000','SENTIMENT_NEGATIVE',4,'2023-06-17 23:05:59.792000',4,25),(198,'mua samsung galaxy j7plus sài tuyệt vời pin 2 sạc 1 camera chụp ảnh nét hk ảo oppo chíp mượt mà samsung galaxy j7plus cập nhật android qtv cập nhật android 8','2023-06-17 23:05:59.793000','SENTIMENT_POSITIVE',3,'2023-06-17 23:05:59.793000',3,63),(199,'mua lag lướt fb lag vậy tải game liên quân chạy 6 đứng mặt thử','2023-06-17 23:05:59.795000','SENTIMENT_NEGATIVE',2,'2023-06-17 23:05:59.795000',4,19),(200,'sản phẩm tuyệt vời anh chị viên phục vụ chu đáo nhiệt tình','2023-06-17 23:05:59.797000','SENTIMENT_POSITIVE',3,'2023-06-17 23:05:59.797000',3,17),(201,'có lẽ','2023-07-08 21:16:44.623000','SENTIMENT_NEGATIVE',5,'2023-07-08 21:16:44.623000',15,7),(202,'có lẽ','2023-07-08 21:21:57.761000','SENTIMENT_NEGATIVE',5,'2023-07-08 21:21:57.761000',15,4),(203,'Xin chafo','2023-07-08 21:47:29.933000','SENTIMENT_NEGATIVE',5,'2023-07-08 21:47:29.933000',16,4);
/*!40000 ALTER TABLE `tbl_feedback` ENABLE KEYS */;
UNLOCK TABLES;

--
-- Table structure for table `tbl_feedback_images`
--

DROP TABLE IF EXISTS `tbl_feedback_images`;
/*!40101 SET @saved_cs_client     = @@character_set_client */;
/*!50503 SET character_set_client = utf8mb4 */;
CREATE TABLE `tbl_feedback_images` (
  `feedback_id` bigint NOT NULL,
  `image_id` bigint NOT NULL,
  PRIMARY KEY (`feedback_id`,`image_id`),
  KEY `FK6ao641xw1nq98vnpdvqy9p25m` (`image_id`),
  CONSTRAINT `FK6ao641xw1nq98vnpdvqy9p25m` FOREIGN KEY (`image_id`) REFERENCES `tbl_image` (`id`),
  CONSTRAINT `FKg735bar6093w6k0bv1l4vw54g` FOREIGN KEY (`feedback_id`) REFERENCES `tbl_feedback` (`id`)
) ENGINE=InnoDB DEFAULT CHARSET=utf8mb4 COLLATE=utf8mb4_0900_ai_ci;
/*!40101 SET character_set_client = @saved_cs_client */;

--
-- Dumping data for table `tbl_feedback_images`
--

LOCK TABLES `tbl_feedback_images` WRITE;
/*!40000 ALTER TABLE `tbl_feedback_images` DISABLE KEYS */;
/*!40000 ALTER TABLE `tbl_feedback_images` ENABLE KEYS */;
UNLOCK TABLES;

--
-- Table structure for table `tbl_image`
--

DROP TABLE IF EXISTS `tbl_image`;
/*!40101 SET @saved_cs_client     = @@character_set_client */;
/*!50503 SET character_set_client = utf8mb4 */;
CREATE TABLE `tbl_image` (
  `id` bigint NOT NULL AUTO_INCREMENT,
  `image_type` varchar(50) NOT NULL,
  `path` varchar(255) NOT NULL,
  PRIMARY KEY (`id`)
) ENGINE=InnoDB AUTO_INCREMENT=478 DEFAULT CHARSET=utf8mb4 COLLATE=utf8mb4_0900_ai_ci;
/*!40101 SET character_set_client = @saved_cs_client */;

--
-- Dumping data for table `tbl_image`
--

LOCK TABLES `tbl_image` WRITE;
/*!40000 ALTER TABLE `tbl_image` DISABLE KEYS */;
INSERT INTO `tbl_image` VALUES (1,'IMAGE_BRAND','IMAGE_BRAND/aac9e1ae8404471f86c7b2278c9b5ce5.png'),(2,'IMAGE_BRAND','IMAGE_BRAND/9d64f1945bc74e5390a6a62df8a7edcc.png'),(3,'IMAGE_BRAND','IMAGE_BRAND/d92539b2d9bf44338851ef13552f0915.jpg'),(4,'IMAGE_BRAND','IMAGE_BRAND/3cdce901606f49198304b68a919659d9.png'),(5,'IMAGE_BRAND','IMAGE_BRAND/da5e5d4f5ee54262b2a1bbe5f4e4cd6f.png'),(6,'IMAGE_BRAND','IMAGE_BRAND/6b32cec2001441349e0d3037bef9a789.png'),(7,'IMAGE_BRAND','IMAGE_BRAND/bb30cb3bf0864695a7c6f72ef639f15e.jpg'),(8,'IMAGE_BRAND','IMAGE_BRAND/38ff46febe0045719fd0b72ff6816afd.jpg'),(9,'IMAGE_BRAND','IMAGE_BRAND/6b02cb703a744b0ca19fd0a3220b0264.jpg'),(10,'IMAGE_BRAND','IMAGE_BRAND/552a5af68a024c79b392433493b4cf9f.png'),(11,'IMAGE_BRAND','IMAGE_BRAND/logo-acer-149x40.png'),(12,'IMAGE_BRAND','IMAGE_BRAND/logo-asus-149x40.png'),(13,'IMAGE_BRAND','IMAGE_BRAND/logo-dell-149x40.png'),(14,'IMAGE_BRAND','IMAGE_BRAND/logo-lenovo-149x40.png'),(15,'IMAGE_BRAND','IMAGE_BRAND/logo-macbook-149x40.png'),(16,'IMAGE_BRAND','IMAGE_BRAND/5vwoued3v1itbeyl5jjahqtr47c9doxw.png'),(17,'IMAGE_BRAND','IMAGE_BRAND/jt11uip8sxd2ufd7e3ephi2phgq5ult8.jpg'),(18,'IMAGE_BRAND','IMAGE_BRAND/n4a69p0t7wpu3ukbu1yro3jc141wn5bv.jpg'),(19,'IMAGE_BRAND','IMAGE_BRAND/f0tfbnlo8mr43xpqoikzn1xog0s6yj9m.jpg'),(20,'IMAGE_BRAND','IMAGE_BRAND/rw7ldrnjj9gf1mboigoiafbssch8l8e5.jpg'),(21,'IMAGE_BRAND','IMAGE_BRAND/ndfjjzg3d5r0y79z2y5lsmfdikyd0d3t.jpg'),(22,'IMAGE_BRAND','IMAGE_BRAND/5wtd0ga8yx79strn8fbgxp9qg2hlxp5m.jpg'),(23,'IMAGE_BRAND','IMAGE_BRAND/fniz9nvgs1fg0cflslv32oh2e81gn4o9.png'),(24,'IMAGE_BRAND','IMAGE_BRAND/xfazgu3txz34gv3yflvowxyjzc2ywwpy.jpg'),(25,'IMAGE_BRAND','IMAGE_BRAND/18def20cdzopez5q0dy52fu5xm3h951f.jpg'),(26,'IMAGE_BRAND','IMAGE_BRAND/7iaqwbntk0a3ofc0u4e9gw1t2lter8ii.jpg'),(27,'IMAGE_BRAND','IMAGE_BRAND/ubv7aqlfdww0ebjcdzdk0tk0edpibkin.png'),(28,'IMAGE_BRAND','IMAGE_BRAND/kpeoty7gx4k72z36w3rett1sytv073ot.png'),(29,'IMAGE_BRAND','IMAGE_BRAND/hjfktdo808ie1oq4091noyjusvow5qsh.jpg'),(30,'IMAGE_BRAND','IMAGE_BRAND/kv93y3xiori2b6u1l91lrarbc8ap2l45.jpg'),(31,'IMAGE_BRAND','IMAGE_BRAND/8xih56kxlj97ub6gmrd4ldhn4la921ah.jpg'),(32,'IMAGE_BRAND','IMAGE_BRAND/ri33nmzk7aelb9fq1d6wsv9nw9jpzymm.jpg'),(33,'IMAGE_BRAND','IMAGE_BRAND/y3hz8ir13zegwy5rhjq9wl259ya371ap.jpg'),(34,'IMAGE_BRAND','IMAGE_BRAND/j7abb4strin4nss3jnwb9oju4wa4wxe5.jpg'),(35,'IMAGE_BRAND','IMAGE_BRAND/svla5twvnomb3j595optofb932b7c8q3.jpg'),(36,'IMAGE_BRAND','IMAGE_BRAND/pwl0bhffh0eolwa0f5m9zfbp9zw803ui.png'),(37,'IMAGE_BRAND','IMAGE_BRAND/d5n55bo9wmptxotu540koih2t4q6o89g.jpeg'),(38,'IMAGE_BRAND','IMAGE_BRAND/2msdtvpz5rxw5tb8zfvuduwb6d166tdz.jpg'),(39,'IMAGE_BRAND','IMAGE_BRAND/i163w9o5tev99i7bt29wytw6a0c2qjw6.jpg'),(40,'IMAGE_BRAND','IMAGE_BRAND/4ouvbvxao3breaupz540pvn2qymm90le.png'),(41,'IMAGE_BRAND','IMAGE_BRAND/99ihqv46ybzjky6c3xq2sdzvq26f04xr.png'),(42,'IMAGE_BRAND','IMAGE_BRAND/2560px-Logo_of_the_Sharp_Corporation.svg.png'),(43,'IMAGE_BRAND','IMAGE_BRAND/aqua-logo.png'),(44,'IMAGE_BRAND','IMAGE_BRAND/Hitachi_logo_PNG4.png'),(45,'IMAGE_BRAND','IMAGE_BRAND/Logo-Hoa-Phat-HPG-H.jpg'),(46,'IMAGE_BRAND','IMAGE_BRAND/electrolux.png'),(47,'IMAGE_BRAND','IMAGE_BRAND/vbp16shygohse0z827hgjwncwlhooqxy.png'),(48,'IMAGE_BRAND','IMAGE_BRAND/ragfne1htfjbkcqowyzpl00lih1cyxxe.png'),(49,'IMAGE_BRAND','IMAGE_BRAND/uy721spxh2d5vrn0p2q7j148c9pgt967.png'),(50,'IMAGE_BRAND','IMAGE_BRAND/l2f1eryngcqms4g8cvl8xik1xloskcw8.png'),(51,'IMAGE_BRAND','IMAGE_BRAND/yodujh3p7vi970ptzmr1c6rad1bmw19j.jpeg'),(52,'IMAGE_BRAND','IMAGE_BRAND/a2lzckhwqp6kid2zc3f2g8zdj2whyby0.jpeg'),(53,'IMAGE_BRAND','IMAGE_BRAND/cyx4qgygqehamx7zvilvmr6tu4x6qdfx.png'),(54,'IMAGE_BRAND','IMAGE_BRAND/vrk7n120tm37ewsbs2q6qympikri6g33.jpeg'),(55,'IMAGE_BRAND','IMAGE_BRAND/fqd4nqg7ddch28g39j9uhst772gj582e.png'),(56,'IMAGE_BRAND','IMAGE_BRAND/6hk4dnjtyw8j1t00x1g9952p3lhk4rf7.jpeg'),(57,'IMAGE_BRAND','IMAGE_BRAND/jl4rz3c0qx3d0w4cfndvrzi49ug8r9pn.jpg'),(58,'IMAGE_BRAND','IMAGE_BRAND/pfpfsghoe1c5rgwxmjx8rgvqcxw6n28l.jpg'),(59,'IMAGE_BRAND','IMAGE_BRAND/iai7o2ao5j9het34p8m3yj25b7xrdh4k.jpeg'),(60,'IMAGE_BRAND','IMAGE_BRAND/lj2f99hzbd63xdt5zmlvw9g8srylwf3e.jpg'),(61,'IMAGE_BRAND','IMAGE_BRAND/fwwo3200zel37t69stjnqhno7i1limgh.jpg'),(62,'IMAGE_BRAND','IMAGE_BRAND/11c24dio8b31oowofno2gbuhbluzd5dn.png'),(63,'IMAGE_BRAND','IMAGE_BRAND/coocaa-Logo.png'),(64,'IMAGE_BRAND','IMAGE_BRAND/Casper_Sleep_logo.svg.png'),(65,'IMAGE_BRAND','IMAGE_BRAND/Logo_of_the_TCL_Corporation.svg.png'),(66,'IMAGE_BRAND','IMAGE_BRAND/logo.webp'),(67,'IMAGE_CATEGORY','IMAGE_CATEGORY/0aa430f078094cb39c73ddd65273c7ed.png'),(68,'IMAGE_CATEGORY','IMAGE_CATEGORY/498ugyugr9ykbnveumsa86b5wc6e0qkt.png'),(69,'IMAGE_CATEGORY','IMAGE_CATEGORY/b611aa2b2f774670876a9d13e51cc7a3.png'),(70,'IMAGE_CATEGORY','IMAGE_CATEGORY/usq395chzsb8zxm5twkb04sir1w8z1ah.png'),(71,'IMAGE_CATEGORY','IMAGE_CATEGORY/cbc08bdddbe04379902dbd6ee1bfa688.png'),(72,'IMAGE_CATEGORY','IMAGE_CATEGORY/d1easb1ubyaf0rjgawucpkv9hd1464rc.png'),(73,'IMAGE_CATEGORY','IMAGE_CATEGORY/a04dbfd06a2a4df6aeb25d23c4420544.png'),(74,'IMAGE_CATEGORY','IMAGE_CATEGORY/ea0309102f4849c6b52fa1b0e12fb99f.png'),(75,'IMAGE_CATEGORY','IMAGE_CATEGORY/bt81mbkyr335bj7oy8b19jy1i8z6tsgi.png'),(76,'IMAGE_CATEGORY','IMAGE_CATEGORY/bcd09523358047fc9315d42d6d010009.png'),(77,'IMAGE_CATEGORY','IMAGE_CATEGORY/co54eesb7422xielx80uysc0umbweg26.png'),(78,'IMAGE_CATEGORY','IMAGE_CATEGORY/4f82b467c6bf4d03a5ea8a5c2a8f68a0.png'),(79,'IMAGE_CATEGORY','IMAGE_CATEGORY/qkakigfur2i924gkdsxkek3djx0znoxv.png'),(80,'IMAGE_CATEGORY','IMAGE_CATEGORY/gze1k5m9g5q7wo1pbl0291uwrpjoo7nj.png'),(81,'IMAGE_CATEGORY','IMAGE_CATEGORY/ax01oeggq8usqsmjz5mdnxtuxaod7814.png'),(82,'IMAGE_CATEGORY','IMAGE_CATEGORY/j2ac6yc8u4xincm095m893kzrvng35a1.png'),(83,'IMAGE_CATEGORY','IMAGE_CATEGORY/984ipq5qaeoicupodw7at32lqvory604.png'),(84,'IMAGE_CATEGORY','IMAGE_CATEGORY/olek7max5x8vlk0pn1l6ud5uhizwgdh0.png'),(85,'IMAGE_CATEGORY','IMAGE_CATEGORY/hkitjl9vpp3owitkkb5foprtlqrs5454.png'),(86,'IMAGE_CATEGORY','IMAGE_CATEGORY/31n6ah58dicld5n5aihexs6vdr1g8bba.png'),(87,'IMAGE_CATEGORY','IMAGE_CATEGORY/unxowi1qobpazcjpvf6g2rr0yzzy9s26.png'),(88,'IMAGE_CATEGORY','IMAGE_CATEGORY/16qg9ng02rvdk13qfq04fftt6dvu1cz6.png'),(89,'IMAGE_CATEGORY','IMAGE_CATEGORY/q19in86smktb2xhfjz3q7cuvc6il0gwx.png'),(90,'IMAGE_CATEGORY','IMAGE_CATEGORY/vdmt24263lcb3jtzk3r5cw4liduez6x4.png'),(91,'IMAGE_CATEGORY','IMAGE_CATEGORY/9s0n62iw3w68p2uymk2fpjp6dh28p5mr.png'),(92,'IMAGE_CATEGORY','IMAGE_CATEGORY/br4rvt30ehot68kpvpgel3a36x8egefz.png'),(93,'IMAGE_CATEGORY','IMAGE_CATEGORY/download.jpg'),(94,'IMAGE_CATEGORY','IMAGE_CATEGORY/television-logo-design_412311-3881.webp'),(95,'IMAGE_SHOP','IMAGE_SHOP/a0c248661f5eb79154aaf6a68694412f_tn.jpg'),(96,'IMAGE_SHOP_BACKGROUND','IMAGE_SHOP_BACKGROUND/cc071e3f5902c71e6319ad723047450e_tn.jpg'),(97,'IMAGE_SHOP','IMAGE_SHOP/9dc2fb6e38bf9c5b71dff224206b3b9c_tn.png'),(98,'IMAGE_SHOP_BACKGROUND','IMAGE_SHOP_BACKGROUND/8a7f0ccf07ede9528687465d28122b62_tn.jpg'),(99,'IMAGE_SHOP','IMAGE_SHOP/d3343e34b9e18b3114a7ea6f1c134691_tn.jpg'),(100,'IMAGE_SHOP_BACKGROUND','IMAGE_SHOP_BACKGROUND/83d79e88e5cf7c8d9f87b458eb26a148_tn.jpg'),(101,'IMAGE_SHOP','IMAGE_SHOP/d0c9753c42f92c611f603d9e157df22c_tn.png'),(102,'IMAGE_SHOP_BACKGROUND','IMAGE_SHOP_BACKGROUND/2d9a458d3a8a57e1aa5a6e669048b36d_tn.jpg'),(103,'IMAGE_SHOP','IMAGE_SHOP/6e80d189ff9edc2a580217b427d209b0_tn.jpg'),(104,'IMAGE_SHOP_BACKGROUND','IMAGE_SHOP_BACKGROUND/3a0555857f16be8625e35c80ffe61638_tn.jpg'),(105,'IMAGE_SHOP','IMAGE_SHOP/fc050d5aec10b15c10031fca06007b3c_tn.jpg'),(106,'IMAGE_SHOP_BACKGROUND','IMAGE_SHOP_BACKGROUND/2de3af7035ab40e931ca231e291853dd_tn.jpg'),(107,'IMAGE_SHOP','IMAGE_SHOP/a2c4553100a451d866c9eb44928ede68_tn.jpg'),(108,'IMAGE_SHOP_BACKGROUND','IMAGE_SHOP_BACKGROUND/519193eb165324541f467893fdc68765_tn.jpg'),(109,'IMAGE_PRODUCT','IMAGE_PRODUCT/wz5ybvug2v1fice49vtk8ihvxm5fml7n.jpg'),(110,'IMAGE_PRODUCT','IMAGE_PRODUCT/5uh3kxfylucxbl4zcl2hjxga78q7w3sd.png'),(111,'IMAGE_PRODUCT','IMAGE_PRODUCT/4fkue0gwjtkewij5zaxpvbnraerjtb7b.jpg'),(112,'IMAGE_PRODUCT','IMAGE_PRODUCT/2s54kr7xfx0u0uafwscuk88cjnsihmn6.jpg'),(113,'IMAGE_PRODUCT','IMAGE_PRODUCT/rtds2by05fjl87iv6i5wukw0hzin35kv.jpeg'),(114,'IMAGE_PRODUCT','IMAGE_PRODUCT/4pq1497ob6x2wbtw80i1rw74ctwsx8wn.jpg'),(115,'IMAGE_PRODUCT','IMAGE_PRODUCT/m2a3b6jeioshmsbjjjioljojxvh0z02q.jpg'),(116,'IMAGE_PRODUCT','IMAGE_PRODUCT/ava-plus-ds005-pp-thumb-600x600.jpeg'),(117,'IMAGE_PRODUCT','IMAGE_PRODUCT/aw2kh2whgu1ehaxjeznpi8t7gua9xr6g.jpeg'),(118,'IMAGE_PRODUCT','IMAGE_PRODUCT/mz18q98nht286ps2ei230h6f0pic6ip0.jpeg'),(119,'IMAGE_PRODUCT','IMAGE_PRODUCT/4pq1497ob6x2wbtw80i1rw74ctwsx8wn.jpg'),(120,'IMAGE_PRODUCT','IMAGE_PRODUCT/68fx28jk93n2opzg162ezj62gnr7a265.jpg'),(121,'IMAGE_PRODUCT','IMAGE_PRODUCT/68fx28jk93n2opzg162ezj62gnr7a265.jpg'),(122,'IMAGE_PRODUCT','IMAGE_PRODUCT/cj3hfpo01q0ajrmfvhqcuqwdqke53ygw.jpg'),(123,'IMAGE_PRODUCT','IMAGE_PRODUCT/yq4ldqh8a0e0lciop8zg4rrd8vzvkx75.jpg'),(124,'IMAGE_PRODUCT','IMAGE_PRODUCT/rm8y5o5qnb2focjot6iuosx8hgyzx8eu.jpeg'),(125,'IMAGE_PRODUCT','IMAGE_PRODUCT/6ed2u95i3ybyoimjwnyfv8902x96bo5g.jpg'),(126,'IMAGE_PRODUCT','IMAGE_PRODUCT/7z3ls9yben0mevtlpsbxj6lsrre8nlj2.jpg'),(127,'IMAGE_PRODUCT','IMAGE_PRODUCT/fV0F68z9vGdRV6fppN1tJHd3cBMihtlp.jpg'),(128,'IMAGE_PRODUCT','IMAGE_PRODUCT/rVk8YHqvMgWmztAcCEDJg6vgUycg3Jji.jpeg'),(129,'IMAGE_PRODUCT','IMAGE_PRODUCT/44uexhsraf1xm5mgenwxvubobjhpbgny.jpg'),(130,'IMAGE_PRODUCT','IMAGE_PRODUCT/44uexhsraf1xm5mgenwxvubobjhpbgny.jpg'),(131,'IMAGE_PRODUCT','IMAGE_PRODUCT/44uexhsraf1xm5mgenwxvubobjhpbgny.jpg'),(132,'IMAGE_PRODUCT','IMAGE_PRODUCT/44uexhsraf1xm5mgenwxvubobjhpbgny.jpg'),(133,'IMAGE_PRODUCT','IMAGE_PRODUCT/44uexhsraf1xm5mgenwxvubobjhpbgny.jpg'),(134,'IMAGE_PRODUCT','IMAGE_PRODUCT/44uexhsraf1xm5mgenwxvubobjhpbgny.jpg'),(135,'IMAGE_PRODUCT','IMAGE_PRODUCT/44uexhsraf1xm5mgenwxvubobjhpbgny.jpg'),(136,'IMAGE_PRODUCT','IMAGE_PRODUCT/44uexhsraf1xm5mgenwxvubobjhpbgny.jpg'),(137,'IMAGE_PRODUCT','IMAGE_PRODUCT/68fx28jk93n2opzg162ezj62gnr7a265.jpg'),(138,'IMAGE_PRODUCT','IMAGE_PRODUCT/68fx28jk93n2opzg162ezj62gnr7a265.jpg'),(139,'IMAGE_PRODUCT','IMAGE_PRODUCT/44uexhsraf1xm5mgenwxvubobjhpbgny.jpg'),(140,'IMAGE_PRODUCT','IMAGE_PRODUCT/iojb0099pi5z2r28o21n2v0y30q5dyde.jpg'),(141,'IMAGE_PRODUCT','IMAGE_PRODUCT/surasj24jb7ut26fn6i2o248gtt33q0c.jpg'),(142,'IMAGE_PRODUCT','IMAGE_PRODUCT/surasj24jb7ut26fn6i2o248gtt33q0c.jpg'),(143,'IMAGE_PRODUCT','IMAGE_PRODUCT/68fx28jk93n2opzg162ezj62gnr7a265.jpg'),(144,'IMAGE_PRODUCT','IMAGE_PRODUCT/3deffrpscectxlmmxdq53exi26tddsf1.jpg'),(145,'IMAGE_PRODUCT','IMAGE_PRODUCT/FVcCBoamZx8LO6OZLDHy8bJBAZNsyQ4P.jpg'),(146,'IMAGE_PRODUCT','IMAGE_PRODUCT/ms6mehgsbm389151mm9fbabkrnrcsxao.jpg'),(147,'IMAGE_PRODUCT','IMAGE_PRODUCT/esprit-es1l336l0035-nu-thumb-600x600.jpg'),(148,'IMAGE_PRODUCT','IMAGE_PRODUCT/hdy9vzrefhc48na2w9ys7hfxkd85ryr7.png'),(149,'IMAGE_PRODUCT','IMAGE_PRODUCT/a5c1704a6be312795c6a47b0b347687d.jpg'),(150,'IMAGE_PRODUCT_GALLERY','IMAGE_PRODUCT_GALLERY/64ade1e894f13838fdb0831b9c611ceb.jpg'),(151,'IMAGE_PRODUCT_GALLERY','IMAGE_PRODUCT_GALLERY/a885170e788a6f5e3dd8d0711ed3c6e2.jpg'),(152,'IMAGE_PRODUCT_GALLERY','IMAGE_PRODUCT_GALLERY/65a6731d4a032c318cc13fefbd84e403.jpg'),(153,'IMAGE_PRODUCT_GALLERY','IMAGE_PRODUCT_GALLERY/25e506c702bcd114807d47654eb3ef24.jpg'),(154,'IMAGE_PRODUCT','IMAGE_PRODUCT/a20ac84526ab0eb71b0ed8772f67dab5.png'),(155,'IMAGE_PRODUCT_GALLERY','IMAGE_PRODUCT_GALLERY/b8577379dcd4d0534fc0a8c0dc508700.jpg'),(156,'IMAGE_PRODUCT_GALLERY','IMAGE_PRODUCT_GALLERY/f88549392f7363680b08131f45c5f467.jpg'),(157,'IMAGE_PRODUCT_GALLERY','IMAGE_PRODUCT_GALLERY/033137ef5c98f5be9c9e529602e3a562.jpg'),(158,'IMAGE_PRODUCT_GALLERY','IMAGE_PRODUCT_GALLERY/a20ac84526ab0eb71b0ed8772f67dab5.png'),(159,'IMAGE_PRODUCT_GALLERY','IMAGE_PRODUCT_GALLERY/739d10ed9d95d6e5a30c4a8720353447.jpg'),(160,'IMAGE_PRODUCT_GALLERY','IMAGE_PRODUCT_GALLERY/d6126d7647193b1c021ef3b36d682256.jpg'),(161,'IMAGE_PRODUCT','IMAGE_PRODUCT/61de5262edc2c0c23b693a3142f28545.png'),(162,'IMAGE_PRODUCT_GALLERY','IMAGE_PRODUCT_GALLERY/caae25ae9ebf0e354ca7bc9638e04eff.jpg'),(163,'IMAGE_PRODUCT_GALLERY','IMAGE_PRODUCT_GALLERY/61de5262edc2c0c23b693a3142f28545.png'),(164,'IMAGE_PRODUCT_GALLERY','IMAGE_PRODUCT_GALLERY/f66c0eff33287acb58fd6b2c95de0b94.png'),(165,'IMAGE_PRODUCT_GALLERY','IMAGE_PRODUCT_GALLERY/e34088e8c7066e039faf7a9218c8eff9.jpg'),(166,'IMAGE_PRODUCT_GALLERY','IMAGE_PRODUCT_GALLERY/2fdf65ccfa9fe39aeab799dffa063b23.png'),(167,'IMAGE_PRODUCT','IMAGE_PRODUCT/cde8081e0b3dad57dff98792f8f07009.jpg'),(168,'IMAGE_PRODUCT_GALLERY','IMAGE_PRODUCT_GALLERY/1011e3ab318ab8f3d14967e7b2ae2eb3.jpg'),(169,'IMAGE_PRODUCT_GALLERY','IMAGE_PRODUCT_GALLERY/d74d8e6b6adb2b1fdda35165e0f8f43b.jpg'),(170,'IMAGE_PRODUCT_GALLERY','IMAGE_PRODUCT_GALLERY/e5ab1bb39222b193dcce0809e8dc8796.jpg'),(171,'IMAGE_PRODUCT_GALLERY','IMAGE_PRODUCT_GALLERY/f05f54b5eeef810f376a0e0d456fab9e.jpg'),(172,'IMAGE_PRODUCT_GALLERY','IMAGE_PRODUCT_GALLERY/3c5c2964b7e5b44a773e8484ca7fe2bb.jpg'),(173,'IMAGE_PRODUCT','IMAGE_PRODUCT/30175cfef628b991ebf045b856eb7975.jpg'),(174,'IMAGE_PRODUCT_GALLERY','IMAGE_PRODUCT_GALLERY/84db9a4f26c7829f9396bdd73a476646.jpg'),(175,'IMAGE_PRODUCT_GALLERY','IMAGE_PRODUCT_GALLERY/a442a1a7d6d65c874add81595147facd.jpg'),(176,'IMAGE_PRODUCT_GALLERY','IMAGE_PRODUCT_GALLERY/0ea584fd8db44147da78494ab5f4a8ea.png'),(177,'IMAGE_PRODUCT_GALLERY','IMAGE_PRODUCT_GALLERY/b406b7391b90c8455a30193acaac74b5.png'),(178,'IMAGE_PRODUCT_GALLERY','IMAGE_PRODUCT_GALLERY/1c9bca5d2a252ee4b4223ddd58cbdd3f.jpg'),(179,'IMAGE_PRODUCT_GALLERY','IMAGE_PRODUCT_GALLERY/e22ffa3b7ba4a02312a2e6fbd0276344.png'),(180,'IMAGE_PRODUCT_GALLERY','IMAGE_PRODUCT_GALLERY/6a0f4c8d5556c3f86fecbf2f19db8fd3.jpg'),(181,'IMAGE_PRODUCT_GALLERY','IMAGE_PRODUCT_GALLERY/b76b743ca15aee6fe0b47e3482745a5c.jpg'),(182,'IMAGE_PRODUCT_GALLERY','IMAGE_PRODUCT_GALLERY/ffcc41f4adf0562200f7cb568f14b32d.png'),(183,'IMAGE_PRODUCT_GALLERY','IMAGE_PRODUCT_GALLERY/b1b5efb933a42df7657a352b0850e3ca.png'),(184,'IMAGE_PRODUCT','IMAGE_PRODUCT/455cd70b893a01f4fa432dc2db2ec80c.jpg'),(185,'IMAGE_PRODUCT_GALLERY','IMAGE_PRODUCT_GALLERY/975c6b771410fbf3e63bd164b34b0ec2.jpg'),(186,'IMAGE_PRODUCT_GALLERY','IMAGE_PRODUCT_GALLERY/35f72bfad50149fb49e51ac73eca419c.jpg'),(187,'IMAGE_PRODUCT_GALLERY','IMAGE_PRODUCT_GALLERY/bc042bb67122cceea04ddd63c2ba4a02.jpg'),(188,'IMAGE_PRODUCT_GALLERY','IMAGE_PRODUCT_GALLERY/8bb5271ea4ac58c3ed856844da8ac277.jpg'),(189,'IMAGE_PRODUCT_GALLERY','IMAGE_PRODUCT_GALLERY/4dcab27138d4fd61bc2c6293bc2d8fbb.jpg'),(190,'IMAGE_PRODUCT_GALLERY','IMAGE_PRODUCT_GALLERY/c732ba31a087d76d1ef8a0e677623c1c.jpg'),(191,'IMAGE_PRODUCT_GALLERY','IMAGE_PRODUCT_GALLERY/38e79fafb720127172c434c66a40d89b.jpg'),(192,'IMAGE_PRODUCT_GALLERY','IMAGE_PRODUCT_GALLERY/b20dcefad6725c14a5bdc816b884fe9e.jpg'),(193,'IMAGE_PRODUCT_GALLERY','IMAGE_PRODUCT_GALLERY/7fd1a39e2a24f4cc5910ae7fac05a498.jpg'),(194,'IMAGE_PRODUCT','IMAGE_PRODUCT/1714e39c1f5fa691d50cc9411f765c9f.jpg'),(195,'IMAGE_PRODUCT_GALLERY','IMAGE_PRODUCT_GALLERY/4e256962969365a329e2256afac59b04.png'),(196,'IMAGE_PRODUCT_GALLERY','IMAGE_PRODUCT_GALLERY/55b5afd6bf6e5f3edc342122da8c5391.png'),(197,'IMAGE_PRODUCT_GALLERY','IMAGE_PRODUCT_GALLERY/d1e8a72bfe7eae357e600510bb39f1d2.png'),(198,'IMAGE_PRODUCT_GALLERY','IMAGE_PRODUCT_GALLERY/0159021820bd33df4d9f88585f5e3d6e.png'),(199,'IMAGE_PRODUCT','IMAGE_PRODUCT/248fc945469dac7ad47b94fc36319cc0.jpg'),(200,'IMAGE_PRODUCT_GALLERY','IMAGE_PRODUCT_GALLERY/87bbe310027b4d3a89fecda6b35aa839.jpg'),(201,'IMAGE_PRODUCT_GALLERY','IMAGE_PRODUCT_GALLERY/38776c85ca524bbde2ab240afe10e2ce.jpg'),(202,'IMAGE_PRODUCT_GALLERY','IMAGE_PRODUCT_GALLERY/bff39e49c2b3620289977ec240cc6906.jpg'),(203,'IMAGE_PRODUCT_GALLERY','IMAGE_PRODUCT_GALLERY/eead932240e8be215f342c23af265fd7.jpg'),(204,'IMAGE_PRODUCT_GALLERY','IMAGE_PRODUCT_GALLERY/9b74354498138aecf37f12a415ed6f01.jpg'),(205,'IMAGE_PRODUCT_GALLERY','IMAGE_PRODUCT_GALLERY/6ffd280521b4409adf72503cf3399bab.jpg'),(206,'IMAGE_PRODUCT_GALLERY','IMAGE_PRODUCT_GALLERY/2.u5395.d20170824.t162040.468900.jpg'),(207,'IMAGE_PRODUCT_GALLERY','IMAGE_PRODUCT_GALLERY/8d8292a9a047c654f659325d2de542d7.jpg'),(208,'IMAGE_PRODUCT_GALLERY','IMAGE_PRODUCT_GALLERY/0bb1f8b8ce8682c2f3ce99d1fa5a0977.jpg'),(209,'IMAGE_PRODUCT_GALLERY','IMAGE_PRODUCT_GALLERY/5.u5395.d20170824.t162040.553764.jpg'),(210,'IMAGE_PRODUCT_GALLERY','IMAGE_PRODUCT_GALLERY/3.u5395.d20170824.t162040.497745.jpg'),(211,'IMAGE_PRODUCT','IMAGE_PRODUCT/372f24eae8ed87a1f5c0ad4e9adc141a.jpg'),(212,'IMAGE_PRODUCT_GALLERY','IMAGE_PRODUCT_GALLERY/a5d1d1c6df0116f2f4e25bd08dba7cf3.jpg'),(213,'IMAGE_PRODUCT_GALLERY','IMAGE_PRODUCT_GALLERY/16ee90d0f40f27caec5b04cae6d94d6f.png'),(214,'IMAGE_PRODUCT_GALLERY','IMAGE_PRODUCT_GALLERY/9059d6c5db863d18152637cd5027305c.jpg'),(215,'IMAGE_PRODUCT_GALLERY','IMAGE_PRODUCT_GALLERY/698dd1fb28f75304a154f37db723d5c0.jpg'),(216,'IMAGE_PRODUCT_GALLERY','IMAGE_PRODUCT_GALLERY/121e072e9888bfce9a84777359164c15.jpg'),(217,'IMAGE_PRODUCT_GALLERY','IMAGE_PRODUCT_GALLERY/aa47b594dad4176999636be476d1b0c9.jpg'),(218,'IMAGE_PRODUCT_GALLERY','IMAGE_PRODUCT_GALLERY/b752cb8e5f17d49fd586714eb3656df4.jpg'),(219,'IMAGE_PRODUCT_GALLERY','IMAGE_PRODUCT_GALLERY/3139fe37d7f8731d1fb2d259545ddf21.jpg'),(220,'IMAGE_PRODUCT_GALLERY','IMAGE_PRODUCT_GALLERY/4e0daecbbab897a245acc88854fa4ee3.jpg'),(221,'IMAGE_PRODUCT_GALLERY','IMAGE_PRODUCT_GALLERY/c454430c6ef519c33b68fcf60163dcc7.png'),(222,'IMAGE_PRODUCT','IMAGE_PRODUCT/582fb440afb7f0fbe5bd471a7791254d.jpg'),(223,'IMAGE_PRODUCT_GALLERY','IMAGE_PRODUCT_GALLERY/f209b55ffaf1106072727aeaaac53093.jpg'),(224,'IMAGE_PRODUCT_GALLERY','IMAGE_PRODUCT_GALLERY/dda3f5de8b6a56e48941a114988ace8f.jpg'),(225,'IMAGE_PRODUCT_GALLERY','IMAGE_PRODUCT_GALLERY/b1af232608c3343ffb8129750171cf46.jpg'),(226,'IMAGE_PRODUCT_GALLERY','IMAGE_PRODUCT_GALLERY/6ad7f462cb9e9f106168398fefd767e4.jpg'),(227,'IMAGE_PRODUCT_GALLERY','IMAGE_PRODUCT_GALLERY/35a63faa6c0b164ffdecbf630a25d8fb.jpg'),(228,'IMAGE_PRODUCT_GALLERY','IMAGE_PRODUCT_GALLERY/50aa3b3c66bd28efc3c15ae7f42e7cce.jpg'),(229,'IMAGE_PRODUCT_GALLERY','IMAGE_PRODUCT_GALLERY/00f819f32a52a235a10ba6eb98a45e98.jpg'),(230,'IMAGE_PRODUCT_GALLERY','IMAGE_PRODUCT_GALLERY/7f033e5c04d9f2dfbd8568ed422e791c.jpg'),(231,'IMAGE_PRODUCT_GALLERY','IMAGE_PRODUCT_GALLERY/f2d1db6f341a0c54e00145d905b3119a.jpg'),(232,'IMAGE_PRODUCT_GALLERY','IMAGE_PRODUCT_GALLERY/51d12efb38ccb050d150555702fc8c93.jpg'),(233,'IMAGE_PRODUCT_GALLERY','IMAGE_PRODUCT_GALLERY/586909fd99d32006bb8120d045e1e839.jpg'),(234,'IMAGE_PRODUCT','IMAGE_PRODUCT/3bac43e10759b7db021360947fb724e6.jpg'),(235,'IMAGE_PRODUCT_GALLERY','IMAGE_PRODUCT_GALLERY/55b1cb05095f2591cb8673794cf1ca6f.jpg'),(236,'IMAGE_PRODUCT_GALLERY','IMAGE_PRODUCT_GALLERY/5d8768573b374839aee9954d3beb719c.jpg'),(237,'IMAGE_PRODUCT','IMAGE_PRODUCT/ce40abc9191a3a319ffd5dcc1f9774f0.jpg'),(238,'IMAGE_PRODUCT_GALLERY','IMAGE_PRODUCT_GALLERY/664d88f891b935f79bc5c144cdb3cfd6.png'),(239,'IMAGE_PRODUCT_GALLERY','IMAGE_PRODUCT_GALLERY/212d50392663974006cd12e428193e1c.png'),(240,'IMAGE_PRODUCT_GALLERY','IMAGE_PRODUCT_GALLERY/823f5c778db1bbf15f26c50d2e82c108.png'),(241,'IMAGE_PRODUCT_GALLERY','IMAGE_PRODUCT_GALLERY/16b65a987d766bdd9df992784c104c64.png'),(242,'IMAGE_PRODUCT_GALLERY','IMAGE_PRODUCT_GALLERY/bdfd9d42d6f73e4995ace176d1c5f4e0.png'),(243,'IMAGE_PRODUCT_GALLERY','IMAGE_PRODUCT_GALLERY/3d3958e343629c9d515bb4cedea61252.png'),(244,'IMAGE_PRODUCT_GALLERY','IMAGE_PRODUCT_GALLERY/44dbd823d5e7340297c6832d65880a8e.png'),(245,'IMAGE_PRODUCT_GALLERY','IMAGE_PRODUCT_GALLERY/b2c2505f7aa020a1f48c1fae40217bfc.png'),(246,'IMAGE_PRODUCT_GALLERY','IMAGE_PRODUCT_GALLERY/582b4d4a9ce44fdf68078e49a754c987.png'),(247,'IMAGE_PRODUCT','IMAGE_PRODUCT/7e1b8c8b985385ecea1d1610a4e630c4.jpg'),(248,'IMAGE_PRODUCT_GALLERY','IMAGE_PRODUCT_GALLERY/2dd199a4cad56f9decf2850ff6a6b9da.png'),(249,'IMAGE_PRODUCT_GALLERY','IMAGE_PRODUCT_GALLERY/f90c13e9ded69e52125262ce44515ee8.jpg'),(250,'IMAGE_PRODUCT_GALLERY','IMAGE_PRODUCT_GALLERY/05a8d182e3a57e580325eede0699e441.jpg'),(251,'IMAGE_PRODUCT_GALLERY','IMAGE_PRODUCT_GALLERY/d73fed2c29c0ca4c9b00bb5e7300e3c4.png'),(252,'IMAGE_PRODUCT_GALLERY','IMAGE_PRODUCT_GALLERY/5d40fec35c880416722a1c8e81e2af7f.jpg'),(253,'IMAGE_PRODUCT_GALLERY','IMAGE_PRODUCT_GALLERY/79f39f39ca1668d3b8a9f2f28589f011.jpg'),(254,'IMAGE_PRODUCT_GALLERY','IMAGE_PRODUCT_GALLERY/6830dba1b45564867223c66fda4d4168.jpg'),(255,'IMAGE_PRODUCT_GALLERY','IMAGE_PRODUCT_GALLERY/9f7771ce39fc649251d2da74884ca79c.jpg'),(256,'IMAGE_PRODUCT_GALLERY','IMAGE_PRODUCT_GALLERY/7af80f6d12cf4798387074dc9816bc86.jpg'),(257,'IMAGE_PRODUCT','IMAGE_PRODUCT/22211e58f0f561651cf199b280df1390.jpg'),(258,'IMAGE_PRODUCT_GALLERY','IMAGE_PRODUCT_GALLERY/7f0ff2a1b50c3dad71abedae5e040b41.jpg'),(259,'IMAGE_PRODUCT_GALLERY','IMAGE_PRODUCT_GALLERY/68c8d23922e3192f734723e1f9e5086e.jpg'),(260,'IMAGE_PRODUCT','IMAGE_PRODUCT/be0180d7926b194f8944b00be92747a1.jpg'),(261,'IMAGE_PRODUCT','IMAGE_PRODUCT/6674e170a7d751bb6ec645707b1fadf7.jpg'),(262,'IMAGE_PRODUCT_GALLERY','IMAGE_PRODUCT_GALLERY/6b8f9822fcc80850ad95168d07082310.jpg'),(263,'IMAGE_PRODUCT_GALLERY','IMAGE_PRODUCT_GALLERY/82a382a8bbf89f90a3aba5f8ab12dcb1.jpg'),(264,'IMAGE_PRODUCT_GALLERY','IMAGE_PRODUCT_GALLERY/639e704cc9609c94ed00c1eb122b2af8.jpg'),(265,'IMAGE_PRODUCT_GALLERY','IMAGE_PRODUCT_GALLERY/d1fa70bca2401eb239d2e19cc2ea4eac.jpg'),(266,'IMAGE_PRODUCT_GALLERY','IMAGE_PRODUCT_GALLERY/96767c1cd518c9e9795803e84dfd1615.jpg'),(267,'IMAGE_PRODUCT','IMAGE_PRODUCT/606299060c679734e5b429b499dc4dd8.jpg'),(268,'IMAGE_PRODUCT_GALLERY','IMAGE_PRODUCT_GALLERY/bb4fb990b3f17564a7b3d2f2f339aa08.jpg'),(269,'IMAGE_PRODUCT_GALLERY','IMAGE_PRODUCT_GALLERY/c9e798bc020f26ac14186f78a24f42f0.jpg'),(270,'IMAGE_PRODUCT_GALLERY','IMAGE_PRODUCT_GALLERY/d3fb5b6d7fcd0969a56202f7da87c11b.jpg'),(271,'IMAGE_PRODUCT_GALLERY','IMAGE_PRODUCT_GALLERY/a018718feeda32602cca8f39a1a78b13.jpg'),(272,'IMAGE_PRODUCT_GALLERY','IMAGE_PRODUCT_GALLERY/7abafabc1c991ccf13328c61c9448828.jpg'),(273,'IMAGE_PRODUCT_GALLERY','IMAGE_PRODUCT_GALLERY/b2cef4a6bcec817591cc90adcaf67242.jpg'),(274,'IMAGE_PRODUCT_GALLERY','IMAGE_PRODUCT_GALLERY/f337bd7c0d69ef439c48280350b9178a.jpg'),(275,'IMAGE_PRODUCT_GALLERY','IMAGE_PRODUCT_GALLERY/6665c613d5a27a664b074d8b3c6b6644.jpg'),(276,'IMAGE_PRODUCT_GALLERY','IMAGE_PRODUCT_GALLERY/183868b425fbc904fa8548a71ad158b8.jpg'),(277,'IMAGE_PRODUCT_GALLERY','IMAGE_PRODUCT_GALLERY/289049823176a02f953ce3697b67340f.jpg'),(278,'IMAGE_PRODUCT','IMAGE_PRODUCT/2ad10132655e7d039fe0c5d7a5795295.png'),(279,'IMAGE_PRODUCT_GALLERY','IMAGE_PRODUCT_GALLERY/deeac59b53ceb42ddbebcf3418c3b72a.jpg'),(280,'IMAGE_PRODUCT_GALLERY','IMAGE_PRODUCT_GALLERY/d39b54740a0589e6b252d0eea15935e9.jpg'),(281,'IMAGE_PRODUCT_GALLERY','IMAGE_PRODUCT_GALLERY/77c32a066fb50070654c7c3e6dab9ecb.jpg'),(282,'IMAGE_PRODUCT_GALLERY','IMAGE_PRODUCT_GALLERY/5a1f8cede955503e1a6ddd4d1bac2f42.jpg'),(283,'IMAGE_PRODUCT_GALLERY','IMAGE_PRODUCT_GALLERY/28039d09a59888d4295c4bc488659b4d.jpg'),(284,'IMAGE_PRODUCT','IMAGE_PRODUCT/6c8575ed19910f07b358d1addc1efa3d.jpg'),(285,'IMAGE_PRODUCT_GALLERY','IMAGE_PRODUCT_GALLERY/75e9b18e2388ce3323b24a6e007456d0.png'),(286,'IMAGE_PRODUCT_GALLERY','IMAGE_PRODUCT_GALLERY/e3194a8585d2e848bd42226f0cecd1ff.png'),(287,'IMAGE_PRODUCT_GALLERY','IMAGE_PRODUCT_GALLERY/2ea465aa59404303bb0d5640d45a1506.png'),(288,'IMAGE_PRODUCT_GALLERY','IMAGE_PRODUCT_GALLERY/eb71edb203bac0e4013be4111d82e4f4.jpg'),(289,'IMAGE_PRODUCT_GALLERY','IMAGE_PRODUCT_GALLERY/a96094597f145247377266b9efd2f301.jpg'),(290,'IMAGE_PRODUCT','IMAGE_PRODUCT/26961fda2b84fbb02b2a88abdd3e655c.png'),(291,'IMAGE_PRODUCT_GALLERY','IMAGE_PRODUCT_GALLERY/86599e811a1662b106f4527de4a244d6.jpg'),(292,'IMAGE_PRODUCT_GALLERY','IMAGE_PRODUCT_GALLERY/f3c8b355cbfbc33919b1dce1198cacee.jpg'),(293,'IMAGE_PRODUCT_GALLERY','IMAGE_PRODUCT_GALLERY/61c731675403b94d2ad6f07583d9b78f.jpg'),(294,'IMAGE_PRODUCT_GALLERY','IMAGE_PRODUCT_GALLERY/8c19380a99ca6666f422a25bbfa9135e.jpg'),(295,'IMAGE_PRODUCT_GALLERY','IMAGE_PRODUCT_GALLERY/c03bc98bda3def220258fb86364a05f7.jpg'),(296,'IMAGE_PRODUCT','IMAGE_PRODUCT/19c98c44335ebd8b0722ee549f88b1d2.jpg'),(297,'IMAGE_PRODUCT_GALLERY','IMAGE_PRODUCT_GALLERY/25s200t2-2.u2470.d20161227.t155919.914749.jpg'),(298,'IMAGE_PRODUCT_GALLERY','IMAGE_PRODUCT_GALLERY/25s200t2-3.u2470.d20161227.t155919.946421.jpg'),(299,'IMAGE_PRODUCT_GALLERY','IMAGE_PRODUCT_GALLERY/25s200t2-5.u2470.d20161227.t155920.9293.jpg'),(300,'IMAGE_PRODUCT_GALLERY','IMAGE_PRODUCT_GALLERY/25s200t2-4.u2470.d20161227.t155919.977103.jpg'),(301,'IMAGE_PRODUCT_GALLERY','IMAGE_PRODUCT_GALLERY/hinh-thum-tivi.u2470.d20161228.t175808.676355.png'),(302,'IMAGE_PRODUCT','IMAGE_PRODUCT/73889a77be083e33aa981fb89142c125.jpg'),(303,'IMAGE_PRODUCT_GALLERY','IMAGE_PRODUCT_GALLERY/5c3c7aca3ad22191b0ec5c9ff4d7f571.jpg'),(304,'IMAGE_PRODUCT_GALLERY','IMAGE_PRODUCT_GALLERY/d3200577772780b2563dd0e3c7fbecfe.jpg'),(305,'IMAGE_PRODUCT_GALLERY','IMAGE_PRODUCT_GALLERY/f69d43f195709a1f0afd48709bb4a7c2.jpg'),(306,'IMAGE_PRODUCT_GALLERY','IMAGE_PRODUCT_GALLERY/57738d663a97b6b93afd3094c5ef6ff9.jpg'),(307,'IMAGE_PRODUCT_GALLERY','IMAGE_PRODUCT_GALLERY/590332381a531ac18c12e6f66da5eb60.jpg'),(308,'IMAGE_PRODUCT_GALLERY','IMAGE_PRODUCT_GALLERY/3ccf6a501254f11757e3dd879007626d.jpg'),(309,'IMAGE_PRODUCT_GALLERY','IMAGE_PRODUCT_GALLERY/18573e832ea28324910023647ef1dd9c.jpg'),(310,'IMAGE_PRODUCT_GALLERY','IMAGE_PRODUCT_GALLERY/790d0deff7a3b1654379d5ca36c0812a.jpg'),(311,'IMAGE_PRODUCT_GALLERY','IMAGE_PRODUCT_GALLERY/581f9076582c294ee9be245e18320511.jpg'),(312,'IMAGE_PRODUCT_GALLERY','IMAGE_PRODUCT_GALLERY/934651117eead38893d47d4b840dfd01.jpg'),(313,'IMAGE_PRODUCT_GALLERY','IMAGE_PRODUCT_GALLERY/e38c0d99157f5f888ceb6a5daf510640.jpg'),(314,'IMAGE_PRODUCT','IMAGE_PRODUCT/b5ad48336d11ab28a860925d99b80e20.jpg'),(315,'IMAGE_PRODUCT_GALLERY','IMAGE_PRODUCT_GALLERY/0f559d9c05a54a4eb206043166cc492b.jpg'),(316,'IMAGE_PRODUCT_GALLERY','IMAGE_PRODUCT_GALLERY/cb2348956a7ed1de7f1fc6cc76e283de.jpg'),(317,'IMAGE_PRODUCT_GALLERY','IMAGE_PRODUCT_GALLERY/cda7f847f1843daf4801ae101e605378.jpg'),(318,'IMAGE_PRODUCT_GALLERY','IMAGE_PRODUCT_GALLERY/b22acb1c4279849c51181f7a8ad78f2f.jpg'),(319,'IMAGE_PRODUCT_GALLERY','IMAGE_PRODUCT_GALLERY/bcab043fc853b12622106119e7c77eeb.jpg'),(320,'IMAGE_PRODUCT','IMAGE_PRODUCT/09dea12b4a1258c8114d38a04708c33f.jpg'),(321,'IMAGE_PRODUCT_GALLERY','IMAGE_PRODUCT_GALLERY/e4b742ee1c14d9970ee65c758de509f9.jpg'),(322,'IMAGE_PRODUCT_GALLERY','IMAGE_PRODUCT_GALLERY/8dacf2c93bca3e74d276e58a38ac6f29.jpg'),(323,'IMAGE_PRODUCT_GALLERY','IMAGE_PRODUCT_GALLERY/7601c032dc7f572221b07bcf1796e562.jpg'),(324,'IMAGE_PRODUCT_GALLERY','IMAGE_PRODUCT_GALLERY/428a47f91bf21446fd5219cc32905022.jpg'),(325,'IMAGE_PRODUCT_GALLERY','IMAGE_PRODUCT_GALLERY/0e812d1247f4fbbdddf04ad79007bafb.jpg'),(326,'IMAGE_PRODUCT_GALLERY','IMAGE_PRODUCT_GALLERY/8a7b17ad38be726de940b2a02058de2f.jpg'),(327,'IMAGE_PRODUCT_GALLERY','IMAGE_PRODUCT_GALLERY/a587c09a67f502369c7f1d69137b6b47.jpg'),(328,'IMAGE_PRODUCT_GALLERY','IMAGE_PRODUCT_GALLERY/b9c10aa0f4db16aa04e3db91fcc2b2bd.jpg'),(329,'IMAGE_PRODUCT','IMAGE_PRODUCT/c8ace55e4ba064074aba68c12e30519d.jpg'),(330,'IMAGE_PRODUCT_GALLERY','IMAGE_PRODUCT_GALLERY/524d4dbe5242cb53f66757700b8d0744.jpg'),(331,'IMAGE_PRODUCT_GALLERY','IMAGE_PRODUCT_GALLERY/b7f1215748d236bf5863930cc0049911.jpg'),(332,'IMAGE_PRODUCT_GALLERY','IMAGE_PRODUCT_GALLERY/16cee6b94d4407c74999479feec89508.jpg'),(333,'IMAGE_PRODUCT_GALLERY','IMAGE_PRODUCT_GALLERY/e27ca4f13ff3d2ff08f375b8352a583d.jpg'),(334,'IMAGE_PRODUCT_GALLERY','IMAGE_PRODUCT_GALLERY/cb9d686ee9e32983b26e3670a5013a20.jpg'),(335,'IMAGE_PRODUCT_GALLERY','IMAGE_PRODUCT_GALLERY/8949d8a95d5bdcccd006cb51018eb330.jpg'),(336,'IMAGE_PRODUCT_GALLERY','IMAGE_PRODUCT_GALLERY/8480076d5cddf309f4eb988911fbb256.jpg'),(337,'IMAGE_PRODUCT_GALLERY','IMAGE_PRODUCT_GALLERY/eff46b376f67db17b3c9e69693ac4791.jpg'),(338,'IMAGE_PRODUCT_GALLERY','IMAGE_PRODUCT_GALLERY/389de57c4e696050de4fe0c41ae884a7.jpg'),(339,'IMAGE_PRODUCT_GALLERY','IMAGE_PRODUCT_GALLERY/e68dc83462378ce6ab8606920dadde1a.jpg'),(340,'IMAGE_PRODUCT','IMAGE_PRODUCT/2163ac7808fe1e0d68de7980df8fa7e1.png'),(341,'IMAGE_PRODUCT_GALLERY','IMAGE_PRODUCT_GALLERY/d541a346c7dbe17ac02a511811e369c2.jpg'),(342,'IMAGE_PRODUCT_GALLERY','IMAGE_PRODUCT_GALLERY/97ed02277b07b00f9fa31c6d52d4a084.jpg'),(343,'IMAGE_PRODUCT_GALLERY','IMAGE_PRODUCT_GALLERY/94952fc182c1d460713b9bc8e42f8637.jpg'),(344,'IMAGE_PRODUCT','IMAGE_PRODUCT/d6a01751c78f0a6dfb4b8f92d329bc04.jpg'),(345,'IMAGE_PRODUCT_GALLERY','IMAGE_PRODUCT_GALLERY/7b193e73cc90bfba4e019e0e58d477db.jpg'),(346,'IMAGE_PRODUCT_GALLERY','IMAGE_PRODUCT_GALLERY/b7ddc0ea50df541f59e0117a193ee4f2.jpg'),(347,'IMAGE_PRODUCT_GALLERY','IMAGE_PRODUCT_GALLERY/be20a5f81dd8c6c942102d54ba4e644d.jpg'),(348,'IMAGE_PRODUCT_GALLERY','IMAGE_PRODUCT_GALLERY/0fdd1cd576e588fab8c0566f7a43c334.jpg'),(349,'IMAGE_PRODUCT_GALLERY','IMAGE_PRODUCT_GALLERY/d03fe4ee47b5821aa4d7c0d72a2dbff8.jpg'),(350,'IMAGE_PRODUCT_GALLERY','IMAGE_PRODUCT_GALLERY/d9fa14cdb4d8a590a51f6e6b28057596.jpg'),(351,'IMAGE_PRODUCT_GALLERY','IMAGE_PRODUCT_GALLERY/c75c77017a4c2fee07468ddf820e0672.jpg'),(352,'IMAGE_PRODUCT_GALLERY','IMAGE_PRODUCT_GALLERY/e0b2cb05cf75f9c4ca029f635290ebe0.jpg'),(353,'IMAGE_PRODUCT_GALLERY','IMAGE_PRODUCT_GALLERY/e46b0ceb19ab72222a1f6ad0d09a6533.jpg'),(354,'IMAGE_PRODUCT','IMAGE_PRODUCT/d648dfd120323cd4f6f32d90874d0265.jpg'),(355,'IMAGE_PRODUCT_GALLERY','IMAGE_PRODUCT_GALLERY/6798fa2af6e43cb588c0021f3dbcac16.jpg'),(356,'IMAGE_PRODUCT_GALLERY','IMAGE_PRODUCT_GALLERY/0540394f4bf24c01eb958b69e220ed0d.jpg'),(357,'IMAGE_PRODUCT_GALLERY','IMAGE_PRODUCT_GALLERY/ffbc5b0d55d1eb02dbeb5cea95c93429.jpg'),(358,'IMAGE_PRODUCT_GALLERY','IMAGE_PRODUCT_GALLERY/b71f0062e14576db7389d9e44301e979.jpg'),(359,'IMAGE_PRODUCT','IMAGE_PRODUCT/a5025f22245a888945436508ce07dca0.png'),(360,'IMAGE_PRODUCT_GALLERY','IMAGE_PRODUCT_GALLERY/68a04257d210500cbf936844ef6025d1.png'),(361,'IMAGE_PRODUCT_GALLERY','IMAGE_PRODUCT_GALLERY/b9e5b7682a28b0f2fc630cdbd8d15bfd.png'),(362,'IMAGE_PRODUCT_GALLERY','IMAGE_PRODUCT_GALLERY/f7bbfb3229ed61d5d5e600d7c4d99666.png'),(363,'IMAGE_PRODUCT_GALLERY','IMAGE_PRODUCT_GALLERY/b74f30faec748a0216e75abda98f7ad4.png'),(364,'IMAGE_PRODUCT_GALLERY','IMAGE_PRODUCT_GALLERY/b5bd3ed9b9663fa12ac263584e9f891b.png'),(365,'IMAGE_PRODUCT_GALLERY','IMAGE_PRODUCT_GALLERY/d527c37d9319e546e785b6325841a66e.png'),(366,'IMAGE_PRODUCT_GALLERY','IMAGE_PRODUCT_GALLERY/51137bab06719944ba92a7bd3908da65.png'),(367,'IMAGE_PRODUCT','IMAGE_PRODUCT/0a8a9d5cd03621f6814059f92b6180e1.jpg'),(368,'IMAGE_PRODUCT_GALLERY','IMAGE_PRODUCT_GALLERY/7120a751ba291ddbc60f423a4e7780ae.jpg'),(369,'IMAGE_PRODUCT_GALLERY','IMAGE_PRODUCT_GALLERY/76321ab1e866c73aa9ac7dbd529db190.jpg'),(370,'IMAGE_PRODUCT_GALLERY','IMAGE_PRODUCT_GALLERY/33e238fe395077b3555f9cdd44a8f649.jpg'),(371,'IMAGE_PRODUCT_GALLERY','IMAGE_PRODUCT_GALLERY/fd5c18dff93b37c66dc5d2d448e37aad.jpg'),(372,'IMAGE_PRODUCT','IMAGE_PRODUCT/448951eb566953f7a25266b44d729e89.png'),(373,'IMAGE_PRODUCT_GALLERY','IMAGE_PRODUCT_GALLERY/c5e6371685772990c8f08316354d8136.png'),(374,'IMAGE_PRODUCT_GALLERY','IMAGE_PRODUCT_GALLERY/11c8b5ceda7bbb2ede4bff3dff76c2bf.png'),(375,'IMAGE_PRODUCT_GALLERY','IMAGE_PRODUCT_GALLERY/10f65c57d94131861f875511095880bb.png'),(376,'IMAGE_PRODUCT_GALLERY','IMAGE_PRODUCT_GALLERY/7c3d6ca1dd40dd80badc1be079e02ed4.png'),(377,'IMAGE_PRODUCT_GALLERY','IMAGE_PRODUCT_GALLERY/786852a38e9b9da79703c9ac7f823949.png'),(378,'IMAGE_PRODUCT_GALLERY','IMAGE_PRODUCT_GALLERY/dd13acbefc58f6cf96301c8279417d1e.png'),(379,'IMAGE_PRODUCT_GALLERY','IMAGE_PRODUCT_GALLERY/8d55c4bf4349917265abb966ab19c6bd.png'),(380,'IMAGE_PRODUCT_GALLERY','IMAGE_PRODUCT_GALLERY/7e520b45376e557def6fa6fc51d567e1.png'),(381,'IMAGE_PRODUCT','IMAGE_PRODUCT/339ee5ca9c6a0465dc9ce744a95b4135.jpg'),(382,'IMAGE_PRODUCT_GALLERY','IMAGE_PRODUCT_GALLERY/2258315939facf0ea44eae39ffe00234.jpg'),(383,'IMAGE_PRODUCT_GALLERY','IMAGE_PRODUCT_GALLERY/9f05df66714168668eed6a5606e09045.jpg'),(384,'IMAGE_PRODUCT_GALLERY','IMAGE_PRODUCT_GALLERY/c31d45841dab25634b45fa6b01f9b3e4.jpg'),(385,'IMAGE_PRODUCT_GALLERY','IMAGE_PRODUCT_GALLERY/b98380d52d35a627225bf525169bfb23.jpg'),(386,'IMAGE_PRODUCT_GALLERY','IMAGE_PRODUCT_GALLERY/f33e50f5078576117758c356f49e8c6d.jpg'),(387,'IMAGE_PRODUCT_GALLERY','IMAGE_PRODUCT_GALLERY/5ec23609645eef2987d6448df4336a6c.jpg'),(388,'IMAGE_PRODUCT_GALLERY','IMAGE_PRODUCT_GALLERY/28f1ce49015d4a7fb17c0a156fbe5cc9.jpg'),(389,'IMAGE_PRODUCT_GALLERY','IMAGE_PRODUCT_GALLERY/f7ddbb0f9ff3380db31d5e33e647be77.jpg'),(390,'IMAGE_PRODUCT_GALLERY','IMAGE_PRODUCT_GALLERY/7ac5a6b5dca55e644645f7641a65f9af.jpg'),(391,'IMAGE_PRODUCT','IMAGE_PRODUCT/250ccdf4c9c532208d86ecaecd593fa2.jpg'),(392,'IMAGE_PRODUCT_GALLERY','IMAGE_PRODUCT_GALLERY/0afa7011ecac16a3f1cea8f565a42cf3.jpg'),(393,'IMAGE_PRODUCT_GALLERY','IMAGE_PRODUCT_GALLERY/d807d858e9528a88c1d3f3029e20590e.jpg'),(394,'IMAGE_PRODUCT_GALLERY','IMAGE_PRODUCT_GALLERY/3b4f3ef72213df08800b95a02a877590.jpg'),(395,'IMAGE_PRODUCT_GALLERY','IMAGE_PRODUCT_GALLERY/30b52a3f2722e16d0b56ee7596d5e07e.jpg'),(396,'IMAGE_PRODUCT_GALLERY','IMAGE_PRODUCT_GALLERY/80d87f2b061992b46b5320f90de1eabc.jpg'),(397,'IMAGE_PRODUCT_GALLERY','IMAGE_PRODUCT_GALLERY/9268e95d9a92fd50c0c206594fe7ce78.jpg'),(398,'IMAGE_PRODUCT_GALLERY','IMAGE_PRODUCT_GALLERY/672ded55289c7aca483e871515665b8e.jpg'),(399,'IMAGE_PRODUCT_GALLERY','IMAGE_PRODUCT_GALLERY/7a43a516abd64b1dc173a9600b47207c.jpg'),(400,'IMAGE_PRODUCT_GALLERY','IMAGE_PRODUCT_GALLERY/0c8218e872cd7488424d470acf4f1971.jpg'),(401,'IMAGE_PRODUCT_GALLERY','IMAGE_PRODUCT_GALLERY/6ffe5ac6d7be665b05bd22d648a45df0.jpg'),(402,'IMAGE_PRODUCT_GALLERY','IMAGE_PRODUCT_GALLERY/83da88f45c5e355c3724dc180ce32749.jpg'),(403,'IMAGE_PRODUCT','IMAGE_PRODUCT/e5e6d33cd8b1810a86b62fad8a509257.jpg'),(404,'IMAGE_PRODUCT_GALLERY','IMAGE_PRODUCT_GALLERY/8d99631a1f27e6ac3af701a2e6f1d9ae.png'),(405,'IMAGE_PRODUCT_GALLERY','IMAGE_PRODUCT_GALLERY/1d91abfc38372366bd883fa9e2d30a24.png'),(406,'IMAGE_PRODUCT_GALLERY','IMAGE_PRODUCT_GALLERY/9b061a1bdd1fd4ad552dc60162f1ff39.png'),(407,'IMAGE_PRODUCT_GALLERY','IMAGE_PRODUCT_GALLERY/c895051cf54b144e70d1719e50208c3a.png'),(408,'IMAGE_PRODUCT_GALLERY','IMAGE_PRODUCT_GALLERY/ca5eae84826aafd7554ec5a0608b95f1.png'),(409,'IMAGE_PRODUCT_GALLERY','IMAGE_PRODUCT_GALLERY/d133b57ce77c5b1ab0530593c5e07b05.png'),(410,'IMAGE_PRODUCT_GALLERY','IMAGE_PRODUCT_GALLERY/a4bdebafdca1f0417b847dd124c41f65.png'),(411,'IMAGE_PRODUCT_GALLERY','IMAGE_PRODUCT_GALLERY/d9198a1ffb9b088a7638323a5157585f.png'),(412,'IMAGE_PRODUCT_GALLERY','IMAGE_PRODUCT_GALLERY/78ed274cc66773da17426ee05e29f6ed.png'),(413,'IMAGE_PRODUCT_GALLERY','IMAGE_PRODUCT_GALLERY/060e3c930bf2d9f4fd6913bd94164dfb.png'),(414,'IMAGE_PRODUCT','IMAGE_PRODUCT/4497c6a22e6dd183c9ee73c3d902941d.jpg'),(415,'IMAGE_PRODUCT_GALLERY','IMAGE_PRODUCT_GALLERY/4bab5feae0e94bbc31daedc63c064ccb.jpg'),(416,'IMAGE_PRODUCT_GALLERY','IMAGE_PRODUCT_GALLERY/244c456369dea576832ab17cab705922.png'),(417,'IMAGE_PRODUCT_GALLERY','IMAGE_PRODUCT_GALLERY/2338637037b1bc1124e9af49a42e76b1.jpg'),(418,'IMAGE_PRODUCT_GALLERY','IMAGE_PRODUCT_GALLERY/84e4260a07e6b594fc62265b2a538ee7.png'),(419,'IMAGE_PRODUCT_GALLERY','IMAGE_PRODUCT_GALLERY/35e98655d18391c79c86fbc39f98eb0c.png'),(420,'IMAGE_PRODUCT_GALLERY','IMAGE_PRODUCT_GALLERY/6a05c0cdcb28a6b556961917d1f02c6f.png'),(421,'IMAGE_PRODUCT_GALLERY','IMAGE_PRODUCT_GALLERY/1733390bafe55c84e06145baae4360f7.jpg'),(422,'IMAGE_PRODUCT_GALLERY','IMAGE_PRODUCT_GALLERY/e1b0547230cd60e1a6179363e985a269.png'),(423,'IMAGE_PRODUCT_GALLERY','IMAGE_PRODUCT_GALLERY/08845c894dc7d0297dd9992ea0c1740d.png'),(424,'IMAGE_PRODUCT_GALLERY','IMAGE_PRODUCT_GALLERY/799716f422d6e562e116f2aef4d649bb.png'),(425,'IMAGE_PRODUCT_GALLERY','IMAGE_PRODUCT_GALLERY/c3f8e89bcad2e2a1118e6b5ca6ec2cc8.png'),(426,'IMAGE_PRODUCT','IMAGE_PRODUCT/09bbf1fad770994003014fcaa748b37d.jpg'),(427,'IMAGE_PRODUCT_GALLERY','IMAGE_PRODUCT_GALLERY/77e64f11b8bd51109861664ce13012b3.jpg'),(428,'IMAGE_PRODUCT_GALLERY','IMAGE_PRODUCT_GALLERY/0cb001ba93a386ada4217d8f18ff2284.jpg'),(429,'IMAGE_PRODUCT_GALLERY','IMAGE_PRODUCT_GALLERY/f24c5a38f98ab9f5daa257deb5ba91bb.jpg'),(430,'IMAGE_PRODUCT_GALLERY','IMAGE_PRODUCT_GALLERY/700c37734bccee47d8c79831583a901d.jpg'),(431,'IMAGE_PRODUCT_GALLERY','IMAGE_PRODUCT_GALLERY/9ce3b9266c9fb1409f09e3ee7283655a.jpg'),(432,'IMAGE_PRODUCT_GALLERY','IMAGE_PRODUCT_GALLERY/4da3315b3bba08a991138c9763105c84.jpg'),(433,'IMAGE_PRODUCT_GALLERY','IMAGE_PRODUCT_GALLERY/d82d9d83169dc12c113ebd7d3e321636.jpg'),(434,'IMAGE_PRODUCT_GALLERY','IMAGE_PRODUCT_GALLERY/c6a8ea09b4494316ab7262aa6e93facc.jpgv'),(435,'IMAGE_PRODUCT_GALLERY','IMAGE_PRODUCT_GALLERY/add8c7e0c6ba8c11ae5e5601ec30bc02.jpg'),(436,'IMAGE_PRODUCT_GALLERY','IMAGE_PRODUCT_GALLERY/01745af94e1f9025039c48bb48b3c568.jpg'),(437,'IMAGE_PRODUCT','IMAGE_PRODUCT/06abbd92042e6ed21ca49c13db13d72f.jpg'),(438,'IMAGE_PRODUCT_GALLERY','IMAGE_PRODUCT_GALLERY/c085a0c7f093a8f197ac956d432513cd.jpg'),(439,'IMAGE_PRODUCT_GALLERY','IMAGE_PRODUCT_GALLERY/060c38a34b89b3660a70d9a74493d481.png'),(440,'IMAGE_PRODUCT_GALLERY','IMAGE_PRODUCT_GALLERY/bc1db82ad623a998218aa36a7a7843ce.png'),(441,'IMAGE_PRODUCT_GALLERY','IMAGE_PRODUCT_GALLERY/8981e981a2641132214ae58aedad4975.jpg'),(442,'IMAGE_PRODUCT_GALLERY','IMAGE_PRODUCT_GALLERY/6b5b4e3b053eeaebe4db72e0f7aacc4f.png'),(443,'IMAGE_PRODUCT_GALLERY','IMAGE_PRODUCT_GALLERY/57e2c70c5ef54b0f91e4ed5d6751f64c.png'),(444,'IMAGE_PRODUCT','IMAGE_PRODUCT/c55d0d49d0f54b88ac84d768ede9d532.jpg'),(445,'IMAGE_PRODUCT_GALLERY','IMAGE_PRODUCT_GALLERY/2ab4b3870c0c49e5d6510dc9f1d03bc3.jpg'),(446,'IMAGE_PRODUCT_GALLERY','IMAGE_PRODUCT_GALLERY/403b444a9c5943e40754d7fb12188b40.jpg'),(447,'IMAGE_PRODUCT_GALLERY','IMAGE_PRODUCT_GALLERY/dd1b51733befcf88422363d7973bce1f.jpg'),(448,'IMAGE_PRODUCT_GALLERY','IMAGE_PRODUCT_GALLERY/d24700937d118370be14d3b33c9c6a6a.jpg'),(449,'IMAGE_PRODUCT_GALLERY','IMAGE_PRODUCT_GALLERY/ccdcaf7ade961d5f138a34030f498ce7.jpg'),(450,'IMAGE_PRODUCT_GALLERY','IMAGE_PRODUCT_GALLERY/588db7aaff67d0dac59d2cac6c73bd4c.jpg'),(451,'IMAGE_PRODUCT_GALLERY','IMAGE_PRODUCT_GALLERY/9e48eaf7e9174cc11c521ddacf774343.jpg'),(452,'IMAGE_PRODUCT_GALLERY','IMAGE_PRODUCT_GALLERY/bb6c0c3d7600855e4333b44b8e53a6c9.jpg'),(453,'IMAGE_PRODUCT_GALLERY','IMAGE_PRODUCT_GALLERY/848233cd5d5d3de395cbc61db54535f0.jpg'),(454,'IMAGE_PRODUCT_GALLERY','IMAGE_PRODUCT_GALLERY/cdccf83c1f4906f69c6ead808f7d01fa.jpg'),(455,'IMAGE_PRODUCT','IMAGE_PRODUCT/b324e1c9e7f03487e0ce50631727179e.jpg'),(456,'IMAGE_PRODUCT_GALLERY','IMAGE_PRODUCT_GALLERY/5b0a37e7149435b53b3af6ec1a039555.jpg'),(457,'IMAGE_PRODUCT_GALLERY','IMAGE_PRODUCT_GALLERY/697f95324f059c5ec177f21ede090c40.jpg'),(458,'IMAGE_PRODUCT_GALLERY','IMAGE_PRODUCT_GALLERY/64bd43437889e6abbb16c507737738e9.jpg'),(459,'IMAGE_PRODUCT_GALLERY','IMAGE_PRODUCT_GALLERY/b324e1c9e7f03487e0ce50631727179e.jpg'),(460,'IMAGE_PRODUCT_GALLERY','IMAGE_PRODUCT_GALLERY/09829178e40a9e172923a118c4633b59.jpg'),(461,'IMAGE_PRODUCT_GALLERY','IMAGE_PRODUCT_GALLERY/b0e5eb80b00b9c364b3d27a91fb534d1.jpg'),(462,'IMAGE_PRODUCT_GALLERY','IMAGE_PRODUCT_GALLERY/5f03bdeca18cca1f1de698db9fa8cf95.jpg'),(463,'IMAGE_PRODUCT_GALLERY','IMAGE_PRODUCT_GALLERY/e8f7cd56124e5787a2c295d0a0698414.jpg'),(464,'IMAGE_PRODUCT_GALLERY','IMAGE_PRODUCT_GALLERY/f3bca6f8f129320bf7dfe1e852dabf00.jpg'),(465,'IMAGE_PRODUCT_GALLERY','IMAGE_PRODUCT_GALLERY/762b86e709fc97e143273a1e1543fd80.jpg'),(466,'IMAGE_PRODUCT','IMAGE_PRODUCT/37cdfcdf2f09100d63209ad62f78c6f0.jpg'),(467,'IMAGE_PRODUCT_GALLERY','IMAGE_PRODUCT_GALLERY/dbd39e2fbb5967a96f6f4a89a03b2309.jpg'),(468,'IMAGE_PRODUCT_GALLERY','IMAGE_PRODUCT_GALLERY/39c53772cbd60257f5277f299ecbd91b.jpg'),(469,'IMAGE_PRODUCT_GALLERY','IMAGE_PRODUCT_GALLERY/13bf40a7c7ca5a3478fcc6262a448dd9.jpg'),(470,'IMAGE_PRODUCT_GALLERY','IMAGE_PRODUCT_GALLERY/ca54c4d06753d1ec21f194e690d2ade7.jpg'),(471,'IMAGE_PRODUCT_GALLERY','IMAGE_PRODUCT_GALLERY/bb84e5cd98242066a77e808f9a14f3e5.jpg'),(472,'IMAGE_PRODUCT_GALLERY','IMAGE_PRODUCT_GALLERY/ec51d1b225302c55e988ac86745b38ef.jpg'),(473,'IMAGE_PRODUCT','IMAGE_PRODUCT/e4b71a3157be291109348bc322d5a1cd.png'),(474,'IMAGE_PRODUCT_GALLERY','IMAGE_PRODUCT_GALLERY/315b53dff3c3c10591491d58e98f283c.jpg'),(475,'IMAGE_PRODUCT_GALLERY','IMAGE_PRODUCT_GALLERY/8de91d3ad095a0f659987dd0ed1b3a14.jpg'),(476,'IMAGE_USER','https://lh3.googleusercontent.com/a/AAcHTtfjv5CjqdjiRzNV2jl-aY2yq4QsYU1wB7uFCwv9oMquf90=s96-c'),(477,'IMAGE_USER','https://lh3.googleusercontent.com/a/AAcHTtcHiAfZF03jOJncmRDgx8RoJaxL-y-81bIhGJ8fb07n=s96-c');
/*!40000 ALTER TABLE `tbl_image` ENABLE KEYS */;
UNLOCK TABLES;

--
-- Table structure for table `tbl_location`
--

DROP TABLE IF EXISTS `tbl_location`;
/*!40101 SET @saved_cs_client     = @@character_set_client */;
/*!50503 SET character_set_client = utf8mb4 */;
CREATE TABLE `tbl_location` (
  `id` bigint NOT NULL AUTO_INCREMENT,
  `commune` varchar(255) DEFAULT NULL,
  `district` varchar(255) DEFAULT NULL,
  `province` varchar(255) NOT NULL,
  PRIMARY KEY (`id`)
) ENGINE=InnoDB AUTO_INCREMENT=34 DEFAULT CHARSET=utf8mb4 COLLATE=utf8mb4_0900_ai_ci;
/*!40101 SET character_set_client = @saved_cs_client */;

--
-- Dumping data for table `tbl_location`
--

LOCK TABLES `tbl_location` WRITE;
/*!40000 ALTER TABLE `tbl_location` DISABLE KEYS */;
INSERT INTO `tbl_location` VALUES (1,NULL,NULL,'Hồ Chí Minh'),(2,NULL,NULL,'Hà Nội'),(3,NULL,NULL,'Cần Thơ'),(4,NULL,NULL,'Đà Nẵng'),(5,NULL,NULL,'Hải Phòng'),(6,NULL,NULL,'An Giang'),(7,NULL,NULL,'Long An'),(8,NULL,NULL,'Cà Mau'),(9,NULL,NULL,'Vĩnh Long'),(10,NULL,NULL,'Bến Tre'),(11,NULL,NULL,'Đồng Tháp'),(12,'Phường 15','Quận Bình Thạnh','Hồ Chí Minh'),(13,'Phường 02','Quận Bình Thạnh','Hồ Chí Minh'),(14,'Phường 01','Quận Bình Thạnh','Hồ Chí Minh'),(15,'Phường 03','Quận Bình Thạnh','Hồ Chí Minh'),(16,'Phường 17','Quận Bình Thạnh','Hồ Chí Minh'),(17,'Phường 21','Quận Bình Thạnh','Hồ Chí Minh'),(18,'Phường 22','Quận Bình Thạnh','Hồ Chí Minh'),(19,'Phường 19','Quận Bình Thạnh','Hồ Chí Minh'),(20,'Phường 28','Quận Bình Thạnh','Hồ Chí Minh'),(21,'Phường Linh Trung','Thành Phố Thủ Đức','Hồ Chí Minh'),(22,'Phường Bình Thọ','Thành Phố Thủ Đức','Hồ Chí Minh'),(23,'Phường Hiệp Phú','Thành Phố Thủ Đức','Thành phố Hồ Chí Minh'),(24,'Phường Phước Long A','Thành Phố Thủ Đức','Thành phố Hồ Chí Minh'),(25,'Phường Phước Long B','Thành Phố Thủ Đức','Thành phố Hồ Chí Minh'),(26,'Phường Thảo Điền','Thành Phố Thủ Đức','Thành phố Hồ Chí Minh'),(27,'Phường Phú Hữu','Thành Phố Thủ Đức','Thành phố Hồ Chí Minh'),(28,'Phường Phước Bình','Thành Phố Thủ Đức','Thành phố Hồ Chí Minh'),(29,'Phường Long Trường','Thành Phố Thủ Đức','Thành phố Hồ Chí Minh'),(30,'Phường Tăng Nhơn Phú A','Thành Phố Thủ Đức','Thành phố Hồ Chí Minh'),(31,'Phường Tăng Nhơn Phú B','Thành Phố Thủ Đức','Thành phố Hồ Chí Minh'),(32,'Phường Long Thạnh Mỹ','Thành Phố Thủ Đức','Thành phố Hồ Chí Minh'),(33,'Phường Bình Chiểu','Quận Thủ Đức','Hồ Chí Minh');
/*!40000 ALTER TABLE `tbl_location` ENABLE KEYS */;
UNLOCK TABLES;

--
-- Table structure for table `tbl_message`
--

DROP TABLE IF EXISTS `tbl_message`;
/*!40101 SET @saved_cs_client     = @@character_set_client */;
/*!50503 SET character_set_client = utf8mb4 */;
CREATE TABLE `tbl_message` (
  `id` bigint NOT NULL AUTO_INCREMENT,
  `body` longtext,
  `created_at` datetime(6) DEFAULT NULL,
  `is_baned` bit(1) NOT NULL DEFAULT b'0',
  `products` longtext,
  `scan_at` datetime(6) DEFAULT NULL,
  `send_at` datetime(6) DEFAULT NULL,
  `shop_id` bigint DEFAULT NULL,
  `title` varchar(255) DEFAULT NULL,
  `to_email` varchar(255) DEFAULT NULL,
  `to_name` varchar(255) DEFAULT NULL,
  `type` varchar(50) NOT NULL DEFAULT 'MESSAGE_PRODUCT',
  `updated_at` datetime(6) DEFAULT NULL,
  PRIMARY KEY (`id`)
) ENGINE=InnoDB AUTO_INCREMENT=278 DEFAULT CHARSET=utf8mb4 COLLATE=utf8mb4_0900_ai_ci;
/*!40101 SET character_set_client = @saved_cs_client */;

--
-- Dumping data for table `tbl_message`
--

LOCK TABLES `tbl_message` WRITE;
/*!40000 ALTER TABLE `tbl_message` DISABLE KEYS */;
INSERT INTO `tbl_message` VALUES (262,'<p class=\"mt-6 text-2xl leading-10\">Chào shop Zulia\'s Shop,</p><p class=\"mt-6 text-2xl leading-10\">Praesent dui ex, dapibus eget mauris ut, finibus vestibulum enim. Quisque9 arcu leo, facilisis in fringilla id, luctus in tortor. Nunc vestibulum est quis orci varius viverra. Curabitur dictum volutpat massa vulputate molestie. In at felis ac velit maximus convallis. </p> <p class=\"mt-6 text-2xl leading-10\">Sed elementum turpis eu lorem interdum, sed porttitor eros commodo. Nam eu venenatis tortor, id lacinia diam. Sed aliquam in dui et porta. Sed bibendum orci non tincidunt ultrices. Vivamus fringilla, mi lacinia dapibus condimentum, ipsum urna lacinia lacus, vel tincidunt mi nibh sit amet lorem.</p><p class=\"my-6 text-2xl\">Sincerly,</p>',NULL,_binary '','[{\"product_id\" : \"54\",\"slug\" : \"tu-lanh/tu-lanh-electrolux-eme3700h-a-dung-tich-337-lit-cong-nghe-inverter-hang-chinh-hang.11c12d97954142f29bc1d79b04494b96\",\"img\" : \"IMAGE_PRODUCT/22211e58f0f561651cf199b280df1390.jpg\",\"name\" : \"Tủ Lạnh Electrolux EME3700H-A - Dung Tích 337 Lít - Công Nghệ Inverter - Hàng Chính Hãng\",\"isBaned\" : \"1\",\"negTotal\" : \"3\",\"total\" : \"3\",\"percent\" : \"100\",\"count\" : \"3\",}]','2023-06-18 15:32:30.000000','2023-07-02 22:03:34.848000',4,'Notice of prohibited products list','customer3@gmail.com','Zulia\'s Shop','MESSAGE_PRODUCT','2023-07-02 22:03:34.892000'),(263,'<p class=\"mt-6 text-2xl leading-10\">Chào shop BINTECH 27,</p><p class=\"mt-6 text-2xl leading-10\">Praesent dui ex, dapibus eget mauris ut, finibus vestibulum enim. Quisque9 arcu leo, facilisis in fringilla id, luctus in tortor. Nunc vestibulum est quis orci varius viverra. Curabitur dictum volutpat massa vulputate molestie. In at felis ac velit maximus convallis. </p> <p class=\"mt-6 text-2xl leading-10\">Sed elementum turpis eu lorem interdum, sed porttitor eros commodo. Nam eu venenatis tortor, id lacinia diam. Sed aliquam in dui et porta. Sed bibendum orci non tincidunt ultrices. Vivamus fringilla, mi lacinia dapibus condimentum, ipsum urna lacinia lacus, vel tincidunt mi nibh sit amet lorem.</p><p class=\"my-6 text-2xl\">Sincerly,</p>',NULL,_binary '','[{\"product_id\" : \"58\",\"slug\" : \"tivi/smart-tivi-casper-hd-32-inch-32hx6200.436be49bcf514f70bd21dc9acd410ee3\",\"img\" : \"IMAGE_PRODUCT/2ad10132655e7d039fe0c5d7a5795295.png\",\"name\" : \"Smart Tivi Casper HD 32 inch 32HX6200\",\"isBaned\" : \"1\",\"negTotal\" : \"3\",\"total\" : \"3\",\"percent\" : \"100\",\"count\" : \"3\",},{\"product_id\" : \"34\",\"slug\" : \"may-tinh-bang/ipad-pro-m1-11-inch-8g.93bed58737b740b7afabd6d7b77d5cf5\",\"img\" : \"IMAGE_PRODUCT/surasj24jb7ut26fn6i2o248gtt33q0c.jpg\",\"name\" : \"IPad Pro M1 11 Inch 8G\",\"isBaned\" : \"1\",\"negTotal\" : \"2\",\"total\" : \"2\",\"percent\" : \"100\",\"count\" : \"3\",}]','2023-06-18 15:32:30.000000','2023-07-02 22:03:48.999000',5,'Notice of prohibited products list','customer4@gmail.com','BINTECH 27','MESSAGE_PRODUCT','2023-07-02 22:03:49.008000'),(267,'<html>\n	<body>\n	<p>Dear SAMISO OFFICIAL shop,</p>\n	<p>We are sending you this letter to let you know that you have -29 days left on your \'Gói tháng thường\' subscription which will expire at 2023-07-31.\n	If you receive this message, please renew or sign up for a new plan before the expiration date. Otherwise, upon expiration, the function of selling new products will be temporarily closed.</p>\n	<p>Sincerely,<br>-PXC Admin</br></p>\n	</body>\n	</html>','2023-07-02 21:43:19.000000',_binary '\0',NULL,'2023-07-02 21:43:19.000000','2023-07-02 22:04:06.368000',1,'Notice about the expiration of the shop subscription package','customer0@gmail.com','SAMISO OFFICIAL','MESSAGE_SHOP_PRICE','2023-07-02 22:04:06.371000'),(268,'<p class=\"mt-6 text-2xl leading-10\">Chào shop Zulia\'s Shop,</p><p class=\"mt-6 text-2xl leading-10\">Praesent dui ex, dapibus eget mauris ut, finibus vestibulum enim. Quisque9 arcu leo, facilisis in fringilla id, luctus in tortor. Nunc vestibulum est quis orci varius viverra. Curabitur dictum volutpat massa vulputate molestie. In at felis ac velit maximus convallis. </p> <p class=\"mt-6 text-2xl leading-10\">Sed elementum turpis eu lorem interdum, sed porttitor eros commodo. Nam eu venenatis tortor, id lacinia diam. Sed aliquam in dui et porta. Sed bibendum orci non tincidunt ultrices. Vivamus fringilla, mi lacinia dapibus condimentum, ipsum urna lacinia lacus, vel tincidunt mi nibh sit amet lorem.</p><p class=\"my-6 text-2xl\">Sincerly,</p>',NULL,_binary '','[{\"product_id\" : \"54\",\"slug\" : \"tu-lanh/tu-lanh-electrolux-eme3700h-a-dung-tich-337-lit-cong-nghe-inverter-hang-chinh-hang.11c12d97954142f29bc1d79b04494b96\",\"img\" : \"IMAGE_PRODUCT/22211e58f0f561651cf199b280df1390.jpg\",\"name\" : \"Tủ Lạnh Electrolux EME3700H-A - Dung Tích 337 Lít - Công Nghệ Inverter - Hàng Chính Hãng\",\"isBaned\" : \"1\",\"negTotal\" : \"3\",\"total\" : \"3\",\"percent\" : \"100\",\"count\" : \"3\",}]','2023-06-18 15:32:30.000000',NULL,4,'Notice of prohibited products list','customer3@gmail.com','Zulia\'s Shop','MESSAGE_PRODUCT',NULL),(269,'<p class=\"mt-6 text-2xl leading-10\">Chào shop BINTECH 27,</p><p class=\"mt-6 text-2xl leading-10\">Praesent dui ex, dapibus eget mauris ut, finibus vestibulum enim. Quisque9 arcu leo, facilisis in fringilla id, luctus in tortor. Nunc vestibulum est quis orci varius viverra. Curabitur dictum volutpat massa vulputate molestie. In at felis ac velit maximus convallis. </p> <p class=\"mt-6 text-2xl leading-10\">Sed elementum turpis eu lorem interdum, sed porttitor eros commodo. Nam eu venenatis tortor, id lacinia diam. Sed aliquam in dui et porta. Sed bibendum orci non tincidunt ultrices. Vivamus fringilla, mi lacinia dapibus condimentum, ipsum urna lacinia lacus, vel tincidunt mi nibh sit amet lorem.</p><p class=\"my-6 text-2xl\">Sincerly,</p>',NULL,_binary '','[{\"product_id\" : \"58\",\"slug\" : \"tivi/smart-tivi-casper-hd-32-inch-32hx6200.436be49bcf514f70bd21dc9acd410ee3\",\"img\" : \"IMAGE_PRODUCT/2ad10132655e7d039fe0c5d7a5795295.png\",\"name\" : \"Smart Tivi Casper HD 32 inch 32HX6200\",\"isBaned\" : \"1\",\"negTotal\" : \"3\",\"total\" : \"3\",\"percent\" : \"100\",\"count\" : \"3\",},{\"product_id\" : \"34\",\"slug\" : \"may-tinh-bang/ipad-pro-m1-11-inch-8g.93bed58737b740b7afabd6d7b77d5cf5\",\"img\" : \"IMAGE_PRODUCT/surasj24jb7ut26fn6i2o248gtt33q0c.jpg\",\"name\" : \"IPad Pro M1 11 Inch 8G\",\"isBaned\" : \"1\",\"negTotal\" : \"2\",\"total\" : \"2\",\"percent\" : \"100\",\"count\" : \"3\",}]','2023-06-18 15:32:30.000000',NULL,5,'Notice of prohibited products list','customer4@gmail.com','BINTECH 27','MESSAGE_PRODUCT',NULL),(270,'<p class=\"mt-6 text-2xl leading-10\">Chào shop Zulia\'s Shop,</p><p class=\"mt-6 text-2xl leading-10\">Praesent dui ex, dapibus eget mauris ut, finibus vestibulum enim. Quisque9 arcu leo, facilisis in fringilla id, luctus in tortor. Nunc vestibulum est quis orci varius viverra. Curabitur dictum volutpat massa vulputate molestie. In at felis ac velit maximus convallis. </p> <p class=\"mt-6 text-2xl leading-10\">Sed elementum turpis eu lorem interdum, sed porttitor eros commodo. Nam eu venenatis tortor, id lacinia diam. Sed aliquam in dui et porta. Sed bibendum orci non tincidunt ultrices. Vivamus fringilla, mi lacinia dapibus condimentum, ipsum urna lacinia lacus, vel tincidunt mi nibh sit amet lorem.</p><p class=\"my-6 text-2xl\">Sincerly,</p>',NULL,_binary '','[{\"product_id\" : \"54\",\"slug\" : \"tu-lanh/tu-lanh-electrolux-eme3700h-a-dung-tich-337-lit-cong-nghe-inverter-hang-chinh-hang.11c12d97954142f29bc1d79b04494b96\",\"img\" : \"IMAGE_PRODUCT/22211e58f0f561651cf199b280df1390.jpg\",\"name\" : \"Tủ Lạnh Electrolux EME3700H-A - Dung Tích 337 Lít - Công Nghệ Inverter - Hàng Chính Hãng\",\"isBaned\" : \"1\",\"negTotal\" : \"3\",\"total\" : \"3\",\"percent\" : \"100\",\"count\" : \"3\",}]','2023-06-18 15:32:30.000000',NULL,4,'Notice of prohibited products list','customer3@gmail.com','Zulia\'s Shop','MESSAGE_PRODUCT',NULL),(271,'<p class=\"mt-6 text-2xl leading-10\">Chào shop BINTECH 27,</p><p class=\"mt-6 text-2xl leading-10\">Praesent dui ex, dapibus eget mauris ut, finibus vestibulum enim. Quisque9 arcu leo, facilisis in fringilla id, luctus in tortor. Nunc vestibulum est quis orci varius viverra. Curabitur dictum volutpat massa vulputate molestie. In at felis ac velit maximus convallis. </p> <p class=\"mt-6 text-2xl leading-10\">Sed elementum turpis eu lorem interdum, sed porttitor eros commodo. Nam eu venenatis tortor, id lacinia diam. Sed aliquam in dui et porta. Sed bibendum orci non tincidunt ultrices. Vivamus fringilla, mi lacinia dapibus condimentum, ipsum urna lacinia lacus, vel tincidunt mi nibh sit amet lorem.</p><p class=\"my-6 text-2xl\">Sincerly,</p>',NULL,_binary '','[{\"product_id\" : \"58\",\"slug\" : \"tivi/smart-tivi-casper-hd-32-inch-32hx6200.436be49bcf514f70bd21dc9acd410ee3\",\"img\" : \"IMAGE_PRODUCT/2ad10132655e7d039fe0c5d7a5795295.png\",\"name\" : \"Smart Tivi Casper HD 32 inch 32HX6200\",\"isBaned\" : \"1\",\"negTotal\" : \"3\",\"total\" : \"3\",\"percent\" : \"100\",\"count\" : \"3\",},{\"product_id\" : \"34\",\"slug\" : \"may-tinh-bang/ipad-pro-m1-11-inch-8g.93bed58737b740b7afabd6d7b77d5cf5\",\"img\" : \"IMAGE_PRODUCT/surasj24jb7ut26fn6i2o248gtt33q0c.jpg\",\"name\" : \"IPad Pro M1 11 Inch 8G\",\"isBaned\" : \"1\",\"negTotal\" : \"2\",\"total\" : \"2\",\"percent\" : \"100\",\"count\" : \"3\",}]','2023-06-18 15:32:30.000000',NULL,5,'Notice of prohibited products list','customer4@gmail.com','BINTECH 27','MESSAGE_PRODUCT',NULL),(273,'<p class=\"mt-6 text-2xl leading-10\">Chào shop Zulia\'s Shop,</p><p class=\"mt-6 text-2xl leading-10\">Praesent dui ex, dapibus eget mauris ut, finibus vestibulum enim. Quisque9 arcu leo, facilisis in fringilla id, luctus in tortor. Nunc vestibulum est quis orci varius viverra. Curabitur dictum volutpat massa vulputate molestie. In at felis ac velit maximus convallis. </p> <p class=\"mt-6 text-2xl leading-10\">Sed elementum turpis eu lorem interdum, sed porttitor eros commodo. Nam eu venenatis tortor, id lacinia diam. Sed aliquam in dui et porta. Sed bibendum orci non tincidunt ultrices. Vivamus fringilla, mi lacinia dapibus condimentum, ipsum urna lacinia lacus, vel tincidunt mi nibh sit amet lorem.</p><p class=\"my-6 text-2xl\">Sincerly,</p>',NULL,_binary '','[{\"product_id\" : \"54\",\"slug\" : \"tu-lanh/tu-lanh-electrolux-eme3700h-a-dung-tich-337-lit-cong-nghe-inverter-hang-chinh-hang.11c12d97954142f29bc1d79b04494b96\",\"img\" : \"IMAGE_PRODUCT/22211e58f0f561651cf199b280df1390.jpg\",\"name\" : \"Tủ Lạnh Electrolux EME3700H-A - Dung Tích 337 Lít - Công Nghệ Inverter - Hàng Chính Hãng\",\"isBaned\" : \"1\",\"negTotal\" : \"3\",\"total\" : \"3\",\"percent\" : \"100\",\"count\" : \"3\",}]','2023-06-18 15:32:30.000000',NULL,4,'Notice of prohibited products list','customer3@gmail.com','Zulia\'s Shop','MESSAGE_PRODUCT',NULL),(274,'<p class=\"mt-6 text-2xl leading-10\">Chào shop BINTECH 27,</p><p class=\"mt-6 text-2xl leading-10\">Praesent dui ex, dapibus eget mauris ut, finibus vestibulum enim. Quisque9 arcu leo, facilisis in fringilla id, luctus in tortor. Nunc vestibulum est quis orci varius viverra. Curabitur dictum volutpat massa vulputate molestie. In at felis ac velit maximus convallis. </p> <p class=\"mt-6 text-2xl leading-10\">Sed elementum turpis eu lorem interdum, sed porttitor eros commodo. Nam eu venenatis tortor, id lacinia diam. Sed aliquam in dui et porta. Sed bibendum orci non tincidunt ultrices. Vivamus fringilla, mi lacinia dapibus condimentum, ipsum urna lacinia lacus, vel tincidunt mi nibh sit amet lorem.</p><p class=\"my-6 text-2xl\">Sincerly,</p>',NULL,_binary '','[{\"product_id\" : \"58\",\"slug\" : \"tivi/smart-tivi-casper-hd-32-inch-32hx6200.436be49bcf514f70bd21dc9acd410ee3\",\"img\" : \"IMAGE_PRODUCT/2ad10132655e7d039fe0c5d7a5795295.png\",\"name\" : \"Smart Tivi Casper HD 32 inch 32HX6200\",\"isBaned\" : \"1\",\"negTotal\" : \"3\",\"total\" : \"3\",\"percent\" : \"100\",\"count\" : \"3\",},{\"product_id\" : \"34\",\"slug\" : \"may-tinh-bang/ipad-pro-m1-11-inch-8g.93bed58737b740b7afabd6d7b77d5cf5\",\"img\" : \"IMAGE_PRODUCT/surasj24jb7ut26fn6i2o248gtt33q0c.jpg\",\"name\" : \"IPad Pro M1 11 Inch 8G\",\"isBaned\" : \"1\",\"negTotal\" : \"2\",\"total\" : \"2\",\"percent\" : \"100\",\"count\" : \"3\",}]','2023-06-18 15:32:30.000000',NULL,5,'Notice of prohibited products list','customer4@gmail.com','BINTECH 27','MESSAGE_PRODUCT',NULL),(276,'<p class=\"mt-6 text-2xl leading-10\">Chào shop Zulia\'s Shop,</p><p class=\"mt-6 text-2xl leading-10\">Praesent dui ex, dapibus eget mauris ut, finibus vestibulum enim. Quisque9 arcu leo, facilisis in fringilla id, luctus in tortor. Nunc vestibulum est quis orci varius viverra. Curabitur dictum volutpat massa vulputate molestie. In at felis ac velit maximus convallis. </p> <p class=\"mt-6 text-2xl leading-10\">Sed elementum turpis eu lorem interdum, sed porttitor eros commodo. Nam eu venenatis tortor, id lacinia diam. Sed aliquam in dui et porta. Sed bibendum orci non tincidunt ultrices. Vivamus fringilla, mi lacinia dapibus condimentum, ipsum urna lacinia lacus, vel tincidunt mi nibh sit amet lorem.</p><p class=\"my-6 text-2xl\">Sincerly,</p>',NULL,_binary '','[{\"product_id\" : \"54\",\"slug\" : \"tu-lanh/tu-lanh-electrolux-eme3700h-a-dung-tich-337-lit-cong-nghe-inverter-hang-chinh-hang.11c12d97954142f29bc1d79b04494b96\",\"img\" : \"IMAGE_PRODUCT/22211e58f0f561651cf199b280df1390.jpg\",\"name\" : \"Tủ Lạnh Electrolux EME3700H-A - Dung Tích 337 Lít - Công Nghệ Inverter - Hàng Chính Hãng\",\"isBaned\" : \"1\",\"negTotal\" : \"3\",\"total\" : \"3\",\"percent\" : \"100\",\"count\" : \"3\",}]','2023-06-18 15:32:30.000000',NULL,4,'Notice of prohibited products list','customer3@gmail.com','Zulia\'s Shop','MESSAGE_PRODUCT',NULL),(277,'<p class=\"mt-6 text-2xl leading-10\">Chào shop BINTECH 27,</p><p class=\"mt-6 text-2xl leading-10\">Praesent dui ex, dapibus eget mauris ut, finibus vestibulum enim. Quisque9 arcu leo, facilisis in fringilla id, luctus in tortor. Nunc vestibulum est quis orci varius viverra. Curabitur dictum volutpat massa vulputate molestie. In at felis ac velit maximus convallis. </p> <p class=\"mt-6 text-2xl leading-10\">Sed elementum turpis eu lorem interdum, sed porttitor eros commodo. Nam eu venenatis tortor, id lacinia diam. Sed aliquam in dui et porta. Sed bibendum orci non tincidunt ultrices. Vivamus fringilla, mi lacinia dapibus condimentum, ipsum urna lacinia lacus, vel tincidunt mi nibh sit amet lorem.</p><p class=\"my-6 text-2xl\">Sincerly,</p>',NULL,_binary '','[{\"product_id\" : \"58\",\"slug\" : \"tivi/smart-tivi-casper-hd-32-inch-32hx6200.436be49bcf514f70bd21dc9acd410ee3\",\"img\" : \"IMAGE_PRODUCT/2ad10132655e7d039fe0c5d7a5795295.png\",\"name\" : \"Smart Tivi Casper HD 32 inch 32HX6200\",\"isBaned\" : \"1\",\"negTotal\" : \"3\",\"total\" : \"3\",\"percent\" : \"100\",\"count\" : \"3\",},{\"product_id\" : \"34\",\"slug\" : \"may-tinh-bang/ipad-pro-m1-11-inch-8g.93bed58737b740b7afabd6d7b77d5cf5\",\"img\" : \"IMAGE_PRODUCT/surasj24jb7ut26fn6i2o248gtt33q0c.jpg\",\"name\" : \"IPad Pro M1 11 Inch 8G\",\"isBaned\" : \"1\",\"negTotal\" : \"2\",\"total\" : \"2\",\"percent\" : \"100\",\"count\" : \"3\",}]','2023-06-18 15:32:30.000000',NULL,5,'Notice of prohibited products list','customer4@gmail.com','BINTECH 27','MESSAGE_PRODUCT',NULL);
/*!40000 ALTER TABLE `tbl_message` ENABLE KEYS */;
UNLOCK TABLES;

--
-- Table structure for table `tbl_order`
--

DROP TABLE IF EXISTS `tbl_order`;
/*!40101 SET @saved_cs_client     = @@character_set_client */;
/*!50503 SET character_set_client = utf8mb4 */;
CREATE TABLE `tbl_order` (
  `id` bigint NOT NULL AUTO_INCREMENT,
  `created_at` datetime(6) DEFAULT NULL,
  `email` varchar(320) DEFAULT NULL,
  `full_name` varchar(45) NOT NULL,
  `gender` varchar(255) DEFAULT NULL,
  `line` varchar(255) NOT NULL,
  `note` varchar(500) DEFAULT NULL,
  `payment` varchar(50) NOT NULL,
  `payment_order_code` varchar(255) DEFAULT NULL,
  `phone` varchar(13) NOT NULL,
  `status` varchar(50) NOT NULL,
  `total_fee` decimal(38,2) NOT NULL,
  `total_price` decimal(38,2) NOT NULL,
  `total_price_discount` decimal(38,2) NOT NULL,
  `total_price_product` decimal(38,2) NOT NULL,
  `updated_at` datetime(6) DEFAULT NULL,
  `location_id` bigint NOT NULL,
  `user_id` bigint NOT NULL,
  PRIMARY KEY (`id`),
  KEY `FK7mvpqvss99x8w7mivj2yed38g` (`location_id`),
  KEY `FKhyolniflkctr0p6bp4t8me9vj` (`user_id`),
  CONSTRAINT `FK7mvpqvss99x8w7mivj2yed38g` FOREIGN KEY (`location_id`) REFERENCES `tbl_location` (`id`),
  CONSTRAINT `FKhyolniflkctr0p6bp4t8me9vj` FOREIGN KEY (`user_id`) REFERENCES `tbl_user` (`id`)
) ENGINE=InnoDB AUTO_INCREMENT=60 DEFAULT CHARSET=utf8mb4 COLLATE=utf8mb4_0900_ai_ci;
/*!40101 SET character_set_client = @saved_cs_client */;

--
-- Dumping data for table `tbl_order`
--

LOCK TABLES `tbl_order` WRITE;
/*!40000 ALTER TABLE `tbl_order` DISABLE KEYS */;
INSERT INTO `tbl_order` VALUES (1,'2023-06-13 23:05:49.720000','customer0@gmail.com','Trình Khánh Duy','UNKNOWN','Hẻm 2/9 Tú Mỡ',NULL,'CASH','PAYID-MSUWNNI00B03553FU554371F','0395000110','ORDER_SHIPPING',0.00,9780000.00,0.00,0.00,'2023-07-08 20:37:56.961000',12,3),(2,'2023-06-16 23:05:49.720000','customer2@gmail.com','Ngô Hảo Hán','UNKNOWN','Đường Số 1',NULL,'CASH',NULL,'0395000112','ORDER_SHIPPING',0.00,159750000.00,0.00,0.00,'2023-06-17 23:06:00.601000',14,5),(3,'2023-06-16 23:05:49.720000','customer2@gmail.com','Ngô Hảo Hán','UNKNOWN','Đường Số 1',NULL,'CASH',NULL,'0395000112','ORDER_SHIPPING',0.00,186499000.00,0.00,0.00,'2023-06-17 23:06:00.993000',14,5),(4,'2023-06-13 23:05:49.720000','customer2@gmail.com','Ngô Hảo Hán','UNKNOWN','Đường Số 1',NULL,'CASH',NULL,'0395000112','ORDER_SHIPPING',0.00,8991000.00,0.00,0.00,'2023-06-17 23:06:01.352000',14,5),(5,'2023-06-16 23:05:49.720000','customer2@gmail.com','Ngô Hảo Hán','UNKNOWN','Đường Số 1',NULL,'CASH',NULL,'0395000112','ORDER_SHIPPING',0.00,93500000.00,0.00,0.00,'2023-06-17 23:06:01.950000',14,5),(6,'2023-06-16 23:05:49.720000','customer7@gmail.com','Trần Lệ Thủy','UNKNOWN','Hẻm 456/31 Cao Thắng',NULL,'CASH',NULL,'0395000117','ORDER_SHIPPING',0.00,21271000.00,0.00,0.00,'2023-06-17 23:06:02.369000',19,10),(7,'2023-06-15 23:05:49.720000','customer7@gmail.com','Trần Lệ Thủy','UNKNOWN','Hẻm 456/31 Cao Thắng',NULL,'CASH',NULL,'0395000117','ORDER_SHIPPING',0.00,50130000.00,0.00,0.00,'2023-06-17 23:06:02.965000',19,10),(8,'2023-06-14 23:05:49.720000','customer6@gmail.com','Lý Nhã Kỳ','UNKNOWN','Hẻm 47 Bùi Đình Túy',NULL,'CASH',NULL,'0395000116','ORDER_SHIPPING',0.00,36200000.00,0.00,0.00,'2023-06-17 23:06:03.342000',18,9),(9,'2023-06-15 23:05:49.720000','customer3@gmail.com','Tạ Quang Lê','UNKNOWN','Hẻm 119/7 Đường Số 7',NULL,'CASH',NULL,'0395000113','ORDER_SHIPPING',0.00,687880000.00,0.00,0.00,'2023-06-17 23:06:03.750000',15,6),(10,'2023-06-14 23:05:49.720000','customer5@gmail.com','Phùng Khắc Mai','UNKNOWN','Hẻm 15/13 Nguyễn Du',NULL,'CASH',NULL,'0395000115','ORDER_SHIPPING',0.00,129924000.00,0.00,0.00,'2023-06-17 23:06:04.261000',17,8),(11,'2023-06-15 23:05:49.720000','customer8@gmail.com','Bùi Khánh Ly','UNKNOWN','Hẻm 6 Nguyễn Trung Trực',NULL,'CASH',NULL,'0395000118','ORDER_SHIPPING',0.00,111600000.00,0.00,0.00,'2023-06-17 23:06:04.843000',20,11),(12,'2023-06-16 23:05:49.720000','customer6@gmail.com','Lý Nhã Kỳ','UNKNOWN','Hẻm 47 Bùi Đình Túy',NULL,'CASH',NULL,'0395000116','ORDER_SHIPPING',0.00,166870000.00,0.00,0.00,'2023-06-17 23:06:05.337000',18,9),(13,'2023-06-14 23:05:49.720000','customer5@gmail.com','Phùng Khắc Mai','UNKNOWN','Hẻm 15/13 Nguyễn Du',NULL,'CASH',NULL,'0395000115','ORDER_SHIPPING',0.00,217710000.00,0.00,0.00,'2023-06-17 23:06:05.782000',17,8),(14,'2023-06-13 23:05:49.720000','customer5@gmail.com','Phùng Khắc Mai','UNKNOWN','Hẻm 15/13 Nguyễn Du',NULL,'CASH',NULL,'0395000115','ORDER_SHIPPING',0.00,23900000.00,0.00,0.00,'2023-06-17 23:06:06.258000',17,8),(15,'2023-06-16 23:05:49.720000','customer8@gmail.com','Bùi Khánh Ly','UNKNOWN','Hẻm 6 Nguyễn Trung Trực',NULL,'CASH',NULL,'0395000118','ORDER_SHIPPING',0.00,333060000.00,0.00,0.00,'2023-06-17 23:06:06.714000',20,11),(16,'2023-06-15 23:05:49.720000','customer0@gmail.com','Trình Khánh Duy','UNKNOWN','Hẻm 2/9 Tú Mỡ',NULL,'CASH',NULL,'0395000110','ORDER_SHIPPING',0.00,133050000.00,0.00,0.00,'2023-06-17 23:06:07.156000',12,3),(17,'2023-06-17 23:05:49.720000','customer5@gmail.com','Phùng Khắc Mai','UNKNOWN','Hẻm 15/13 Nguyễn Du',NULL,'CASH',NULL,'0395000115','ORDER_SHIPPING',0.00,609480000.00,0.00,0.00,'2023-06-17 23:06:07.728000',17,8),(18,'2023-06-17 23:05:49.720000','customer0@gmail.com','Trình Khánh Duy','UNKNOWN','Hẻm 2/9 Tú Mỡ',NULL,'CASH',NULL,'0395000110','ORDER_SHIPPING',0.00,365819100.00,0.00,0.00,'2023-06-17 23:06:08.417000',12,3),(19,'2023-06-16 23:05:49.720000','customer7@gmail.com','Trần Lệ Thủy','UNKNOWN','Hẻm 456/31 Cao Thắng',NULL,'CASH',NULL,'0395000117','ORDER_SHIPPING',0.00,37660000.00,0.00,0.00,'2023-06-17 23:06:08.831000',19,10),(20,'2023-06-15 23:05:49.720000','customer7@gmail.com','Trần Lệ Thủy','UNKNOWN','Hẻm 456/31 Cao Thắng',NULL,'CASH',NULL,'0395000117','ORDER_SHIPPING',0.00,163300000.00,0.00,0.00,'2023-06-17 23:06:09.306000',19,10),(21,'2023-06-16 23:05:49.720000','customer4@gmail.com','Phan Trúc Mai','UNKNOWN','Hẻm 7',NULL,'CASH',NULL,'0395000114','ORDER_SHIPPING',0.00,128909000.00,0.00,0.00,'2023-06-17 23:06:09.812000',16,7),(22,'2023-06-14 23:05:49.720000','customer3@gmail.com','Tạ Quang Lê','UNKNOWN','Hẻm 119/7 Đường Số 7',NULL,'CASH',NULL,'0395000113','ORDER_SHIPPING',0.00,178620000.00,0.00,0.00,'2023-06-17 23:06:10.227000',15,6),(23,'2023-06-17 23:05:49.720000','customer6@gmail.com','Lý Nhã Kỳ','UNKNOWN','Hẻm 47 Bùi Đình Túy',NULL,'CASH',NULL,'0395000116','ORDER_SHIPPING',0.00,351410000.00,0.00,0.00,'2023-06-17 23:06:10.738000',18,9),(24,'2023-06-17 23:05:49.720000','customer8@gmail.com','Bùi Khánh Ly','UNKNOWN','Hẻm 6 Nguyễn Trung Trực',NULL,'CASH',NULL,'0395000118','ORDER_SHIPPING',0.00,421560000.00,0.00,0.00,'2023-06-17 23:06:11.198000',20,11),(25,'2023-06-15 23:05:49.720000','customer4@gmail.com','Phan Trúc Mai','UNKNOWN','Hẻm 7',NULL,'CASH',NULL,'0395000114','ORDER_SHIPPING',0.00,37166000.00,0.00,0.00,'2023-06-17 23:06:11.641000',16,7),(26,'2023-06-14 23:05:49.720000','customer4@gmail.com','Phan Trúc Mai','UNKNOWN','Hẻm 7',NULL,'CASH',NULL,'0395000114','ORDER_SHIPPING',0.00,246420000.00,0.00,0.00,'2023-06-17 23:06:12.176000',16,7),(27,'2023-06-14 23:05:49.720000','customer2@gmail.com','Ngô Hảo Hán','UNKNOWN','Đường Số 1',NULL,'CASH',NULL,'0395000112','ORDER_SHIPPING',0.00,30642000.00,0.00,0.00,'2023-06-17 23:06:12.601000',14,5),(28,'2023-06-17 23:05:49.720000','customer1@gmail.com','Lê Triều Quý','UNKNOWN','Hẻm 108 Lê Tự Tài',NULL,'CASH',NULL,'0395000111','ORDER_SHIPPING',0.00,260370000.00,0.00,0.00,'2023-06-17 23:06:13.031000',13,4),(29,'2023-06-15 23:05:49.720000','customer8@gmail.com','Bùi Khánh Ly','UNKNOWN','Hẻm 6 Nguyễn Trung Trực',NULL,'CASH',NULL,'0395000118','ORDER_SHIPPING',0.00,272840000.00,0.00,0.00,'2023-06-17 23:06:13.511000',20,11),(30,'2023-06-14 23:05:49.720000','customer7@gmail.com','Trần Lệ Thủy','UNKNOWN','Hẻm 456/31 Cao Thắng',NULL,'CASH',NULL,'0395000117','ORDER_SHIPPING',0.00,270300000.00,0.00,0.00,'2023-06-17 23:06:14.028000',19,10),(31,'2023-06-14 23:05:49.720000','customer2@gmail.com','Ngô Hảo Hán','UNKNOWN','Đường Số 1',NULL,'CASH',NULL,'0395000112','ORDER_SHIPPING',0.00,85370000.00,0.00,0.00,'2023-06-17 23:06:14.464000',14,5),(32,'2023-06-15 23:05:49.720000','customer8@gmail.com','Bùi Khánh Ly','UNKNOWN','Hẻm 6 Nguyễn Trung Trực',NULL,'CASH',NULL,'0395000118','ORDER_SHIPPING',0.00,264330000.00,0.00,0.00,'2023-06-17 23:06:15.003000',20,11),(33,'2023-06-13 23:05:49.720000','customer5@gmail.com','Phùng Khắc Mai','UNKNOWN','Hẻm 15/13 Nguyễn Du',NULL,'CASH',NULL,'0395000115','ORDER_SHIPPING',0.00,106360000.00,0.00,0.00,'2023-06-17 23:06:15.435000',17,8),(34,'2023-06-13 23:05:49.720000','customer8@gmail.com','Bùi Khánh Ly','UNKNOWN','Hẻm 6 Nguyễn Trung Trực',NULL,'CASH',NULL,'0395000118','ORDER_SHIPPING',0.00,19600000.00,0.00,0.00,'2023-06-17 23:06:15.839000',20,11),(35,'2023-06-16 23:05:49.720000','customer5@gmail.com','Phùng Khắc Mai','UNKNOWN','Hẻm 15/13 Nguyễn Du',NULL,'CASH',NULL,'0395000115','ORDER_SHIPPING',0.00,246010000.00,0.00,0.00,'2023-06-17 23:06:16.321000',17,8),(36,'2023-06-15 23:05:49.720000','customer5@gmail.com','Phùng Khắc Mai','UNKNOWN','Hẻm 15/13 Nguyễn Du',NULL,'CASH',NULL,'0395000115','ORDER_SHIPPING',0.00,209830000.00,0.00,0.00,'2023-06-17 23:06:16.803000',17,8),(37,'2023-06-16 23:05:49.720000','customer4@gmail.com','Phan Trúc Mai','UNKNOWN','Hẻm 7',NULL,'CASH',NULL,'0395000114','ORDER_SHIPPING',0.00,32530000.00,0.00,0.00,'2023-06-17 23:06:17.230000',16,7),(38,'2023-06-15 23:05:49.720000','customer4@gmail.com','Phan Trúc Mai','UNKNOWN','Hẻm 7',NULL,'CASH',NULL,'0395000114','ORDER_SHIPPING',0.00,60420000.00,0.00,0.00,'2023-06-17 23:06:17.684000',16,7),(39,'2023-06-13 23:05:49.720000','customer8@gmail.com','Bùi Khánh Ly','UNKNOWN','Hẻm 6 Nguyễn Trung Trực',NULL,'CASH',NULL,'0395000118','ORDER_SHIPPING',0.00,53960000.00,0.00,0.00,'2023-06-17 23:06:18.087000',20,11),(40,'2023-06-15 23:05:49.720000','customer7@gmail.com','Trần Lệ Thủy','UNKNOWN','Hẻm 456/31 Cao Thắng',NULL,'CASH',NULL,'0395000117','ORDER_SHIPPING',0.00,43600000.00,0.00,0.00,'2023-06-17 23:06:18.662000',19,10),(41,'2023-06-13 23:05:49.720000','customer6@gmail.com','Lý Nhã Kỳ','UNKNOWN','Hẻm 47 Bùi Đình Túy',NULL,'CASH',NULL,'0395000116','ORDER_SHIPPING',0.00,53960000.00,0.00,0.00,'2023-06-17 23:06:19.086000',18,9),(42,'2023-06-16 23:05:49.720000','customer4@gmail.com','Phan Trúc Mai','UNKNOWN','Hẻm 7',NULL,'CASH',NULL,'0395000114','ORDER_SHIPPING',0.00,500330000.00,0.00,0.00,'2023-06-17 23:06:19.640000',16,7),(43,'2023-06-15 23:05:49.720000','customer0@gmail.com','Trình Khánh Duy','UNKNOWN','Hẻm 2/9 Tú Mỡ',NULL,'CASH',NULL,'0395000110','ORDER_SHIPPING',0.00,65160000.00,0.00,0.00,'2023-06-17 23:06:20.145000',12,3),(44,'2023-06-16 23:05:49.720000','customer3@gmail.com','Tạ Quang Lê','UNKNOWN','Hẻm 119/7 Đường Số 7',NULL,'CASH',NULL,'0395000113','ORDER_SHIPPING',0.00,71459000.00,0.00,0.00,'2023-06-17 23:06:20.703000',15,6),(45,'2023-06-17 23:05:49.720000','customer5@gmail.com','Phùng Khắc Mai','UNKNOWN','Hẻm 15/13 Nguyễn Du',NULL,'CASH',NULL,'0395000115','ORDER_SHIPPING',0.00,122060000.00,0.00,0.00,'2023-06-17 23:06:21.163000',17,8),(46,'2023-06-16 23:05:49.720000','customer2@gmail.com','Ngô Hảo Hán','UNKNOWN','Đường Số 1',NULL,'CASH',NULL,'0395000112','ORDER_SHIPPING',0.00,17651000.00,0.00,0.00,'2023-06-17 23:06:21.609000',14,5),(47,'2023-06-14 23:05:49.720000','customer4@gmail.com','Phan Trúc Mai','UNKNOWN','Hẻm 7',NULL,'CASH',NULL,'0395000114','ORDER_SHIPPING',0.00,62610000.00,0.00,0.00,'2023-06-17 23:06:22.061000',16,7),(48,'2023-06-15 23:05:49.720000','customer8@gmail.com','Bùi Khánh Ly','UNKNOWN','Hẻm 6 Nguyễn Trung Trực',NULL,'CASH',NULL,'0395000118','ORDER_SHIPPING',0.00,283688000.00,0.00,0.00,'2023-06-17 23:06:22.514000',20,11),(49,'2023-06-15 23:05:49.720000','customer1@gmail.com','Lê Triều Quý','UNKNOWN','Hẻm 108 Lê Tự Tài',NULL,'CASH',NULL,'0395000111','ORDER_SHIPPING',0.00,221489000.00,0.00,0.00,'2023-06-17 23:06:22.925000',13,4),(50,'2023-06-16 23:05:49.720000','customer8@gmail.com','Bùi Khánh Ly','UNKNOWN','Hẻm 6 Nguyễn Trung Trực',NULL,'CASH',NULL,'0395000118','ORDER_SHIPPING',0.00,175880000.00,0.00,0.00,'2023-06-17 23:06:23.442000',20,11),(51,'2023-06-18 19:27:53.817000','customer0@gmail.com','Trình Khánh Duy','MALE','Hẻm 2/9 Tú Mỡ','','VNPAY','67377117','0395000110','ORDER_AWAITING_PAYMENT',36001.00,29226001.00,0.00,0.00,'2023-06-18 19:27:54.208000',12,3),(52,'2023-06-18 19:33:58.585000','customer0@gmail.com','Trình Khánh Duy','MALE','Hẻm 2/9 Tú Mỡ','','VNPAY','29177701','0395000110','ORDER_AWAITING_PAYMENT',36001.00,29226001.00,0.00,0.00,'2023-06-18 19:33:58.958000',12,3),(53,'2023-06-18 19:35:40.423000','customer0@gmail.com','Trình Khánh Duy','MALE','Hẻm 2/9 Tú Mỡ','','VNPAY','72209356','0395000110','ORDER_AWAITING_PAYMENT',36001.00,12526001.00,0.00,0.00,'2023-06-18 19:35:40.840000',12,3),(54,'2023-07-07 20:45:04.766000','customer0@gmail.com','Trình Khánh Duy','MALE','Hẻm 2/9 Tú Mỡ','','VNPAY',NULL,'0395000110','ORDER_AWAITING_PAYMENT',47000.00,29237000.00,0.00,0.00,'2023-07-07 20:45:05.112000',12,3),(55,'2023-07-07 20:49:38.997000','customer0@gmail.com','Trình Khánh Duy','MALE','Hẻm 2/9 Tú Mỡ','','VNPAY',NULL,'0395000110','ORDER_AWAITING_PAYMENT',47000.00,29237000.00,0.00,0.00,'2023-07-07 20:49:39.359000',12,3),(56,'2023-07-07 20:50:34.027000','customer0@gmail.com','Trình Khánh Duy','MALE','Hẻm 2/9 Tú Mỡ','','VNPAY',NULL,'0395000110','ORDER_AWAITING_PAYMENT',47000.00,29237000.00,0.00,0.00,'2023-07-07 20:50:34.452000',12,3),(57,'2023-07-07 20:51:11.561000','customer0@gmail.com','Trình Khánh Duy','MALE','Hẻm 2/9 Tú Mỡ','','VNPAY',NULL,'0395000110','ORDER_AWAITING_PAYMENT',47000.00,29237000.00,0.00,0.00,'2023-07-07 20:51:11.936000',12,3),(58,'2023-07-07 20:51:38.532000','customer0@gmail.com','Trình Khánh Duy','MALE','Hẻm 2/9 Tú Mỡ','','VNPAY','PAYID-MSUBQ4I50302797MF978705W','0395000110','ORDER_AWAITING_PAYMENT',47000.00,29237000.00,0.00,0.00,'2023-07-07 20:51:45.137000',12,3),(59,'2023-07-08 21:02:14.761000','demo@gmail.com','Lê Lê','MALE','Số 8','','PAYPAL','PAYID-MSUWY3I1AA285649B0360801','0856875688','ORDER_SHIPPING',47000.00,29237000.00,0.00,0.00,'2023-07-08 21:02:54.489000',33,15);
/*!40000 ALTER TABLE `tbl_order` ENABLE KEYS */;
UNLOCK TABLES;

--
-- Table structure for table `tbl_order_discounts`
--

DROP TABLE IF EXISTS `tbl_order_discounts`;
/*!40101 SET @saved_cs_client     = @@character_set_client */;
/*!50503 SET character_set_client = utf8mb4 */;
CREATE TABLE `tbl_order_discounts` (
  `order_id` bigint NOT NULL,
  `discount_id` bigint NOT NULL,
  PRIMARY KEY (`order_id`,`discount_id`),
  KEY `FKe96a394nyjxllwg3k80miys07` (`discount_id`),
  CONSTRAINT `FK4bn7vru48q7865874jek5sfl4` FOREIGN KEY (`order_id`) REFERENCES `tbl_order` (`id`),
  CONSTRAINT `FKe96a394nyjxllwg3k80miys07` FOREIGN KEY (`discount_id`) REFERENCES `tbl_discount` (`id`)
) ENGINE=InnoDB DEFAULT CHARSET=utf8mb4 COLLATE=utf8mb4_0900_ai_ci;
/*!40101 SET character_set_client = @saved_cs_client */;

--
-- Dumping data for table `tbl_order_discounts`
--

LOCK TABLES `tbl_order_discounts` WRITE;
/*!40000 ALTER TABLE `tbl_order_discounts` DISABLE KEYS */;
/*!40000 ALTER TABLE `tbl_order_discounts` ENABLE KEYS */;
UNLOCK TABLES;

--
-- Table structure for table `tbl_order_item`
--

DROP TABLE IF EXISTS `tbl_order_item`;
/*!40101 SET @saved_cs_client     = @@character_set_client */;
/*!50503 SET character_set_client = utf8mb4 */;
CREATE TABLE `tbl_order_item` (
  `id` bigint NOT NULL AUTO_INCREMENT,
  `created_at` datetime(6) DEFAULT NULL,
  `note` varchar(500) DEFAULT NULL,
  `quantity` bigint NOT NULL,
  `status` varchar(50) NOT NULL,
  `total_price` decimal(38,2) NOT NULL,
  `updated_at` datetime(6) DEFAULT NULL,
  `order_id` bigint DEFAULT NULL,
  `shop_id` bigint DEFAULT NULL,
  `product_id` bigint NOT NULL,
  `sale_id` bigint DEFAULT NULL,
  `user_id` bigint DEFAULT NULL,
  PRIMARY KEY (`id`),
  KEY `FKbxn1plcri8yl3qk753ls9s07s` (`order_id`,`shop_id`),
  KEY `FK1oy9x003q55eqmuiv0y8a15e` (`product_id`),
  KEY `FKfwynd0fwstkegwmrfvo7qxx7a` (`sale_id`),
  KEY `FKljhkkpam04k22q6y0sdlskw0b` (`user_id`),
  CONSTRAINT `FK1oy9x003q55eqmuiv0y8a15e` FOREIGN KEY (`product_id`) REFERENCES `tbl_product` (`id`),
  CONSTRAINT `FKbxn1plcri8yl3qk753ls9s07s` FOREIGN KEY (`order_id`, `shop_id`) REFERENCES `tbl_order_shop` (`order_id`, `shop_id`),
  CONSTRAINT `FKfwynd0fwstkegwmrfvo7qxx7a` FOREIGN KEY (`sale_id`) REFERENCES `tbl_sale` (`id`),
  CONSTRAINT `FKljhkkpam04k22q6y0sdlskw0b` FOREIGN KEY (`user_id`) REFERENCES `tbl_user` (`id`)
) ENGINE=InnoDB AUTO_INCREMENT=142 DEFAULT CHARSET=utf8mb4 COLLATE=utf8mb4_0900_ai_ci;
/*!40101 SET character_set_client = @saved_cs_client */;

--
-- Dumping data for table `tbl_order_item`
--

LOCK TABLES `tbl_order_item` WRITE;
/*!40000 ALTER TABLE `tbl_order_item` DISABLE KEYS */;
INSERT INTO `tbl_order_item` VALUES (1,'2023-06-17 23:06:00.173000',NULL,1,'PAID',9780000.00,'2023-06-17 23:06:00.173000',1,6,46,NULL,NULL),(2,'2023-06-17 23:06:00.547000',NULL,3,'PAID',29970000.00,'2023-06-17 23:06:00.547000',2,1,60,NULL,NULL),(3,'2023-06-17 23:06:00.548000',NULL,2,'PAID',17820000.00,'2023-06-17 23:06:00.548000',2,4,67,NULL,NULL),(4,'2023-06-17 23:06:00.549000',NULL,3,'PAID',11400000.00,'2023-06-17 23:06:00.549000',2,5,58,NULL,NULL),(5,'2023-06-17 23:06:00.934000',NULL,3,'PAID',26973000.00,'2023-06-17 23:06:00.934000',3,4,4,NULL,NULL),(6,'2023-06-17 23:06:00.935000',NULL,1,'PAID',23490000.00,'2023-06-17 23:06:00.935000',3,7,27,NULL,NULL),(7,'2023-06-17 23:06:00.935000',NULL,1,'PAID',18490000.00,'2023-06-17 23:06:00.935000',3,7,38,NULL,NULL),(8,'2023-06-17 23:06:00.936000',NULL,2,'PAID',31800000.00,'2023-06-17 23:06:00.936000',3,1,72,NULL,NULL),(9,'2023-06-17 23:06:01.325000',NULL,1,'PAID',8991000.00,'2023-06-17 23:06:01.325000',4,4,4,NULL,NULL),(10,'2023-06-17 23:06:01.868000',NULL,1,'PAID',13490000.00,'2023-06-17 23:06:01.868000',5,4,22,NULL,NULL),(11,'2023-06-17 23:06:01.868000',NULL,3,'PAID',17970000.00,'2023-06-17 23:06:01.868000',5,5,59,NULL,NULL),(12,'2023-06-17 23:06:01.869000',NULL,3,'PAID',8700000.00,'2023-06-17 23:06:01.869000',5,6,61,NULL,NULL),(13,'2023-06-17 23:06:01.870000',NULL,1,'PAID',0.00,'2023-06-17 23:06:01.870000',5,3,79,NULL,NULL),(14,'2023-06-17 23:06:02.316000',NULL,1,'PAID',4790000.00,'2023-06-17 23:06:02.316000',6,5,7,NULL,NULL),(15,'2023-06-17 23:06:02.317000',NULL,1,'PAID',7490000.00,'2023-06-17 23:06:02.317000',6,7,77,NULL,NULL),(16,'2023-06-17 23:06:02.317000',NULL,1,'PAID',8991000.00,'2023-06-17 23:06:02.317000',6,4,4,NULL,NULL),(17,'2023-06-17 23:06:02.919000',NULL,1,'PAID',14490000.00,'2023-06-17 23:06:02.919000',7,3,40,NULL,NULL),(18,'2023-06-17 23:06:02.920000',NULL,2,'PAID',17820000.00,'2023-06-17 23:06:02.920000',7,4,67,NULL,NULL),(19,'2023-06-17 23:06:03.302000',NULL,3,'PAID',10470000.00,'2023-06-17 23:06:03.302000',8,1,30,NULL,NULL),(20,'2023-06-17 23:06:03.303000',NULL,1,'PAID',4790000.00,'2023-06-17 23:06:03.303000',8,3,9,NULL,NULL),(21,'2023-06-17 23:06:03.692000',NULL,2,'PAID',329800000.00,'2023-06-17 23:06:03.692000',9,1,41,NULL,NULL),(22,'2023-06-17 23:06:03.692000',NULL,1,'PAID',4790000.00,'2023-06-17 23:06:03.692000',9,2,11,NULL,NULL),(23,'2023-06-17 23:06:03.693000',NULL,1,'PAID',23490000.00,'2023-06-17 23:06:03.693000',9,3,29,NULL,NULL),(24,'2023-06-17 23:06:04.196000',NULL,2,'PAID',17982000.00,'2023-06-17 23:06:04.196000',10,4,4,NULL,NULL),(25,'2023-06-17 23:06:04.197000',NULL,2,'PAID',46980000.00,'2023-06-17 23:06:04.197000',10,7,27,NULL,NULL),(26,'2023-06-17 23:06:04.805000',NULL,2,'PAID',55800000.00,'2023-06-17 23:06:04.805000',11,4,68,NULL,NULL),(27,'2023-06-17 23:06:05.264000',NULL,2,'PAID',17180000.00,'2023-06-17 23:06:05.264000',12,1,14,NULL,NULL),(28,'2023-06-17 23:06:05.265000',NULL,2,'PAID',46980000.00,'2023-06-17 23:06:05.265000',12,3,29,NULL,NULL),(29,'2023-06-17 23:06:05.265000',NULL,1,'PAID',14650000.00,'2023-06-17 23:06:05.265000',12,4,45,NULL,NULL),(30,'2023-06-17 23:06:05.266000',NULL,1,'PAID',23900000.00,'2023-06-17 23:06:05.266000',12,5,63,NULL,NULL),(31,'2023-06-17 23:06:05.749000',NULL,3,'PAID',72570000.00,'2023-06-17 23:06:05.749000',13,2,53,NULL,NULL),(32,'2023-06-17 23:06:06.223000',NULL,1,'PAID',23900000.00,'2023-06-17 23:06:06.223000',14,5,63,NULL,NULL),(33,'2023-06-17 23:06:06.631000',NULL,3,'PAID',70470000.00,'2023-06-17 23:06:06.631000',15,3,29,NULL,NULL),(34,'2023-06-17 23:06:06.631000',NULL,1,'PAID',33490000.00,'2023-06-17 23:06:06.631000',15,4,35,NULL,NULL),(35,'2023-06-17 23:06:06.632000',NULL,3,'PAID',11400000.00,'2023-06-17 23:06:06.632000',15,5,58,NULL,NULL),(36,'2023-06-17 23:06:06.633000',NULL,2,'PAID',26980000.00,'2023-06-17 23:06:06.633000',15,7,21,NULL,NULL),(37,'2023-06-17 23:06:07.112000',NULL,2,'PAID',31800000.00,'2023-06-17 23:06:07.112000',16,1,72,NULL,NULL),(38,'2023-06-17 23:06:07.112000',NULL,2,'PAID',32980000.00,'2023-06-17 23:06:07.112000',16,4,39,NULL,NULL),(39,'2023-06-17 23:06:07.112000',NULL,1,'PAID',3490000.00,'2023-06-17 23:06:07.112000',16,4,20,NULL,NULL),(40,'2023-06-17 23:06:07.655000',NULL,3,'PAID',0.00,'2023-06-17 23:06:07.655000',17,3,79,NULL,NULL),(41,'2023-06-17 23:06:07.656000',NULL,3,'PAID',43950000.00,'2023-06-17 23:06:07.656000',17,4,45,NULL,NULL),(42,'2023-06-17 23:06:07.656000',NULL,3,'PAID',137970000.00,'2023-06-17 23:06:07.656000',17,5,52,NULL,NULL),(43,'2023-06-17 23:06:07.657000',NULL,2,'PAID',31860000.00,'2023-06-17 23:06:07.657000',17,6,47,NULL,NULL),(44,'2023-06-17 23:06:08.352000',NULL,2,'PAID',26640000.00,'2023-06-17 23:06:08.352000',18,2,73,NULL,NULL),(45,'2023-06-17 23:06:08.352000',NULL,2,'PAID',55800000.00,'2023-06-17 23:06:08.352000',18,4,68,NULL,NULL),(46,'2023-06-17 23:06:08.353000',NULL,3,'PAID',58979700.00,'2023-06-17 23:06:08.353000',18,5,57,NULL,NULL),(47,'2023-06-17 23:06:08.353000',NULL,2,'PAID',12000000.00,'2023-06-17 23:06:08.353000',18,6,64,NULL,NULL),(48,'2023-06-17 23:06:08.774000',NULL,1,'PAID',4790000.00,'2023-06-17 23:06:08.774000',19,3,9,NULL,NULL),(49,'2023-06-17 23:06:08.776000',NULL,1,'PAID',8910000.00,'2023-06-17 23:06:08.776000',19,4,67,NULL,NULL),(50,'2023-06-17 23:06:08.776000',NULL,2,'PAID',11980000.00,'2023-06-17 23:06:08.776000',19,5,59,NULL,NULL),(51,'2023-06-17 23:06:09.238000',NULL,1,'PAID',12490000.00,'2023-06-17 23:06:09.238000',20,3,1,NULL,NULL),(52,'2023-06-17 23:06:09.239000',NULL,1,'PAID',7890000.00,'2023-06-17 23:06:09.239000',20,5,16,NULL,NULL),(53,'2023-06-17 23:06:09.240000',NULL,3,'PAID',47640000.00,'2023-06-17 23:06:09.240000',20,2,65,NULL,NULL),(54,'2023-06-17 23:06:09.753000',NULL,1,'PAID',3179000.00,'2023-06-17 23:06:09.753000',21,4,55,NULL,NULL),(55,'2023-06-17 23:06:09.753000',NULL,1,'PAID',13320000.00,'2023-06-17 23:06:09.753000',21,2,73,NULL,NULL),(56,'2023-06-17 23:06:09.754000',NULL,3,'PAID',37470000.00,'2023-06-17 23:06:09.754000',21,3,1,NULL,NULL),(57,'2023-06-17 23:06:10.180000',NULL,3,'PAID',53700000.00,'2023-06-17 23:06:10.180000',22,3,76,NULL,NULL),(58,'2023-06-17 23:06:10.180000',NULL,2,'PAID',8760000.00,'2023-06-17 23:06:10.180000',22,4,50,NULL,NULL),(59,'2023-06-17 23:06:10.653000',NULL,3,'PAID',8970000.00,'2023-06-17 23:06:10.653000',23,6,80,NULL,NULL),(60,'2023-06-17 23:06:10.654000',NULL,3,'PAID',55470000.00,'2023-06-17 23:06:10.654000',23,7,38,NULL,NULL),(61,'2023-06-17 23:06:10.655000',NULL,3,'PAID',47700000.00,'2023-06-17 23:06:10.655000',23,1,72,NULL,NULL),(62,'2023-06-17 23:06:10.656000',NULL,1,'PAID',14990000.00,'2023-06-17 23:06:10.656000',23,4,69,NULL,NULL),(63,'2023-06-17 23:06:11.134000',NULL,3,'PAID',58470000.00,'2023-06-17 23:06:11.134000',24,7,24,NULL,NULL),(64,'2023-06-17 23:06:11.135000',NULL,3,'PAID',1260000.00,'2023-06-17 23:06:11.135000',24,1,12,NULL,NULL),(65,'2023-06-17 23:06:11.136000',NULL,2,'PAID',46980000.00,'2023-06-17 23:06:11.136000',24,3,29,NULL,NULL),(66,'2023-06-17 23:06:11.137000',NULL,3,'PAID',49470000.00,'2023-06-17 23:06:11.137000',24,4,39,NULL,NULL),(67,'2023-06-17 23:06:11.553000',NULL,2,'PAID',4980000.00,'2023-06-17 23:06:11.553000',25,1,19,NULL,NULL),(68,'2023-06-17 23:06:11.553000',NULL,1,'PAID',14490000.00,'2023-06-17 23:06:11.553000',25,1,13,NULL,NULL),(69,'2023-06-17 23:06:11.554000',NULL,2,'PAID',6358000.00,'2023-06-17 23:06:11.554000',25,4,55,NULL,NULL),(70,'2023-06-17 23:06:12.098000',NULL,3,'PAID',43470000.00,'2023-06-17 23:06:12.098000',26,1,13,NULL,NULL),(71,'2023-06-17 23:06:12.099000',NULL,3,'PAID',38670000.00,'2023-06-17 23:06:12.099000',26,4,54,NULL,NULL),(72,'2023-06-17 23:06:12.561000',NULL,1,'PAID',14000000.00,'2023-06-17 23:06:12.561000',27,5,62,NULL,NULL),(73,'2023-06-17 23:06:12.562000',NULL,1,'PAID',16642000.00,'2023-06-17 23:06:12.562000',27,6,70,NULL,NULL),(74,'2023-06-17 23:06:12.973000',NULL,3,'PAID',10470000.00,'2023-06-17 23:06:12.973000',28,1,30,NULL,NULL),(75,'2023-06-17 23:06:12.974000',NULL,2,'PAID',46980000.00,'2023-06-17 23:06:12.974000',28,3,29,NULL,NULL),(76,'2023-06-17 23:06:12.974000',NULL,3,'PAID',45000000.00,'2023-06-17 23:06:12.974000',28,4,78,NULL,NULL),(77,'2023-06-17 23:06:13.423000',NULL,3,'PAID',59820000.00,'2023-06-17 23:06:13.423000',29,1,71,NULL,NULL),(78,'2023-06-17 23:06:13.423000',NULL,3,'PAID',13140000.00,'2023-06-17 23:06:13.423000',29,4,50,NULL,NULL),(79,'2023-06-17 23:06:13.424000',NULL,2,'PAID',26980000.00,'2023-06-17 23:06:13.424000',29,7,21,NULL,NULL),(80,'2023-06-17 23:06:13.985000',NULL,3,'PAID',87570000.00,'2023-06-17 23:06:13.985000',30,2,2,NULL,NULL),(81,'2023-06-17 23:06:13.986000',NULL,1,'PAID',7590000.00,'2023-06-17 23:06:13.986000',30,3,15,NULL,NULL),(82,'2023-06-17 23:06:14.398000',NULL,3,'PAID',10470000.00,'2023-06-17 23:06:14.398000',31,4,32,NULL,NULL),(83,'2023-06-17 23:06:14.398000',NULL,2,'PAID',26980000.00,'2023-06-17 23:06:14.398000',31,5,34,NULL,NULL),(84,'2023-06-17 23:06:14.960000',NULL,3,'PAID',74970000.00,'2023-06-17 23:06:14.960000',32,3,43,NULL,NULL),(85,'2023-06-17 23:06:14.961000',NULL,3,'PAID',13140000.00,'2023-06-17 23:06:14.961000',32,4,50,NULL,NULL),(86,'2023-06-17 23:06:15.409000',NULL,2,'PAID',53180000.00,'2023-06-17 23:06:15.409000',33,3,44,NULL,NULL),(87,'2023-06-17 23:06:15.812000',NULL,2,'PAID',9800000.00,'2023-06-17 23:06:15.812000',34,2,81,NULL,NULL),(88,'2023-06-17 23:06:16.194000',NULL,1,'PAID',3490000.00,'2023-06-17 23:06:16.194000',35,4,32,NULL,NULL),(89,'2023-06-17 23:06:16.194000',NULL,3,'PAID',14370000.00,'2023-06-17 23:06:16.194000',35,5,7,NULL,NULL),(90,'2023-06-17 23:06:16.195000',NULL,2,'PAID',12000000.00,'2023-06-17 23:06:16.195000',35,6,64,NULL,NULL),(91,'2023-06-17 23:06:16.195000',NULL,3,'PAID',58470000.00,'2023-06-17 23:06:16.195000',35,7,24,NULL,NULL),(92,'2023-06-17 23:06:16.750000',NULL,1,'PAID',14490000.00,'2023-06-17 23:06:16.750000',36,3,40,NULL,NULL),(93,'2023-06-17 23:06:16.751000',NULL,3,'PAID',59820000.00,'2023-06-17 23:06:16.751000',36,1,71,NULL,NULL),(94,'2023-06-17 23:06:16.752000',NULL,1,'PAID',15880000.00,'2023-06-17 23:06:16.752000',36,2,65,NULL,NULL),(95,'2023-06-17 23:06:17.170000',NULL,1,'PAID',4380000.00,'2023-06-17 23:06:17.170000',37,4,50,NULL,NULL),(96,'2023-06-17 23:06:17.170000',NULL,1,'PAID',2590000.00,'2023-06-17 23:06:17.170000',37,5,51,NULL,NULL),(97,'2023-06-17 23:06:17.171000',NULL,2,'PAID',12780000.00,'2023-06-17 23:06:17.171000',37,7,49,NULL,NULL),(98,'2023-06-17 23:06:17.637000',NULL,1,'PAID',420000.00,'2023-06-17 23:06:17.637000',38,1,12,NULL,NULL),(99,'2023-06-17 23:06:17.638000',NULL,2,'PAID',30000000.00,'2023-06-17 23:06:17.638000',38,4,78,NULL,NULL),(100,'2023-06-17 23:06:18.057000',NULL,2,'PAID',26980000.00,'2023-06-17 23:06:18.057000',39,5,34,NULL,NULL),(101,'2023-06-17 23:06:18.599000',NULL,2,'PAID',9800000.00,'2023-06-17 23:06:18.599000',40,2,81,NULL,NULL),(102,'2023-06-17 23:06:18.599000',NULL,2,'PAID',12000000.00,'2023-06-17 23:06:18.599000',40,6,64,NULL,NULL),(103,'2023-06-17 23:06:19.059000',NULL,2,'PAID',26980000.00,'2023-06-17 23:06:19.059000',41,7,21,NULL,NULL),(104,'2023-06-17 23:06:19.515000',NULL,1,'PAID',11900000.00,'2023-06-17 23:06:19.515000',42,1,42,NULL,NULL),(105,'2023-06-17 23:06:19.515000',NULL,3,'PAID',14370000.00,'2023-06-17 23:06:19.515000',42,3,9,NULL,NULL),(106,'2023-06-17 23:06:19.516000',NULL,3,'PAID',10470000.00,'2023-06-17 23:06:19.516000',42,4,18,NULL,NULL),(107,'2023-06-17 23:06:19.517000',NULL,3,'PAID',137970000.00,'2023-06-17 23:06:19.517000',42,5,52,NULL,NULL),(108,'2023-06-17 23:06:20.094000',NULL,2,'PAID',24980000.00,'2023-06-17 23:06:20.094000',43,3,1,NULL,NULL),(109,'2023-06-17 23:06:20.095000',NULL,2,'PAID',7600000.00,'2023-06-17 23:06:20.095000',43,5,58,NULL,NULL),(110,'2023-06-17 23:06:20.645000',NULL,2,'PAID',840000.00,'2023-06-17 23:06:20.645000',44,1,12,NULL,NULL),(111,'2023-06-17 23:06:20.645000',NULL,1,'PAID',23490000.00,'2023-06-17 23:06:20.645000',44,3,26,NULL,NULL),(112,'2023-06-17 23:06:20.646000',NULL,3,'PAID',14370000.00,'2023-06-17 23:06:20.646000',44,3,9,NULL,NULL),(113,'2023-06-17 23:06:20.646000',NULL,1,'PAID',3179000.00,'2023-06-17 23:06:20.646000',44,4,55,NULL,NULL),(114,'2023-06-17 23:06:21.118000',NULL,1,'PAID',24990000.00,'2023-06-17 23:06:21.118000',45,3,43,NULL,NULL),(115,'2023-06-17 23:06:21.119000',NULL,3,'PAID',14370000.00,'2023-06-17 23:06:21.119000',45,7,8,NULL,NULL),(116,'2023-06-17 23:06:21.121000',NULL,2,'PAID',26980000.00,'2023-06-17 23:06:21.121000',45,7,21,NULL,NULL),(117,'2023-06-17 23:06:21.553000',NULL,2,'PAID',840000.00,'2023-06-17 23:06:21.553000',46,1,12,NULL,NULL),(118,'2023-06-17 23:06:21.554000',NULL,1,'PAID',3490000.00,'2023-06-17 23:06:21.554000',46,1,30,NULL,NULL),(119,'2023-06-17 23:06:21.555000',NULL,1,'PAID',8991000.00,'2023-06-17 23:06:21.555000',46,4,4,NULL,NULL),(120,'2023-06-17 23:06:21.555000',NULL,1,'PAID',3490000.00,'2023-06-17 23:06:21.555000',46,5,17,NULL,NULL),(121,'2023-06-17 23:06:22.018000',NULL,1,'PAID',23490000.00,'2023-06-17 23:06:22.018000',47,3,29,NULL,NULL),(122,'2023-06-17 23:06:22.019000',NULL,2,'PAID',19560000.00,'2023-06-17 23:06:22.019000',47,6,46,NULL,NULL),(123,'2023-06-17 23:06:22.463000',NULL,1,'PAID',17900000.00,'2023-06-17 23:06:22.463000',48,3,76,NULL,NULL),(124,'2023-06-17 23:06:22.464000',NULL,3,'PAID',38670000.00,'2023-06-17 23:06:22.464000',48,4,54,NULL,NULL),(125,'2023-06-17 23:06:22.465000',NULL,3,'PAID',49926000.00,'2023-06-17 23:06:22.465000',48,6,70,NULL,NULL),(126,'2023-06-17 23:06:22.874000',NULL,3,'PAID',26973000.00,'2023-06-17 23:06:22.874000',49,4,4,NULL,NULL),(127,'2023-06-17 23:06:22.875000',NULL,3,'PAID',40470000.00,'2023-06-17 23:06:22.875000',49,4,36,NULL,NULL),(128,'2023-06-17 23:06:22.877000',NULL,2,'PAID',9580000.00,'2023-06-17 23:06:22.877000',49,7,8,NULL,NULL),(129,'2023-06-17 23:06:23.386000',NULL,1,'PAID',3490000.00,'2023-06-17 23:06:23.386000',50,1,30,NULL,NULL),(130,'2023-06-17 23:06:23.386000',NULL,3,'PAID',43470000.00,'2023-06-17 23:06:23.386000',50,3,40,NULL,NULL),(131,'2023-06-17 23:06:23.388000',NULL,1,'PAID',18490000.00,'2023-06-17 23:06:23.388000',50,7,38,NULL,NULL),(132,'2023-06-17 23:06:23.388000',NULL,1,'PAID',23490000.00,'2023-06-17 23:06:23.388000',50,7,27,NULL,NULL),(133,'2023-06-18 19:27:54.168000','',1,'PAID',29190000.00,'2023-06-18 19:27:54.168000',51,2,2,NULL,NULL),(134,'2023-06-18 19:33:58.912000','',1,'PAID',29190000.00,'2023-06-18 19:33:58.912000',52,2,2,NULL,NULL),(135,'2023-06-18 19:35:40.774000','',1,'PAID',12490000.00,'2023-06-18 19:35:40.774000',53,3,1,NULL,NULL),(136,'2023-07-07 20:45:05.101000','',1,'PAID',29190000.00,'2023-07-07 20:45:05.101000',54,2,2,NULL,NULL),(137,'2023-07-07 20:49:39.353000','',1,'PAID',29190000.00,'2023-07-07 20:49:39.353000',55,2,2,NULL,NULL),(138,'2023-07-07 20:50:34.444000','',1,'PAID',29190000.00,'2023-07-07 20:50:34.445000',56,2,2,NULL,NULL),(139,'2023-07-07 20:51:11.928000','',1,'PAID',29190000.00,'2023-07-07 20:51:11.928000',57,2,2,NULL,NULL),(140,'2023-07-07 20:51:38.866000','',1,'PAID',29190000.00,'2023-07-07 20:51:38.866000',58,2,2,NULL,NULL),(141,'2023-07-08 21:02:15.229000','',1,'PAID',29190000.00,'2023-07-08 21:02:15.229000',59,2,2,NULL,NULL);
/*!40000 ALTER TABLE `tbl_order_item` ENABLE KEYS */;
UNLOCK TABLES;

--
-- Table structure for table `tbl_order_shop`
--

DROP TABLE IF EXISTS `tbl_order_shop`;
/*!40101 SET @saved_cs_client     = @@character_set_client */;
/*!50503 SET character_set_client = utf8mb4 */;
CREATE TABLE `tbl_order_shop` (
  `order_id` bigint NOT NULL,
  `shop_id` bigint NOT NULL,
  `created_at` datetime(6) DEFAULT NULL,
  `expected_delivery_time` datetime(6) DEFAULT NULL,
  `internal_id` bigint unsigned NOT NULL AUTO_INCREMENT,
  `log` longtext,
  `note` varchar(500) DEFAULT NULL,
  `pay_at` datetime(6) DEFAULT NULL,
  `ship_order_code` varchar(255) DEFAULT NULL,
  `shipping_method` varchar(50) NOT NULL,
  `status` varchar(50) NOT NULL,
  `total_fee` decimal(38,2) NOT NULL,
  `total_price` decimal(38,2) NOT NULL,
  `total_price_discount` decimal(38,2) NOT NULL,
  `total_price_product` decimal(38,2) NOT NULL,
  `updated_at` datetime(6) DEFAULT NULL,
  PRIMARY KEY (`order_id`,`shop_id`),
  UNIQUE KEY `internal_id` (`internal_id`),
  KEY `FKr4dbpsaa3n1w5ysow20lvavh9` (`shop_id`),
  CONSTRAINT `FKcdbaj3m9jstsoqvkmu6xi2jca` FOREIGN KEY (`order_id`) REFERENCES `tbl_order` (`id`),
  CONSTRAINT `FKr4dbpsaa3n1w5ysow20lvavh9` FOREIGN KEY (`shop_id`) REFERENCES `tbl_shop` (`id`)
) ENGINE=InnoDB AUTO_INCREMENT=134 DEFAULT CHARSET=utf8mb4 COLLATE=utf8mb4_0900_ai_ci;
/*!40101 SET character_set_client = @saved_cs_client */;

--
-- Dumping data for table `tbl_order_shop`
--

LOCK TABLES `tbl_order_shop` WRITE;
/*!40000 ALTER TABLE `tbl_order_shop` DISABLE KEYS */;
INSERT INTO `tbl_order_shop` VALUES (1,6,'2023-06-13 23:05:49.720000','2023-06-17 23:05:59.799000',1,'[{\"log\":\"Đơn hàng đã được giao cho người vận chuyển\",\"createdAt\":\"Jun 18, 2023, 4:32:50 PM\",\"createdLoginKey\":\"trinhkhanhduy027217\",\"createdRole\":\"ROLE_SHIPPER\"}]',NULL,'2023-07-08 20:38:22.495000','64049140-43c2-49de-ae19-0d9303e9b748','GHN_EXPRESS','ORDER_SHIPPING',0.00,9780000.00,0.00,9780000.00,'2023-07-08 20:38:22.520000'),(2,1,'2023-06-16 23:05:49.720000','2023-06-17 23:06:00.218000',3,'[{\"log\":\"Đơn hàng đã được giao cho người vận chuyển\",\"createdAt\":\"Jun 18, 2023, 4:39:33 PM\",\"createdLoginKey\":\"trinhkhanhduy027217\",\"createdRole\":\"ROLE_SHIPPER\"}]',NULL,NULL,'b6217c7b-af01-4646-ba77-ac00e1735d1c','GHN_EXPRESS','ORDER_SHIPPING',0.00,89910000.00,0.00,89910000.00,'2023-06-18 16:39:33.942000'),(2,4,'2023-06-16 23:05:49.720000','2023-06-17 23:06:00.218000',2,'[{\"log\":\"Đơn hàng đã được giao cho người vận chuyển\",\"createdAt\":\"Jun 18, 2023, 4:39:33 PM\",\"createdLoginKey\":\"trinhkhanhduy027217\",\"createdRole\":\"ROLE_SHIPPER\"},{\"log\":\"Đơn hàng đã chuyển từ trạng thái Đang vận chuyển sang trạng thái Đang vận chuyển !\",\"createdAt\":\"Jun 21, 2023, 8:20:05 PM\",\"createdLoginKey\":\"0394344440\",\"createdRole\":\"ROLE_SHIPPER\"},{\"log\":\"Đơn hàng đã chuyển từ trạng thái Đang vận chuyển sang trạng thái Đã hoàn thành !\",\"createdAt\":\"Jun 21, 2023, 8:20:05 PM\",\"createdLoginKey\":\"0394344440\",\"createdRole\":\"ROLE_SHIPPER\"}]',NULL,NULL,'27ba895d-cb58-44b4-984c-4b045065f8b3','GHN_EXPRESS','ORDER_COMPLETED',0.00,35640000.00,0.00,35640000.00,'2023-06-21 20:29:40.780000'),(2,5,'2023-06-16 23:05:49.720000','2023-06-17 23:06:00.218000',4,'[{\"log\":\"Đơn hàng đã được giao cho người vận chuyển\",\"createdAt\":\"Jun 18, 2023, 4:39:33 PM\",\"createdLoginKey\":\"trinhkhanhduy027217\",\"createdRole\":\"ROLE_SHIPPER\"}]',NULL,NULL,'8978d9ac-bb89-4580-b6ac-b435173df58f','GHN_EXPRESS','ORDER_SHIPPING',0.00,34200000.00,0.00,34200000.00,'2023-06-18 16:39:33.944000'),(3,1,'2023-06-16 23:05:49.720000','2023-06-17 23:06:00.605000',7,'[{\"log\":\"Đơn hàng đã được giao cho người vận chuyển\",\"createdAt\":\"Jun 25, 2023, 9:50:04 PM\",\"createdLoginKey\":\"trinhkhanhduy027217\",\"createdRole\":\"ROLE_SHIPPER\"},{\"log\":\"Đơn hàng đã chuyển từ trạng thái Đang vận chuyển sang trạng thái Đã hoàn thành !\",\"createdAt\":\"Jun 21, 2023, 8:20:05 PM\",\"createdLoginKey\":\"0394344440\",\"createdRole\":\"ROLE_SHIPPER\"}]',NULL,NULL,'527c6e36-7634-48df-8261-aa67df010064','GHN_EXPRESS','ORDER_COMPLETED',0.00,63600000.00,0.00,63600000.00,'2023-06-25 21:50:23.566000'),(3,4,'2023-06-16 23:05:49.720000','2023-06-17 23:06:00.605000',6,NULL,NULL,NULL,NULL,'GHN_EXPRESS','ORDER_SHIPPING',0.00,80919000.00,0.00,80919000.00,'2023-06-17 23:06:00.995000'),(3,7,'2023-06-16 23:05:49.720000','2023-06-17 23:06:00.605000',5,NULL,NULL,NULL,NULL,'GHN_EXPRESS','ORDER_SHIPPING',0.00,41980000.00,0.00,41980000.00,'2023-06-17 23:06:00.996000'),(4,4,'2023-06-13 23:05:49.720000','2023-06-17 23:06:00.998000',8,NULL,NULL,NULL,NULL,'GHN_EXPRESS','ORDER_SHIPPING',0.00,8991000.00,0.00,8991000.00,'2023-06-17 23:06:01.353000'),(5,3,'2023-06-16 23:05:49.720000','2023-06-17 23:06:01.354000',9,NULL,NULL,NULL,NULL,'GHN_EXPRESS','ORDER_SHIPPING',0.00,0.00,0.00,0.00,'2023-06-17 23:06:01.951000'),(5,4,'2023-06-16 23:05:49.720000','2023-06-17 23:06:01.354000',10,NULL,NULL,NULL,NULL,'GHN_EXPRESS','ORDER_SHIPPING',0.00,13490000.00,0.00,13490000.00,'2023-06-17 23:06:01.952000'),(5,5,'2023-06-16 23:05:49.720000','2023-06-17 23:06:01.354000',11,NULL,NULL,NULL,NULL,'GHN_EXPRESS','ORDER_SHIPPING',0.00,53910000.00,0.00,53910000.00,'2023-06-17 23:06:01.953000'),(5,6,'2023-06-16 23:05:49.720000','2023-06-17 23:06:01.354000',12,NULL,NULL,NULL,NULL,'GHN_EXPRESS','ORDER_SHIPPING',0.00,26100000.00,0.00,26100000.00,'2023-06-17 23:06:01.953000'),(6,4,'2023-06-16 23:05:49.720000','2023-06-17 23:06:01.955000',15,NULL,NULL,NULL,NULL,'GHN_EXPRESS','ORDER_SHIPPING',0.00,8991000.00,0.00,8991000.00,'2023-06-17 23:06:02.370000'),(6,5,'2023-06-16 23:05:49.720000','2023-06-17 23:06:01.955000',14,NULL,NULL,NULL,NULL,'GHN_EXPRESS','ORDER_SHIPPING',0.00,4790000.00,0.00,4790000.00,'2023-06-17 23:06:02.371000'),(6,7,'2023-06-16 23:05:49.720000','2023-06-17 23:06:01.955000',13,NULL,NULL,NULL,NULL,'GHN_EXPRESS','ORDER_SHIPPING',0.00,7490000.00,0.00,7490000.00,'2023-06-17 23:06:02.373000'),(7,3,'2023-06-15 23:05:49.720000','2023-06-17 23:06:02.376000',16,NULL,NULL,NULL,NULL,'GHN_EXPRESS','ORDER_SHIPPING',0.00,14490000.00,0.00,14490000.00,'2023-06-17 23:06:02.966000'),(7,4,'2023-06-15 23:05:49.720000','2023-06-17 23:06:02.376000',17,NULL,NULL,NULL,NULL,'GHN_EXPRESS','ORDER_SHIPPING',0.00,35640000.00,0.00,35640000.00,'2023-06-17 23:06:02.967000'),(8,1,'2023-06-14 23:05:49.720000','2023-06-17 23:06:02.969000',19,NULL,NULL,NULL,NULL,'GHN_EXPRESS','ORDER_SHIPPING',0.00,31410000.00,0.00,31410000.00,'2023-06-17 23:06:03.344000'),(8,3,'2023-06-14 23:05:49.720000','2023-06-17 23:06:02.969000',18,NULL,NULL,NULL,NULL,'GHN_EXPRESS','ORDER_SHIPPING',0.00,4790000.00,0.00,4790000.00,'2023-06-17 23:06:03.344000'),(9,1,'2023-06-15 23:05:49.720000','2023-06-17 23:06:03.345000',21,NULL,NULL,NULL,NULL,'GHN_EXPRESS','ORDER_SHIPPING',0.00,659600000.00,0.00,659600000.00,'2023-06-17 23:06:03.751000'),(9,2,'2023-06-15 23:05:49.720000','2023-06-17 23:06:03.345000',22,NULL,NULL,NULL,NULL,'GHN_EXPRESS','ORDER_SHIPPING',0.00,4790000.00,0.00,4790000.00,'2023-06-17 23:06:03.751000'),(9,3,'2023-06-15 23:05:49.720000','2023-06-17 23:06:03.345000',20,NULL,NULL,NULL,NULL,'GHN_EXPRESS','ORDER_SHIPPING',0.00,23490000.00,0.00,23490000.00,'2023-06-17 23:06:03.752000'),(10,4,'2023-06-14 23:05:49.720000','2023-06-17 23:06:03.754000',24,NULL,NULL,NULL,NULL,'GHN_EXPRESS','ORDER_SHIPPING',0.00,35964000.00,0.00,35964000.00,'2023-06-17 23:06:04.262000'),(10,7,'2023-06-14 23:05:49.720000','2023-06-17 23:06:03.754000',23,NULL,NULL,NULL,NULL,'GHN_EXPRESS','ORDER_SHIPPING',0.00,93960000.00,0.00,93960000.00,'2023-06-17 23:06:04.264000'),(11,4,'2023-06-15 23:05:49.720000','2023-06-17 23:06:04.267000',25,NULL,NULL,NULL,NULL,'GHN_EXPRESS','ORDER_SHIPPING',0.00,111600000.00,0.00,111600000.00,'2023-06-17 23:06:04.844000'),(12,1,'2023-06-16 23:05:49.720000','2023-06-17 23:06:04.846000',28,NULL,NULL,NULL,NULL,'GHN_EXPRESS','ORDER_SHIPPING',0.00,34360000.00,0.00,34360000.00,'2023-06-17 23:06:05.338000'),(12,3,'2023-06-16 23:05:49.720000','2023-06-17 23:06:04.846000',26,NULL,NULL,NULL,NULL,'GHN_EXPRESS','ORDER_SHIPPING',0.00,93960000.00,0.00,93960000.00,'2023-06-17 23:06:05.339000'),(12,4,'2023-06-16 23:05:49.720000','2023-06-17 23:06:04.846000',27,NULL,NULL,NULL,NULL,'GHN_EXPRESS','ORDER_SHIPPING',0.00,14650000.00,0.00,14650000.00,'2023-06-17 23:06:05.339000'),(12,5,'2023-06-16 23:05:49.720000','2023-06-17 23:06:04.846000',29,NULL,NULL,NULL,NULL,'GHN_EXPRESS','ORDER_SHIPPING',0.00,23900000.00,0.00,23900000.00,'2023-06-17 23:06:05.340000'),(13,2,'2023-06-14 23:05:49.720000','2023-06-17 23:06:05.343000',30,NULL,NULL,NULL,NULL,'GHN_EXPRESS','ORDER_SHIPPING',0.00,217710000.00,0.00,217710000.00,'2023-06-17 23:06:05.783000'),(14,5,'2023-06-13 23:05:49.720000','2023-06-17 23:06:05.785000',31,NULL,NULL,NULL,NULL,'GHN_EXPRESS','ORDER_SHIPPING',0.00,23900000.00,0.00,23900000.00,'2023-06-17 23:06:06.260000'),(15,3,'2023-06-16 23:05:49.720000','2023-06-17 23:06:06.261000',32,NULL,NULL,NULL,NULL,'GHN_EXPRESS','ORDER_SHIPPING',0.00,211410000.00,0.00,211410000.00,'2023-06-17 23:06:06.715000'),(15,4,'2023-06-16 23:05:49.720000','2023-06-17 23:06:06.261000',34,NULL,NULL,NULL,NULL,'GHN_EXPRESS','ORDER_SHIPPING',0.00,33490000.00,0.00,33490000.00,'2023-06-17 23:06:06.715000'),(15,5,'2023-06-16 23:05:49.720000','2023-06-17 23:06:06.261000',35,NULL,NULL,NULL,NULL,'GHN_EXPRESS','ORDER_SHIPPING',0.00,34200000.00,0.00,34200000.00,'2023-06-17 23:06:06.716000'),(15,7,'2023-06-16 23:05:49.720000','2023-06-17 23:06:06.261000',33,NULL,NULL,NULL,NULL,'GHN_EXPRESS','ORDER_SHIPPING',0.00,53960000.00,0.00,53960000.00,'2023-06-17 23:06:06.716000'),(16,1,'2023-06-15 23:05:49.720000','2023-06-17 23:06:06.719000',37,NULL,NULL,NULL,NULL,'GHN_EXPRESS','ORDER_SHIPPING',0.00,63600000.00,0.00,63600000.00,'2023-06-17 23:06:07.157000'),(16,4,'2023-06-15 23:05:49.720000','2023-06-17 23:06:06.719000',36,NULL,NULL,NULL,NULL,'GHN_EXPRESS','ORDER_SHIPPING',0.00,69450000.00,0.00,69450000.00,'2023-06-17 23:06:07.157000'),(17,3,'2023-06-17 23:05:49.720000','2023-06-17 23:06:07.159000',38,NULL,NULL,NULL,NULL,'GHN_EXPRESS','ORDER_SHIPPING',0.00,0.00,0.00,0.00,'2023-06-17 23:06:07.729000'),(17,4,'2023-06-17 23:05:49.720000','2023-06-17 23:06:07.159000',39,NULL,NULL,NULL,NULL,'GHN_EXPRESS','ORDER_SHIPPING',0.00,131850000.00,0.00,131850000.00,'2023-06-17 23:06:07.729000'),(17,5,'2023-06-17 23:05:49.720000','2023-06-17 23:06:07.159000',41,NULL,NULL,NULL,NULL,'GHN_EXPRESS','ORDER_SHIPPING',0.00,413910000.00,0.00,413910000.00,'2023-06-17 23:06:07.730000'),(17,6,'2023-06-17 23:05:49.720000','2023-06-17 23:06:07.159000',40,NULL,NULL,NULL,NULL,'GHN_EXPRESS','ORDER_SHIPPING',0.00,63720000.00,0.00,63720000.00,'2023-06-17 23:06:07.730000'),(18,2,'2023-06-17 23:05:49.720000','2023-06-17 23:06:07.732000',43,NULL,NULL,NULL,NULL,'GHN_EXPRESS','ORDER_SHIPPING',0.00,53280000.00,0.00,53280000.00,'2023-06-17 23:06:08.418000'),(18,4,'2023-06-17 23:05:49.720000','2023-06-17 23:06:07.732000',45,NULL,NULL,NULL,NULL,'GHN_EXPRESS','ORDER_SHIPPING',0.00,111600000.00,0.00,111600000.00,'2023-06-17 23:06:08.419000'),(18,5,'2023-06-17 23:05:49.720000','2023-06-17 23:06:07.732000',42,NULL,NULL,NULL,NULL,'GHN_EXPRESS','ORDER_SHIPPING',0.00,176939100.00,0.00,176939100.00,'2023-06-17 23:06:08.419000'),(18,6,'2023-06-17 23:05:49.720000','2023-06-17 23:06:07.732000',44,NULL,NULL,NULL,NULL,'GHN_EXPRESS','ORDER_SHIPPING',0.00,24000000.00,0.00,24000000.00,'2023-06-17 23:06:08.419000'),(19,3,'2023-06-16 23:05:49.720000','2023-06-17 23:06:08.421000',46,NULL,NULL,NULL,NULL,'GHN_EXPRESS','ORDER_SHIPPING',0.00,4790000.00,0.00,4790000.00,'2023-06-17 23:06:08.832000'),(19,4,'2023-06-16 23:05:49.720000','2023-06-17 23:06:08.421000',48,NULL,NULL,NULL,NULL,'GHN_EXPRESS','ORDER_SHIPPING',0.00,8910000.00,0.00,8910000.00,'2023-06-17 23:06:08.832000'),(19,5,'2023-06-16 23:05:49.720000','2023-06-17 23:06:08.421000',47,NULL,NULL,NULL,NULL,'GHN_EXPRESS','ORDER_SHIPPING',0.00,23960000.00,0.00,23960000.00,'2023-06-17 23:06:08.833000'),(20,2,'2023-06-15 23:05:49.720000','2023-06-17 23:06:08.835000',51,NULL,NULL,NULL,NULL,'GHN_EXPRESS','ORDER_SHIPPING',0.00,142920000.00,0.00,142920000.00,'2023-06-17 23:06:09.307000'),(20,3,'2023-06-15 23:05:49.720000','2023-06-17 23:06:08.835000',49,NULL,NULL,NULL,NULL,'GHN_EXPRESS','ORDER_SHIPPING',0.00,12490000.00,0.00,12490000.00,'2023-06-17 23:06:09.309000'),(20,5,'2023-06-15 23:05:49.720000','2023-06-17 23:06:08.835000',50,NULL,NULL,NULL,NULL,'GHN_EXPRESS','ORDER_SHIPPING',0.00,7890000.00,0.00,7890000.00,'2023-06-17 23:06:09.311000'),(21,2,'2023-06-16 23:05:49.720000','2023-06-17 23:06:09.314000',54,NULL,NULL,NULL,NULL,'GHN_EXPRESS','ORDER_SHIPPING',0.00,13320000.00,0.00,13320000.00,'2023-06-17 23:06:09.813000'),(21,3,'2023-06-16 23:05:49.720000','2023-06-17 23:06:09.314000',52,NULL,NULL,NULL,NULL,'GHN_EXPRESS','ORDER_SHIPPING',0.00,112410000.00,0.00,112410000.00,'2023-06-17 23:06:09.813000'),(21,4,'2023-06-16 23:05:49.720000','2023-06-17 23:06:09.314000',53,NULL,NULL,NULL,NULL,'GHN_EXPRESS','ORDER_SHIPPING',0.00,3179000.00,0.00,3179000.00,'2023-06-17 23:06:09.814000'),(22,3,'2023-06-14 23:05:49.720000','2023-06-17 23:06:09.815000',55,NULL,NULL,NULL,NULL,'GHN_EXPRESS','ORDER_SHIPPING',0.00,161100000.00,0.00,161100000.00,'2023-06-17 23:06:10.228000'),(22,4,'2023-06-14 23:05:49.720000','2023-06-17 23:06:09.815000',56,NULL,NULL,NULL,NULL,'GHN_EXPRESS','ORDER_SHIPPING',0.00,17520000.00,0.00,17520000.00,'2023-06-17 23:06:10.228000'),(23,1,'2023-06-17 23:05:49.720000','2023-06-17 23:06:10.230000',60,NULL,NULL,NULL,NULL,'GHN_EXPRESS','ORDER_SHIPPING',0.00,143100000.00,0.00,143100000.00,'2023-06-17 23:06:10.739000'),(23,4,'2023-06-17 23:05:49.720000','2023-06-17 23:06:10.230000',59,NULL,NULL,NULL,NULL,'GHN_EXPRESS','ORDER_SHIPPING',0.00,14990000.00,0.00,14990000.00,'2023-06-17 23:06:10.739000'),(23,6,'2023-06-17 23:05:49.720000','2023-06-17 23:06:10.230000',57,NULL,NULL,NULL,NULL,'GHN_EXPRESS','ORDER_SHIPPING',0.00,26910000.00,0.00,26910000.00,'2023-06-17 23:06:10.739000'),(23,7,'2023-06-17 23:05:49.720000','2023-06-17 23:06:10.230000',58,NULL,NULL,NULL,NULL,'GHN_EXPRESS','ORDER_SHIPPING',0.00,166410000.00,0.00,166410000.00,'2023-06-17 23:06:10.741000'),(24,1,'2023-06-17 23:05:49.720000','2023-06-17 23:06:10.745000',63,NULL,NULL,NULL,NULL,'GHN_EXPRESS','ORDER_SHIPPING',0.00,3780000.00,0.00,3780000.00,'2023-06-17 23:06:11.198000'),(24,3,'2023-06-17 23:05:49.720000','2023-06-17 23:06:10.745000',61,NULL,NULL,NULL,NULL,'GHN_EXPRESS','ORDER_SHIPPING',0.00,93960000.00,0.00,93960000.00,'2023-06-17 23:06:11.200000'),(24,4,'2023-06-17 23:05:49.720000','2023-06-17 23:06:10.745000',64,NULL,NULL,NULL,NULL,'GHN_EXPRESS','ORDER_SHIPPING',0.00,148410000.00,0.00,148410000.00,'2023-06-17 23:06:11.200000'),(24,7,'2023-06-17 23:05:49.720000','2023-06-17 23:06:10.745000',62,NULL,NULL,NULL,NULL,'GHN_EXPRESS','ORDER_SHIPPING',0.00,175410000.00,0.00,175410000.00,'2023-06-17 23:06:11.200000'),(25,1,'2023-06-15 23:05:49.720000','2023-06-17 23:06:11.203000',65,NULL,NULL,NULL,NULL,'GHN_EXPRESS','ORDER_SHIPPING',0.00,24450000.00,0.00,24450000.00,'2023-06-17 23:06:11.643000'),(25,4,'2023-06-15 23:05:49.720000','2023-06-17 23:06:11.203000',66,NULL,NULL,NULL,NULL,'GHN_EXPRESS','ORDER_SHIPPING',0.00,12716000.00,0.00,12716000.00,'2023-06-17 23:06:11.645000'),(26,1,'2023-06-14 23:05:49.720000','2023-06-17 23:06:11.648000',68,NULL,NULL,NULL,NULL,'GHN_EXPRESS','ORDER_SHIPPING',0.00,130410000.00,0.00,130410000.00,'2023-06-17 23:06:12.177000'),(26,4,'2023-06-14 23:05:49.720000','2023-06-17 23:06:11.648000',67,NULL,NULL,NULL,NULL,'GHN_EXPRESS','ORDER_SHIPPING',0.00,116010000.00,0.00,116010000.00,'2023-06-17 23:06:12.179000'),(27,5,'2023-06-14 23:05:49.720000','2023-06-17 23:06:12.182000',69,NULL,NULL,NULL,NULL,'GHN_EXPRESS','ORDER_SHIPPING',0.00,14000000.00,0.00,14000000.00,'2023-06-17 23:06:12.602000'),(27,6,'2023-06-14 23:05:49.720000','2023-06-17 23:06:12.182000',70,NULL,NULL,NULL,NULL,'GHN_EXPRESS','ORDER_SHIPPING',0.00,16642000.00,0.00,16642000.00,'2023-06-17 23:06:12.603000'),(28,1,'2023-06-17 23:05:49.720000','2023-06-17 23:06:12.604000',72,NULL,NULL,NULL,NULL,'GHN_EXPRESS','ORDER_SHIPPING',0.00,31410000.00,0.00,31410000.00,'2023-06-17 23:06:13.031000'),(28,3,'2023-06-17 23:05:49.720000','2023-06-17 23:06:12.604000',71,NULL,NULL,NULL,NULL,'GHN_EXPRESS','ORDER_SHIPPING',0.00,93960000.00,0.00,93960000.00,'2023-06-17 23:06:13.032000'),(28,4,'2023-06-17 23:05:49.720000','2023-06-17 23:06:12.604000',73,NULL,NULL,NULL,NULL,'GHN_EXPRESS','ORDER_SHIPPING',0.00,135000000.00,0.00,135000000.00,'2023-06-17 23:06:13.032000'),(29,1,'2023-06-15 23:05:49.720000','2023-06-17 23:06:13.034000',75,NULL,NULL,NULL,NULL,'GHN_EXPRESS','ORDER_SHIPPING',0.00,179460000.00,0.00,179460000.00,'2023-06-17 23:06:13.512000'),(29,4,'2023-06-15 23:05:49.720000','2023-06-17 23:06:13.034000',76,NULL,NULL,NULL,NULL,'GHN_EXPRESS','ORDER_SHIPPING',0.00,39420000.00,0.00,39420000.00,'2023-06-17 23:06:13.514000'),(29,7,'2023-06-15 23:05:49.720000','2023-06-17 23:06:13.034000',74,NULL,NULL,NULL,NULL,'GHN_EXPRESS','ORDER_SHIPPING',0.00,53960000.00,0.00,53960000.00,'2023-06-17 23:06:13.515000'),(30,2,'2023-06-14 23:05:49.720000','2023-06-17 23:06:13.518000',78,NULL,NULL,NULL,NULL,'GHN_EXPRESS','ORDER_SHIPPING',0.00,262710000.00,0.00,262710000.00,'2023-06-17 23:06:14.029000'),(30,3,'2023-06-14 23:05:49.720000','2023-06-17 23:06:13.518000',77,NULL,NULL,NULL,NULL,'GHN_EXPRESS','ORDER_SHIPPING',0.00,7590000.00,0.00,7590000.00,'2023-06-17 23:06:14.029000'),(31,4,'2023-06-14 23:05:49.720000','2023-06-17 23:06:14.031000',80,NULL,NULL,NULL,NULL,'GHN_EXPRESS','ORDER_SHIPPING',0.00,31410000.00,0.00,31410000.00,'2023-06-17 23:06:14.466000'),(31,5,'2023-06-14 23:05:49.720000','2023-06-17 23:06:14.031000',79,NULL,NULL,NULL,NULL,'GHN_EXPRESS','ORDER_SHIPPING',0.00,53960000.00,0.00,53960000.00,'2023-06-17 23:06:14.467000'),(32,3,'2023-06-15 23:05:49.720000','2023-06-17 23:06:14.470000',81,NULL,NULL,NULL,NULL,'GHN_EXPRESS','ORDER_SHIPPING',0.00,224910000.00,0.00,224910000.00,'2023-06-17 23:06:15.004000'),(32,4,'2023-06-15 23:05:49.720000','2023-06-17 23:06:14.470000',82,NULL,NULL,NULL,NULL,'GHN_EXPRESS','ORDER_SHIPPING',0.00,39420000.00,0.00,39420000.00,'2023-06-17 23:06:15.005000'),(33,3,'2023-06-13 23:05:49.720000','2023-06-17 23:06:15.006000',83,NULL,NULL,NULL,NULL,'GHN_EXPRESS','ORDER_SHIPPING',0.00,106360000.00,0.00,106360000.00,'2023-06-17 23:06:15.436000'),(34,2,'2023-06-13 23:05:49.720000','2023-06-17 23:06:15.438000',84,NULL,NULL,NULL,NULL,'GHN_EXPRESS','ORDER_SHIPPING',0.00,19600000.00,0.00,19600000.00,'2023-06-17 23:06:15.840000'),(35,4,'2023-06-16 23:05:49.720000','2023-06-17 23:06:15.842000',87,NULL,NULL,NULL,NULL,'GHN_EXPRESS','ORDER_SHIPPING',0.00,3490000.00,0.00,3490000.00,'2023-06-17 23:06:16.322000'),(35,5,'2023-06-16 23:05:49.720000','2023-06-17 23:06:15.842000',86,NULL,NULL,NULL,NULL,'GHN_EXPRESS','ORDER_SHIPPING',0.00,43110000.00,0.00,43110000.00,'2023-06-17 23:06:16.322000'),(35,6,'2023-06-16 23:05:49.720000','2023-06-17 23:06:15.842000',88,NULL,NULL,NULL,NULL,'GHN_EXPRESS','ORDER_SHIPPING',0.00,24000000.00,0.00,24000000.00,'2023-06-17 23:06:16.324000'),(35,7,'2023-06-16 23:05:49.720000','2023-06-17 23:06:15.842000',85,NULL,NULL,NULL,NULL,'GHN_EXPRESS','ORDER_SHIPPING',0.00,175410000.00,0.00,175410000.00,'2023-06-17 23:06:16.324000'),(36,1,'2023-06-15 23:05:49.720000','2023-06-17 23:06:16.327000',90,NULL,NULL,NULL,NULL,'GHN_EXPRESS','ORDER_SHIPPING',0.00,179460000.00,0.00,179460000.00,'2023-06-17 23:06:16.804000'),(36,2,'2023-06-15 23:05:49.720000','2023-06-17 23:06:16.327000',91,NULL,NULL,NULL,NULL,'GHN_EXPRESS','ORDER_SHIPPING',0.00,15880000.00,0.00,15880000.00,'2023-06-17 23:06:16.804000'),(36,3,'2023-06-15 23:05:49.720000','2023-06-17 23:06:16.327000',89,NULL,NULL,NULL,NULL,'GHN_EXPRESS','ORDER_SHIPPING',0.00,14490000.00,0.00,14490000.00,'2023-06-17 23:06:16.805000'),(37,4,'2023-06-16 23:05:49.720000','2023-06-17 23:06:16.807000',92,NULL,NULL,NULL,NULL,'GHN_EXPRESS','ORDER_SHIPPING',0.00,4380000.00,0.00,4380000.00,'2023-06-17 23:06:17.230000'),(37,5,'2023-06-16 23:05:49.720000','2023-06-17 23:06:16.807000',94,NULL,NULL,NULL,NULL,'GHN_EXPRESS','ORDER_SHIPPING',0.00,2590000.00,0.00,2590000.00,'2023-06-17 23:06:17.231000'),(37,7,'2023-06-16 23:05:49.720000','2023-06-17 23:06:16.807000',93,NULL,NULL,NULL,NULL,'GHN_EXPRESS','ORDER_SHIPPING',0.00,25560000.00,0.00,25560000.00,'2023-06-17 23:06:17.231000'),(38,1,'2023-06-15 23:05:49.720000','2023-06-17 23:06:17.233000',95,NULL,NULL,NULL,NULL,'GHN_EXPRESS','ORDER_SHIPPING',0.00,420000.00,0.00,420000.00,'2023-06-17 23:06:17.685000'),(38,4,'2023-06-15 23:05:49.720000','2023-06-17 23:06:17.233000',96,NULL,NULL,NULL,NULL,'GHN_EXPRESS','ORDER_SHIPPING',0.00,60000000.00,0.00,60000000.00,'2023-06-17 23:06:17.685000'),(39,5,'2023-06-13 23:05:49.720000','2023-06-17 23:06:17.687000',97,NULL,NULL,NULL,NULL,'GHN_EXPRESS','ORDER_SHIPPING',0.00,53960000.00,0.00,53960000.00,'2023-06-17 23:06:18.087000'),(40,2,'2023-06-15 23:05:49.720000','2023-06-17 23:06:18.089000',98,NULL,NULL,NULL,NULL,'GHN_EXPRESS','ORDER_SHIPPING',0.00,19600000.00,0.00,19600000.00,'2023-06-17 23:06:18.663000'),(40,6,'2023-06-15 23:05:49.720000','2023-06-17 23:06:18.089000',99,NULL,NULL,NULL,NULL,'GHN_EXPRESS','ORDER_SHIPPING',0.00,24000000.00,0.00,24000000.00,'2023-06-17 23:06:18.663000'),(41,7,'2023-06-13 23:05:49.720000','2023-06-17 23:06:18.666000',100,NULL,NULL,NULL,NULL,'GHN_EXPRESS','ORDER_SHIPPING',0.00,53960000.00,0.00,53960000.00,'2023-06-17 23:06:19.087000'),(42,1,'2023-06-16 23:05:49.720000','2023-06-17 23:06:19.089000',102,NULL,NULL,NULL,NULL,'GHN_EXPRESS','ORDER_SHIPPING',0.00,11900000.00,0.00,11900000.00,'2023-06-17 23:06:19.641000'),(42,3,'2023-06-16 23:05:49.720000','2023-06-17 23:06:19.089000',101,NULL,NULL,NULL,NULL,'GHN_EXPRESS','ORDER_SHIPPING',0.00,43110000.00,0.00,43110000.00,'2023-06-17 23:06:19.642000'),(42,4,'2023-06-16 23:05:49.720000','2023-06-17 23:06:19.089000',103,NULL,NULL,NULL,NULL,'GHN_EXPRESS','ORDER_SHIPPING',0.00,31410000.00,0.00,31410000.00,'2023-06-17 23:06:19.643000'),(42,5,'2023-06-16 23:05:49.720000','2023-06-17 23:06:19.089000',104,NULL,NULL,NULL,NULL,'GHN_EXPRESS','ORDER_SHIPPING',0.00,413910000.00,0.00,413910000.00,'2023-06-17 23:06:19.643000'),(43,3,'2023-06-15 23:05:49.720000','2023-06-17 23:06:19.646000',105,NULL,NULL,NULL,NULL,'GHN_EXPRESS','ORDER_SHIPPING',0.00,49960000.00,0.00,49960000.00,'2023-06-17 23:06:20.146000'),(43,5,'2023-06-15 23:05:49.720000','2023-06-17 23:06:19.646000',106,NULL,NULL,NULL,NULL,'GHN_EXPRESS','ORDER_SHIPPING',0.00,15200000.00,0.00,15200000.00,'2023-06-17 23:06:20.146000'),(44,1,'2023-06-16 23:05:49.720000','2023-06-17 23:06:20.148000',108,NULL,NULL,NULL,NULL,'GHN_EXPRESS','ORDER_SHIPPING',0.00,1680000.00,0.00,1680000.00,'2023-06-17 23:06:20.704000'),(44,3,'2023-06-16 23:05:49.720000','2023-06-17 23:06:20.148000',107,NULL,NULL,NULL,NULL,'GHN_EXPRESS','ORDER_SHIPPING',0.00,66600000.00,0.00,66600000.00,'2023-06-17 23:06:20.705000'),(44,4,'2023-06-16 23:05:49.720000','2023-06-17 23:06:20.148000',109,NULL,NULL,NULL,NULL,'GHN_EXPRESS','ORDER_SHIPPING',0.00,3179000.00,0.00,3179000.00,'2023-06-17 23:06:20.705000'),(45,3,'2023-06-17 23:05:49.720000','2023-06-17 23:06:20.708000',110,NULL,NULL,NULL,NULL,'GHN_EXPRESS','ORDER_SHIPPING',0.00,24990000.00,0.00,24990000.00,'2023-06-17 23:06:21.164000'),(45,7,'2023-06-17 23:05:49.720000','2023-06-17 23:06:20.708000',111,NULL,NULL,NULL,NULL,'GHN_EXPRESS','ORDER_SHIPPING',0.00,97070000.00,0.00,97070000.00,'2023-06-17 23:06:21.164000'),(46,1,'2023-06-16 23:05:49.720000','2023-06-17 23:06:21.166000',114,NULL,NULL,NULL,NULL,'GHN_EXPRESS','ORDER_SHIPPING',0.00,5170000.00,0.00,5170000.00,'2023-06-17 23:06:21.610000'),(46,4,'2023-06-16 23:05:49.720000','2023-06-17 23:06:21.166000',113,NULL,NULL,NULL,NULL,'GHN_EXPRESS','ORDER_SHIPPING',0.00,8991000.00,0.00,8991000.00,'2023-06-17 23:06:21.610000'),(46,5,'2023-06-16 23:05:49.720000','2023-06-17 23:06:21.166000',112,NULL,NULL,NULL,NULL,'GHN_EXPRESS','ORDER_SHIPPING',0.00,3490000.00,0.00,3490000.00,'2023-06-17 23:06:21.611000'),(47,3,'2023-06-14 23:05:49.720000','2023-06-17 23:06:21.613000',116,NULL,NULL,NULL,NULL,'GHN_EXPRESS','ORDER_SHIPPING',0.00,23490000.00,0.00,23490000.00,'2023-06-17 23:06:22.063000'),(47,6,'2023-06-14 23:05:49.720000','2023-06-17 23:06:21.613000',115,NULL,NULL,NULL,NULL,'GHN_EXPRESS','ORDER_SHIPPING',0.00,39120000.00,0.00,39120000.00,'2023-06-17 23:06:22.063000'),(48,3,'2023-06-15 23:05:49.720000','2023-06-17 23:06:22.065000',117,NULL,NULL,NULL,NULL,'GHN_EXPRESS','ORDER_SHIPPING',0.00,17900000.00,0.00,17900000.00,'2023-06-17 23:06:22.515000'),(48,4,'2023-06-15 23:05:49.720000','2023-06-17 23:06:22.065000',118,NULL,NULL,NULL,NULL,'GHN_EXPRESS','ORDER_SHIPPING',0.00,116010000.00,0.00,116010000.00,'2023-06-17 23:06:22.516000'),(48,6,'2023-06-15 23:05:49.720000','2023-06-17 23:06:22.065000',119,NULL,NULL,NULL,NULL,'GHN_EXPRESS','ORDER_SHIPPING',0.00,149778000.00,0.00,149778000.00,'2023-06-17 23:06:22.516000'),(49,4,'2023-06-15 23:05:49.720000','2023-06-17 23:06:22.518000',121,NULL,NULL,NULL,NULL,'GHN_EXPRESS','ORDER_SHIPPING',0.00,202329000.00,0.00,202329000.00,'2023-06-17 23:06:22.925000'),(49,7,'2023-06-15 23:05:49.720000','2023-06-17 23:06:22.518000',120,NULL,NULL,NULL,NULL,'GHN_EXPRESS','ORDER_SHIPPING',0.00,19160000.00,0.00,19160000.00,'2023-06-17 23:06:22.925000'),(50,1,'2023-06-16 23:05:49.720000','2023-06-17 23:06:22.928000',124,NULL,NULL,NULL,NULL,'GHN_EXPRESS','ORDER_SHIPPING',0.00,3490000.00,0.00,3490000.00,'2023-06-17 23:06:23.444000'),(50,3,'2023-06-16 23:05:49.720000','2023-06-17 23:06:22.928000',123,NULL,NULL,NULL,NULL,'GHN_EXPRESS','ORDER_SHIPPING',0.00,130410000.00,0.00,130410000.00,'2023-06-17 23:06:23.444000'),(50,7,'2023-06-16 23:05:49.720000','2023-06-17 23:06:22.928000',122,NULL,NULL,NULL,NULL,'GHN_EXPRESS','ORDER_SHIPPING',0.00,41980000.00,0.00,41980000.00,'2023-06-17 23:06:23.444000'),(51,2,'2023-06-18 19:27:54.165000','2023-06-20 06:59:59.000000',125,NULL,NULL,NULL,NULL,'GHN_EXPRESS','ORDER_SHIPPING',36001.00,29226001.00,0.00,29190000.00,'2023-06-18 19:27:54.177000'),(52,2,'2023-06-18 19:33:58.909000','2023-06-20 06:59:59.000000',126,NULL,NULL,NULL,NULL,'GHN_EXPRESS','ORDER_SHIPPING',36001.00,29226001.00,0.00,29190000.00,'2023-06-18 19:33:58.921000'),(53,3,'2023-06-18 19:35:40.768000','2023-06-20 06:59:59.000000',127,NULL,NULL,NULL,NULL,'GHN_EXPRESS','ORDER_SHIPPING',36001.00,12526001.00,0.00,12490000.00,'2023-06-18 19:35:40.785000'),(54,2,'2023-07-07 20:45:05.092000','2023-07-09 06:59:59.000000',128,NULL,NULL,NULL,NULL,'GHN_EXPRESS','ORDER_SHIPPING',47000.00,29237000.00,0.00,29190000.00,'2023-07-07 20:45:05.115000'),(55,2,'2023-07-07 20:49:39.348000','2023-07-09 06:59:59.000000',129,NULL,NULL,NULL,NULL,'GHN_EXPRESS','ORDER_SHIPPING',47000.00,29237000.00,0.00,29190000.00,'2023-07-07 20:49:39.360000'),(56,2,'2023-07-07 20:50:34.443000','2023-07-09 06:59:59.000000',130,NULL,NULL,NULL,NULL,'GHN_EXPRESS','ORDER_SHIPPING',47000.00,29237000.00,0.00,29190000.00,'2023-07-07 20:50:34.453000'),(57,2,'2023-07-07 20:51:11.925000','2023-07-09 06:59:59.000000',131,NULL,NULL,NULL,NULL,'GHN_EXPRESS','ORDER_SHIPPING',47000.00,29237000.00,0.00,29190000.00,'2023-07-07 20:51:11.937000'),(58,2,'2023-07-07 20:51:38.864000','2023-07-09 06:59:59.000000',132,NULL,NULL,NULL,NULL,'GHN_EXPRESS','ORDER_SHIPPING',47000.00,29237000.00,0.00,29190000.00,'2023-07-07 20:51:38.876000'),(59,2,'2023-07-08 21:02:15.222000','2023-07-10 06:59:59.000000',133,NULL,NULL,'2023-07-08 21:02:54.469000',NULL,'GHN_EXPRESS','ORDER_SHIPPING',47000.00,29237000.00,0.00,29190000.00,'2023-07-08 21:02:54.491000');
/*!40000 ALTER TABLE `tbl_order_shop` ENABLE KEYS */;
UNLOCK TABLES;

--
-- Table structure for table `tbl_order_shop_discounts`
--

DROP TABLE IF EXISTS `tbl_order_shop_discounts`;
/*!40101 SET @saved_cs_client     = @@character_set_client */;
/*!50503 SET character_set_client = utf8mb4 */;
CREATE TABLE `tbl_order_shop_discounts` (
  `order_id` bigint NOT NULL,
  `shop_id` bigint NOT NULL,
  `discount_id` bigint NOT NULL,
  PRIMARY KEY (`order_id`,`shop_id`,`discount_id`),
  KEY `FK9runwfeymaqnc6tg9irs3vf26` (`discount_id`),
  CONSTRAINT `FK9runwfeymaqnc6tg9irs3vf26` FOREIGN KEY (`discount_id`) REFERENCES `tbl_discount` (`id`),
  CONSTRAINT `FKjjhu75479h2dd3pnu1od8xceh` FOREIGN KEY (`order_id`, `shop_id`) REFERENCES `tbl_order_shop` (`order_id`, `shop_id`)
) ENGINE=InnoDB DEFAULT CHARSET=utf8mb4 COLLATE=utf8mb4_0900_ai_ci;
/*!40101 SET character_set_client = @saved_cs_client */;

--
-- Dumping data for table `tbl_order_shop_discounts`
--

LOCK TABLES `tbl_order_shop_discounts` WRITE;
/*!40000 ALTER TABLE `tbl_order_shop_discounts` DISABLE KEYS */;
/*!40000 ALTER TABLE `tbl_order_shop_discounts` ENABLE KEYS */;
UNLOCK TABLES;

--
-- Table structure for table `tbl_payment_history`
--

DROP TABLE IF EXISTS `tbl_payment_history`;
/*!40101 SET @saved_cs_client     = @@character_set_client */;
/*!50503 SET character_set_client = utf8mb4 */;
CREATE TABLE `tbl_payment_history` (
  `id` bigint NOT NULL AUTO_INCREMENT,
  `category` varchar(50) NOT NULL,
  `created_at` datetime(6) DEFAULT NULL,
  `entity_id` bigint DEFAULT NULL,
  `full_name` varchar(255) DEFAULT NULL,
  `info` varchar(255) DEFAULT NULL,
  `is_success` bit(1) DEFAULT NULL,
  `parameter` varchar(255) DEFAULT NULL,
  `pay_at` datetime(6) DEFAULT NULL,
  `payment_code` varchar(255) DEFAULT NULL,
  `total_price` decimal(38,2) DEFAULT NULL,
  `type` varchar(50) NOT NULL,
  `updated_at` datetime(6) DEFAULT NULL,
  `redirect_url` varchar(255) DEFAULT NULL,
  PRIMARY KEY (`id`)
) ENGINE=InnoDB AUTO_INCREMENT=45 DEFAULT CHARSET=utf8mb4 COLLATE=utf8mb4_0900_ai_ci;
/*!40101 SET character_set_client = @saved_cs_client */;

--
-- Dumping data for table `tbl_payment_history`
--

LOCK TABLES `tbl_payment_history` WRITE;
/*!40000 ALTER TABLE `tbl_payment_history` DISABLE KEYS */;
INSERT INTO `tbl_payment_history` VALUES (1,'ORDER','2023-06-18 15:59:13.650000',1,'Lê Hà','Lê Hà thanh toan don hang 1 voi tong tien 1000 voi VNPAY',NULL,NULL,NULL,'73185012',1000.00,'VNPAY','2023-06-18 15:59:13.650000',NULL),(2,'SHOP_PRICE','2023-06-18 18:35:42.373000',1,'Lê Hà','Lê Hà thanh toan don hang ShopPrice with ShopId = 1 voi tong tien 1000000.00 voi VNPAY',NULL,'{\"shopPriceId\":\"1\"}',NULL,'45844965',1000000.00,'VNPAY','2023-06-18 18:35:42.373000',NULL),(3,'SHOP_PRICE','2023-06-18 18:39:29.128000',1,'Lê Hà','Lê Hà thanh toan don hang ShopPrice with ShopId = 1 voi tong tien 1000000.00 voi VNPAY',NULL,'{\"shopPriceId\":\"1\"}',NULL,'65879667',1000000.00,'VNPAY','2023-06-18 18:39:29.128000',NULL),(4,'ORDER','2023-06-18 18:40:46.030000',1,'Lê Hà','Lê Hà thanh toan don hang 1 voi tong tien 1000 voi VNPAY',_binary '\0',NULL,'2023-06-18 18:41:01.000000','91492942',1000.00,'VNPAY','2023-06-18 18:41:03.002000',NULL),(5,'SHOP_PRICE','2023-06-18 18:42:01.024000',1,'Lê Hà','Lê Hà thanh toan don hang ShopPrice with ShopId = 1 voi tong tien 1000000.00 voi VNPAY',NULL,'{\"shopPriceId\":\"1\"}',NULL,'84442778',1000000.00,'VNPAY','2023-06-18 18:42:01.024000',NULL),(6,'ORDER','2023-06-18 18:42:39.638000',1,'Lê Hà','Lê Hà thanh toan don hang 1 voi tong tien 1000 voi VNPAY',NULL,NULL,NULL,'26014476',1000.00,'VNPAY','2023-06-18 18:42:39.638000',NULL),(7,'SHOP_PRICE','2023-06-18 18:42:59.563000',1,'Lê Hà','Lê Hà thanh toan don hang ShopPrice with ShopId = 1 voi tong tien 1000000.00 voi VNPAY',NULL,'{\"shopPriceId\":\"1\"}',NULL,'61114289',1000000.00,'VNPAY','2023-06-18 18:42:59.564000',NULL),(8,'ORDER','2023-06-18 18:43:27.487000',1,'Lê Hà','Lê Hà thanh toan don hang 1 voi tong tien 1000 voi VNPAY',_binary '\0',NULL,'2023-06-18 18:43:40.000000','04767416',1000.00,'VNPAY','2023-06-18 18:43:41.221000',NULL),(9,'ORDER','2023-06-18 18:45:55.747000',1,'Lê Hà','Lê Hà thanh toan don hang 1 voi tong tien 1000 voi VNPAY',_binary '\0',NULL,'2023-06-18 18:46:08.000000','24537072',1000.00,'VNPAY','2023-06-18 18:46:09.226000',NULL),(10,'SHOP_PRICE','2023-06-18 18:46:09.001000',1,'Lê Hà','Lê Hà thanh toan don hang ShopPrice with ShopId = 1 voi tong tien 1000000.00 voi VNPAY',NULL,'{\"shopPriceId\":\"1\"}',NULL,'01979302',1000000.00,'VNPAY','2023-06-18 18:46:09.001000',NULL),(11,'SHOP_PRICE','2023-06-18 18:46:21.975000',1,'Lê Hà','Lê Hà thanh toan don hang ShopPrice with ShopId = 1 voi tong tien 1000000.00 voi VNPAY',NULL,'{\"shopPriceId\":\"1\"}',NULL,'43759373',1000000.00,'VNPAY','2023-06-18 18:46:21.975000',NULL),(12,'SHOP_PRICE','2023-06-18 18:49:23.010000',1,'Lê Hà','Lê Hà thanh toan don hang ShopPrice with ShopId = 1 voi tong tien 1000000.00 voi VNPAY',NULL,'{\"shopPriceId\":\"1\"}',NULL,'59086820',1000000.00,'VNPAY','2023-06-18 18:49:23.010000',NULL),(13,'SHOP_PRICE','2023-06-18 18:52:54.946000',1,'Lê Hà','Lê Hà thanh toan don hang ShopPrice with ShopId = 1 voi tong tien 1000000.00 voi VNPAY',NULL,'{\"shopPriceId\":\"1\"}',NULL,'03128971',1000000.00,'VNPAY','2023-06-18 18:52:54.946000',NULL),(14,'SHOP_PRICE','2023-06-18 18:53:01.687000',1,'Lê Hà','Lê Hà thanh toan don hang ShopPrice with ShopId = 1 voi tong tien 1000000.00 voi VNPAY',NULL,'{\"shopPriceId\":\"1\"}',NULL,'86096468',1000000.00,'VNPAY','2023-06-18 18:53:01.687000',NULL),(15,'SHOP_PRICE','2023-06-18 18:55:04.297000',1,'Lê Hà','Lê Hà thanh toan don hang ShopPrice with ShopId = 1 voi tong tien 1000000.00 voi VNPAY',NULL,'{\"shopPriceId\":\"1\"}',NULL,'02397459',1000000.00,'VNPAY','2023-06-18 18:55:04.297000',NULL),(16,'SHOP_PRICE','2023-06-18 19:01:58.946000',1,'Lê Hà','Lê Hà thanh toan don hang ShopPrice with ShopId = 1 voi tong tien 1000000.00 voi VNPAY',_binary '\0','{\"shopPriceId\":\"1\"}','2023-06-18 19:02:12.000000','82142729',1000000.00,'VNPAY','2023-06-18 19:02:11.781000',NULL),(17,'SHOP_PRICE','2023-06-18 19:20:56.352000',1,'Lê Hà','Lê Hà thanh toan don hang ShopPrice with ShopId = 1 voi tong tien 1000000.00 voi VNPAY',_binary '\0','{\"shopPriceId\":\"1\"}','2023-06-18 19:21:10.000000','65363777',1000000.00,'VNPAY','2023-06-18 19:21:10.221000',NULL),(18,'SHOP_PRICE','2023-06-18 19:23:00.084000',1,'Lê Hà','Lê Hà thanh toan don hang ShopPrice with ShopId = 1 voi tong tien 1000000.00 voi VNPAY',_binary '\0','{\"shopPriceId\":\"1\"}','2023-06-18 19:23:13.000000','73310975',1000000.00,'VNPAY','2023-06-18 19:23:13.177000',NULL),(19,'SHOP_PRICE','2023-06-18 19:25:09.593000',1,'Lê Hà','Lê Hà thanh toan don hang ShopPrice with ShopId = 1 voi tong tien 1000000.00 voi VNPAY',_binary '\0','{\"shopPriceId\":\"1\"}','2023-06-18 19:25:24.000000','99080755',1000000.00,'VNPAY','2023-06-18 19:25:24.135000',NULL),(20,'SHOP_PRICE','2023-06-18 19:25:58.731000',1,'Lê Hà','Lê Hà thanh toan don hang ShopPrice with ShopId = 1 voi tong tien 1000000.00 voi VNPAY',NULL,'{\"shopPriceId\":\"1\"}',NULL,'33285799',1000000.00,'VNPAY','2023-06-18 19:25:58.731000',NULL),(21,'ORDER','2023-06-18 19:27:54.205000',51,'Trình Khánh Duy','Trình Khánh Duy thanh toan don hang 51 voi tong tien 12332775 voi VNPAY',_binary '\0',NULL,'2023-06-18 19:28:04.000000','67377117',12332775.00,'VNPAY','2023-06-18 19:28:04.648000',NULL),(22,'SHOP_PRICE','2023-06-18 19:32:44.387000',1,'Lê Hà','Lê Hà thanh toan don hang ShopPrice with ShopId = 1 voi tong tien 1000000.00 voi VNPAY',_binary '\0','{\"shopPriceId\":\"1\"}','2023-06-18 19:32:59.000000','89816492',1000000.00,'VNPAY','2023-06-18 19:33:00.200000',NULL),(23,'ORDER','2023-06-18 19:33:58.954000',52,'Trình Khánh Duy','Trình Khánh Duy thanh toan don hang 52 voi tong tien 12332775 voi VNPAY',_binary '\0',NULL,'2023-06-18 19:34:06.000000','29177701',12332775.00,'VNPAY','2023-06-18 19:34:06.488000',NULL),(24,'ORDER','2023-06-18 19:35:40.837000',53,'Trình Khánh Duy','Trình Khánh Duy thanh toan don hang 53 voi tong tien 5277025 voi VNPAY',_binary '\0',NULL,'2023-06-18 19:35:51.000000','72209356',5277025.00,'VNPAY','2023-06-18 19:35:52.207000',NULL),(25,'SHOP_PRICE','2023-06-18 19:38:37.085000',1,'Lê Hà','Lê Hà thanh toan don hang ShopPrice with ShopId = 1 voi tong tien 1000000.00 voi VNPAY',_binary '\0','{\"shopPriceId\":\"1\"}','2023-06-18 19:38:50.000000','29021558',1000000.00,'VNPAY','2023-06-18 19:38:51.202000',NULL),(26,'SHOP_PRICE','2023-06-18 19:44:52.694000',1,'Lê Hà','Lê Hà thanh toan don hang ShopPrice with ShopId = 1 voi tong tien 1000000.00 voi VNPAY',_binary '\0','{\"shopPriceId\":\"1\"}','2023-06-18 19:45:09.000000','71711130',1000000.00,'VNPAY','2023-06-18 19:45:10.202000','http://localhost:5000/#/Seller'),(27,'SHOP_PRICE','2023-06-21 20:31:08.117000',1,'Lê Hà','Lê Hà thanh toan don hang ShopPrice with ShopId = 1 voi tong tien 1000000.00 voi VNPAY',_binary '\0','{\"shopPriceId\":\"1\"}','2023-06-21 20:31:20.000000','50795694',1000000.00,'VNPAY','2023-06-21 20:31:22.220000','http://localhost:5000/#/Seller'),(28,'SHOP_PRICE','2023-07-01 20:24:34.800000',1,'Lê Hà','Lê Hà thanh toan don hang ShopPrice with ShopId = 1 voi tong tien 1000000.00 voi VNPAY',NULL,'{\"shopPriceId\":\"1\"}',NULL,'47658596',1000000.00,'VNPAY','2023-07-01 20:24:34.800000','http://localhost:5000/#/Seller'),(29,'SHOP_PRICE','2023-07-01 22:46:27.529000',1,'Lê Hà','Lê Hà thanh toan don hang ShopPrice with ShopId = 1 voi tong tien 1000000.00 voi PAYPAL',NULL,'{\"shopPriceId\":\"1\"}',NULL,'PAYID-MSQEUUA62S39387UH982274J',1000000.00,'VNPAY','2023-07-01 22:46:27.529000','http://localhost:5000/#/Seller'),(30,'ORDER','2023-07-01 22:46:50.624000',1,'Lê Hà','Lê Hà thanh toan don hang 1 voi tong tien 1000 voi PAYPAL',_binary '',NULL,'2023-07-01 22:47:25.317000','PAYID-MSQEU2Y9X81548011941564D',1000.00,'PAYPAL','2023-07-01 22:47:25.373000','http://localhost:5000/'),(31,'SHOP_PRICE','2023-07-01 22:47:44.655000',1,'Lê Hà','Lê Hà thanh toan don hang ShopPrice with ShopId = 1 voi tong tien 1000000.00 voi PAYPAL',_binary '','{\"shopPriceId\":\"1\"}','2023-07-01 22:48:02.177000','PAYID-MSQEVIA5NB76600TR337863F',1000000.00,'VNPAY','2023-07-01 22:48:02.193000','http://localhost:5000/#/Seller'),(32,'SHOP_PRICE','2023-07-02 10:27:10.533000',2,'Lê Hà','Lê Hà thanh toan don hang ShopPrice with ShopId = 2 voi tong tien 1000000.00 voi PAYPAL',_binary '','{\"shopPriceId\":\"1\"}','2023-07-02 10:28:05.684000','PAYID-MSQO5DQ6BX49707UB262692T',1000000.00,'VNPAY','2023-07-02 10:28:05.703000','http://localhost:5000/#/Seller'),(33,'SHOP_PRICE','2023-07-02 10:29:08.961000',2,'Lê Hà','Lê Hà thanh toan don hang ShopPrice with ShopId = 2 voi tong tien 1000000.00 voi PAYPAL',_binary '','{\"shopPriceId\":\"1\"}','2023-07-02 10:29:23.443000','PAYID-MSQO6BI0NG068212B192915V',1000000.00,'VNPAY','2023-07-02 10:29:23.450000','http://localhost:5000/Seller'),(34,'ORDER','2023-07-07 20:51:45.129000',58,'Trình Khánh Duy','Trình Khánh Duy thanh toan don hang 58 voi tong tien 29190000 voi PAYPAL',NULL,NULL,NULL,'PAYID-MSUBQ4I50302797MF978705W',29190000.00,'PAYPAL','2023-07-07 20:51:45.129000','http://localhost:5000/#/'),(35,'ORDER','2023-07-07 20:53:12.960000',1,'Lê Hà','Lê Hà thanh toan don hang 1 voi tong tien 29190000 voi PAYPAL',NULL,NULL,NULL,'PAYID-MSUBRSA4G904887D4356634P',29190000.00,'PAYPAL','2023-07-07 20:53:12.960000','http://localhost:5000/'),(36,'ORDER','2023-07-07 20:53:44.555000',1,'Lê Hà','Lê Hà thanh toan don hang 1 voi tong tien 291900 voi PAYPAL',NULL,NULL,NULL,'PAYID-MSUBR2A0C9701304N8869453',291900.00,'PAYPAL','2023-07-07 20:53:44.555000','http://localhost:5000/'),(37,'ORDER','2023-07-07 20:54:10.398000',1,'Lê Hà','Lê Hà thanh toan don hang 1 voi tong tien 1000 voi PAYPAL',NULL,NULL,NULL,'PAYID-MSUBSAQ7NN07935DJ101151V',1000.00,'PAYPAL','2023-07-07 20:54:10.398000','http://localhost:5000/'),(38,'ORDER','2023-07-07 20:54:38.237000',1,'Lê Hà','Lê Hà thanh toan don hang 1 voi tong tien 1000 voi VNPAY',_binary '\0',NULL,'2023-07-07 20:54:51.000000','32413735',1000.00,'VNPAY','2023-07-07 20:54:51.334000','http://localhost:5000/'),(39,'ORDER','2023-07-07 20:55:45.426000',1,'Lê Hà','Lê Hà thanh toan don hang 1 voi tong tien 1000 voi PAYPAL',NULL,NULL,NULL,'PAYID-MSUBSYI9R514643GK843513H',1000.00,'PAYPAL','2023-07-07 20:55:45.426000','http://localhost:5000/'),(40,'ORDER','2023-07-08 20:36:14.005000',1,'Lê Hà','Lê Hà thanh toan don hang 1 voi tong tien 1000 voi VNPAY',_binary '\0',NULL,'2023-07-08 20:36:31.000000','45944571',1000.00,'VNPAY','2023-07-08 20:36:32.260000','http://localhost:5000/'),(41,'ORDER','2023-07-08 20:36:35.630000',1,'Lê Hà','Lê Hà thanh toan don hang 1 voi tong tien 1000 voi PAYPAL',NULL,NULL,NULL,'PAYID-MSUWMZA1K095215WE147040L',1000.00,'PAYPAL','2023-07-08 20:36:35.630000','http://localhost:5000/'),(42,'SHOP_PRICE','2023-07-08 20:37:45.600000',1,'Lê Hà','Lê Hà thanh toan don hang ShopPrice with ShopId = 1 voi tong tien 1000000.00 voi VNPAY',NULL,'{\"shopPriceId\":\"1\"}',NULL,'98077967',1000000.00,'VNPAY','2023-07-08 20:37:45.600000','http://localhost:5000/#/Seller'),(43,'ORDER','2023-07-08 20:37:56.959000',1,'Lê Hà','Lê Hà thanh toan don hang 1 voi tong tien 1000 voi PAYPAL',_binary '',NULL,'2023-07-08 20:38:22.495000','PAYID-MSUWNNI00B03553FU554371F',1000.00,'PAYPAL','2023-07-08 20:38:22.518000','http://localhost:5000/'),(44,'ORDER','2023-07-08 21:02:20.910000',59,'Lê Lê','Lê Lê thanh toan don hang 59 voi tong tien 29190000 voi PAYPAL',_binary '',NULL,'2023-07-08 21:02:54.469000','PAYID-MSUWY3I1AA285649B0360801',29190000.00,'PAYPAL','2023-07-08 21:02:54.487000','http://localhost:5000/#/');
/*!40000 ALTER TABLE `tbl_payment_history` ENABLE KEYS */;
UNLOCK TABLES;

--
-- Table structure for table `tbl_product`
--

DROP TABLE IF EXISTS `tbl_product`;
/*!40101 SET @saved_cs_client     = @@character_set_client */;
/*!50503 SET character_set_client = utf8mb4 */;
CREATE TABLE `tbl_product` (
  `id` bigint NOT NULL AUTO_INCREMENT,
  `created_at` datetime(6) DEFAULT NULL,
  `description` varchar(15000) DEFAULT NULL,
  `enabled` bit(1) NOT NULL DEFAULT b'1',
  `name` varchar(255) NOT NULL,
  `price` decimal(38,2) NOT NULL,
  `quantity` bigint NOT NULL,
  `slug` varchar(300) NOT NULL,
  `status` varchar(50) NOT NULL,
  `updated_at` datetime(6) DEFAULT NULL,
  `brand_id` int NOT NULL,
  `category_id` int NOT NULL,
  `location_id` bigint DEFAULT NULL,
  `shop_id` bigint NOT NULL,
  `thumbnail` bigint DEFAULT NULL,
  PRIMARY KEY (`id`),
  UNIQUE KEY `UK_fb9skj6n21xkyxi20r0g5lgrj` (`name`),
  UNIQUE KEY `UK_y87ruw7kg2wr9k3jqx8v2mav` (`slug`),
  KEY `FKlnk3617isqse9ehysrt5aaors` (`brand_id`),
  KEY `FKfq7110lh85cseoy13cgni7pet` (`category_id`),
  KEY `FK8b97msbf2f0hkaxte1o1tmi20` (`location_id`),
  KEY `FKnli2r33pxw4gq36rd9x1rq54c` (`shop_id`),
  KEY `FKdbiuy7901jmt8frpkui6nqq2x` (`thumbnail`),
  CONSTRAINT `FK8b97msbf2f0hkaxte1o1tmi20` FOREIGN KEY (`location_id`) REFERENCES `tbl_location` (`id`),
  CONSTRAINT `FKdbiuy7901jmt8frpkui6nqq2x` FOREIGN KEY (`thumbnail`) REFERENCES `tbl_image` (`id`),
  CONSTRAINT `FKfq7110lh85cseoy13cgni7pet` FOREIGN KEY (`category_id`) REFERENCES `tbl_category` (`id`),
  CONSTRAINT `FKlnk3617isqse9ehysrt5aaors` FOREIGN KEY (`brand_id`) REFERENCES `tbl_brand` (`id`),
  CONSTRAINT `FKnli2r33pxw4gq36rd9x1rq54c` FOREIGN KEY (`shop_id`) REFERENCES `tbl_shop` (`id`)
) ENGINE=InnoDB AUTO_INCREMENT=82 DEFAULT CHARSET=utf8mb4 COLLATE=utf8mb4_0900_ai_ci;
/*!40101 SET character_set_client = @saved_cs_client */;

--
-- Dumping data for table `tbl_product`
--

LOCK TABLES `tbl_product` WRITE;
/*!40000 ALTER TABLE `tbl_product` DISABLE KEYS */;
INSERT INTO `tbl_product` VALUES (1,'2023-06-17 23:05:52.147000','',_binary '','Samsung Galaxy M93',12490000.00,990,'samsung-galaxy-m93.00f145c378b3470183e280faeaf228e5','PRODUCT_TRADING','2023-06-18 19:35:40.787000',3,2,2,3,109),(2,'2023-06-17 23:05:52.155000','',_binary '','IPhone 13 Pro Max 128GB',29190000.00,989,'iphone-13-pro-max-128gb.e2e42060cbb04a2583e5f8e4fb571e31','PRODUCT_TRADING','2023-07-08 21:02:15.271000',2,2,6,2,110),(3,'2023-06-17 23:05:52.160000','',_binary '','Tai nghe Bluetooth AirPods 3 Apple MME73 Trắng',4790000.00,1000,'tai-nghe-bluetooth-airpods-3-apple-mme73-trang.7ea1eb7caf6447a3aaf9c709ca93aba1','PRODUCT_TRADING','2023-06-17 23:05:52.160000',19,5,1,3,111),(4,'2023-06-17 23:05:52.164000','',_binary '','Apple Watch S6 40mm viền nhôm dây silicone',8991000.00,988,'apple-watch-s6-40mm-vien-nhom-day-silicone.d754fd9af2de422e9b26e2535d83ceb2','PRODUCT_TRADING','2023-06-17 23:06:22.886000',19,7,1,4,112),(5,'2023-06-17 23:05:52.168000','',_binary '','Samsung Galaxy Watch 4 40mm Vàng Hồng',5490000.00,1000,'samsung-galaxy-watch-4-40mm-vang-hong.9c53c9bd55674f16b528b507f5b288bc','PRODUCT_TRADING','2023-06-17 23:05:52.168000',3,2,1,7,113),(6,'2023-06-17 23:05:52.173000','',_binary '','Pin sạc dự phòng Polymer 10.000 mAh Type C PD QC3.0 Xmobile PowerSlim PJ JP21',490000.00,998,'pin-sac-du-phong-polymer-10000-mah-type-c-pd-qc30-xmobile-powerslim-pj-jp21.cfda0c01271740ca89bb8cbd4e5de19e','PRODUCT_TRADING','2023-06-17 23:06:00.556000',20,5,2,4,114),(7,'2023-06-17 23:05:52.178000','',_binary '','Ốp lưng MagSafe iPhone 13 Pro Max Nhựa dẻo Apple MM2U3',4790000.00,996,'op-lung-magsafe-iphone-13-pro-max-nhua-deo-apple-mm2u3.3569bcf949574773a32bfeb9fd546ef6','PRODUCT_TRADING','2023-06-17 23:06:16.205000',2,5,3,5,115),(8,'2023-06-17 23:05:52.182000','',_binary '','AVA+ DS005-PP',4790000.00,995,'ava-ds005-pp.2351831740884fce891ebec18ac0899e','PRODUCT_TRADING','2023-06-17 23:06:22.886000',1,16,1,7,116),(9,'2023-06-17 23:05:52.186000','',_binary '','eValu PA F1 Air',4790000.00,992,'evalu-pa-f1-air.dd5bc58b4ac940289be19bc18b890f3c','PRODUCT_TRADING','2023-06-17 23:06:20.656000',1,16,2,3,117),(10,'2023-06-17 23:05:52.189000','',_binary '','Hydrus PA CK01',4790000.00,1000,'hydrus-pa-ck01.65fb606746524fc18411337857a38e2f','PRODUCT_TRADING','2023-06-17 23:05:52.189000',1,16,2,4,118),(11,'2023-06-17 23:05:52.195000','',_binary '','Pin sạc dự phòng Polymer 10.000 mAh Type C PD QC3.0 Xmobile PowerSlim PJ JP213',4790000.00,999,'pin-sac-du-phong-polymer-10000-mah-type-c-pd-qc30-xmobile-powerslim-pj-jp213.658c62c2722340249b66d1b09c529d07','PRODUCT_TRADING','2023-06-17 23:06:03.703000',20,5,3,2,119),(12,'2023-06-17 23:05:52.199000','',_binary '','Acer TravelMate B3 TMB311 31 P49D N5030 (NX.VNFSV.005)',420000.00,992,'acer-travelmate-b3-tmb311-31-p49d-n5030-nxvnfsv005.b3d13b92ca35402787a1268ca38f6d33','PRODUCT_TRADING','2023-06-17 23:06:21.565000',12,3,1,1,120),(13,'2023-06-17 23:05:52.203000','',_binary '','MSI Modern 14 B11MOU i3 1115G4 (1027VN)',14490000.00,996,'msi-modern-14-b11mou-i3-1115g4-1027vn.bdbfdd7b0ba24766a711527a63031e17','PRODUCT_TRADING','2023-06-17 23:06:12.108000',18,3,2,1,121),(14,'2023-06-17 23:05:52.210000','',_binary '','Apple Watch Series 7 GPS 41mm',8590000.00,998,'apple-watch-series-7-gps-41mm.66a71bf2d8ce427e8eca256f67466b26','PRODUCT_TRADING','2023-06-17 23:06:05.277000',19,7,1,1,122),(15,'2023-06-17 23:05:52.213000','',_binary '','Loa Bluetooth Mozard X21',7590000.00,999,'loa-bluetooth-mozard-x21.89cbc2e3fa9c478ebffb28eacedd9740','PRODUCT_TRADING','2023-06-17 23:06:13.994000',21,14,1,3,123),(16,'2023-06-17 23:05:52.217000','',_binary '','Pin sạc dự phòng Polymer 10.000mAh AVA+ JP208',7890000.00,999,'pin-sac-du-phong-polymer-10000mah-ava-jp208.d63927c651d54552aef63cd299fb92ce','PRODUCT_TRADING','2023-06-17 23:06:09.251000',1,5,3,5,124),(17,'2023-06-17 23:05:52.222000','',_binary '','Webcam 480P A4Tech PK-710G Đen',3490000.00,996,'webcam-480p-a4tech-pk-710g-den.f7c0a12fb93f492483635d10d6abd3f9','PRODUCT_TRADING','2023-06-17 23:06:21.565000',1,21,1,5,125),(18,'2023-06-17 23:05:52.227000','',_binary '','Tai nghe Bluetooth True Wireless Galaxy Buds 2 R177N',3490000.00,995,'tai-nghe-bluetooth-true-wireless-galaxy-buds-2-r177n.e3bdb54d665f44ed8038cf3f8347801b','PRODUCT_TRADING','2023-06-17 23:06:19.531000',3,5,2,4,126),(19,'2023-06-17 23:05:52.231000','',_binary '','Bút cảm ứng S Pen Pro EJ-P5450 Đen',2490000.00,998,'but-cam-ung-s-pen-pro-ej-p5450-den.325e2942b0c446138bc52c8e708c101b','PRODUCT_TRADING','2023-06-17 23:06:11.562000',1,11,1,1,127),(20,'2023-06-17 23:05:52.237000','',_binary '','Tai nghe Bluetooth True Wireless Galaxy Buds Live R180 Gold',3490000.00,999,'tai-nghe-bluetooth-true-wireless-galaxy-buds-live-r180-gold.b7d664149ebd4487a59bbd46dd48e39a','PRODUCT_TRADING','2023-06-17 23:06:07.123000',3,5,1,4,128),(21,'2023-06-17 23:05:52.242000','',_binary '','Samsung Galaxy Z Flip3 5G',13490000.00,992,'samsung-galaxy-z-flip3-5g.7dcb0021b5a74b599069773aa7ef2d9f','PRODUCT_TRADING','2023-06-17 23:06:21.131000',3,2,2,7,129),(22,'2023-06-17 23:05:52.246000','',_binary '','Samsung Galaxy Z Flip3 5G Flex Your Way',13490000.00,996,'samsung-galaxy-z-flip3-5g-flex-your-way.e023139f0a104415a4b3d53d249d5bc1','PRODUCT_TRADING','2023-06-17 23:06:17.647000',3,2,1,4,130),(23,'2023-06-17 23:05:52.250000','',_binary '','Samsung Galaxy A32',14490000.00,997,'samsung-galaxy-a32.3de0fdda18da42b5897a86bee238c063','PRODUCT_TRADING','2023-06-17 23:06:21.130000',3,2,2,3,131),(24,'2023-06-17 23:05:52.254000','',_binary '','Samsung Galaxy S22+ 5G',19490000.00,994,'samsung-galaxy-s22-5g.b5e69f05658945aab855cf5e7e5a65a2','PRODUCT_TRADING','2023-06-17 23:06:16.204000',3,2,3,7,132),(25,'2023-06-17 23:05:52.258000','',_binary '','Samsung Galaxy A13',13490000.00,1000,'samsung-galaxy-a13.0d6e3a104e9841a7a2ef3da08c94d839','PRODUCT_TRADING','2023-06-17 23:05:52.258000',3,2,1,7,133),(26,'2023-06-17 23:05:52.263000','',_binary '','Samsung Galaxy S21 FE 5G',23490000.00,999,'samsung-galaxy-s21-fe-5g.08b31c94ad974d20bcb7ea4065d8083e','PRODUCT_TRADING','2023-06-17 23:06:20.656000',3,2,2,3,134),(27,'2023-06-17 23:05:52.267000','',_binary '','Samsung Galaxy S22 5G',23490000.00,995,'samsung-galaxy-s22-5g.4b28c105f811452ea897714dd0515df6','PRODUCT_TRADING','2023-06-17 23:06:23.403000',3,2,1,7,135),(28,'2023-06-17 23:05:52.271000','',_binary '','Samsung Galaxy M53',13490000.00,1000,'samsung-galaxy-m53.80f5920c2981493e91a761029827c571','PRODUCT_TRADING','2023-06-17 23:05:52.271000',3,2,3,7,136),(29,'2023-06-17 23:05:52.277000','',_binary '','Acer TravelMate B3 TMB 31 P49D N5030 (NX.VNFSV.005)',23490000.00,989,'acer-travelmate-b3-tmb-31-p49d-n5030-nxvnfsv005.a133c41f3660457cb4794e063473e5c4','PRODUCT_TRADING','2023-06-17 23:06:22.029000',12,3,3,3,137),(30,'2023-06-17 23:05:52.281000','',_binary '','Acer TravelMate B3 31 P49D N5030 (NX.VNFSV.005)',3490000.00,992,'acer-travelmate-b3-31-p49d-n5030-nxvnfsv005.ead3c6a9aa5941aebefbe5a7275b97dc','PRODUCT_TRADING','2023-06-17 23:06:23.402000',12,3,2,1,138),(31,'2023-06-17 23:05:52.285000','',_binary '','Samsung Galaxy Tab S8',13490000.00,1000,'samsung-galaxy-tab-s8.65f845b5ef4a4cb0ac2d947d1951ca5e','PRODUCT_TRADING','2023-06-17 23:05:52.285000',3,2,1,5,139),(32,'2023-06-17 23:05:52.288000','',_binary '','Alcatel 3T8',3490000.00,990,'alcatel-3t8.b816dffee20346d7829037f4c87a740c','PRODUCT_TRADING','2023-06-17 23:06:17.180000',1,17,2,4,140),(33,'2023-06-17 23:05:52.292000','',_binary '','IPad Pro M1 11 Inch 5G',13490000.00,1000,'ipad-pro-m1-11-inch-5g.114fb97e66794db4a755133d14ded7a4','PRODUCT_TRADING','2023-06-17 23:05:52.292000',19,4,1,3,141),(34,'2023-06-17 23:05:52.295000','',_binary '','IPad Pro M1 11 Inch 8G',13490000.00,995,'ipad-pro-m1-11-inch-8g.93bed58737b740b7afabd6d7b77d5cf5','PRODUCT_TRADING','2023-06-17 23:06:20.110000',19,4,1,5,142),(35,'2023-06-17 23:05:52.298000','',_binary '','Macbook 245 G8 R5 5500U (61C65PA)',33490000.00,999,'macbook-245-g8-r5-5500u-61c65pa.c38ceec5a19c47bfad81d8efb817b18d','PRODUCT_TRADING','2023-06-17 23:06:06.643000',17,3,2,4,143),(36,'2023-06-17 23:05:52.301000','',_binary '','Đồng hồ CITIZEN 30 mm Nam NH8391-51X',13490000.00,997,'dong-ho-citizen-30-mm-nam-nh8391-51x.9850256527f74d0cbf95455d15192c6e','PRODUCT_TRADING','2023-06-17 23:06:22.887000',22,7,4,4,144),(37,'2023-06-17 23:05:52.303000','',_binary '','Đồng hồ CITIZEN 32 mm Nam NH8391-51E',13490000.00,1000,'dong-ho-citizen-32-mm-nam-nh8391-51e.ca6ffa58adac41b5b0c3a9d87d52694b','PRODUCT_TRADING','2023-06-17 23:05:52.303000',22,7,6,1,145),(38,'2023-06-17 23:05:52.306000','',_binary '','Đồng hồ CITIZEN 30 mm Nam NJ0084-59A',18490000.00,995,'dong-ho-citizen-30-mm-nam-nj0084-59a.1d4d2e83d8a0446cbc32b6048c45e965','PRODUCT_TRADING','2023-06-17 23:06:23.400000',22,7,1,7,146),(39,'2023-06-17 23:05:52.309000','',_binary '','Đồng hồ ESPRIT 32 mm Nữ ES1L336L0035',16490000.00,994,'dong-ho-esprit-32-mm-nu-es1l336l0035.3fe796fdd77146528ecf29544693ab50','PRODUCT_TRADING','2023-06-17 23:06:11.147000',23,7,1,4,147),(40,'2023-06-17 23:05:52.313000','',_binary '','Đồng hồ DKNY 30 mm Nữ NY2915',14490000.00,995,'dong-ho-dkny-30-mm-nu-ny2915.1eaa13c1bf404f22b2e05c8af73c7b4e','PRODUCT_TRADING','2023-06-17 23:06:23.402000',24,7,1,3,148),(41,'2023-06-17 23:05:52.316000','<div class=\"ToggleContent__View-sc-1dbmfaw-0 wyACs\" style=\"\"><h3 class=\"\">THÔNG SỐ KỸ THUẬT</h3>\n<div class=\"content\">\n<p><strong>Bộ vi xử lý:</strong><span>Intel Core i5-1135G7 (8MB Cache, 2.4GHz, Turbo Boost 4.2GHz)</span></p>\n<p><strong>Bộ nhớ:</strong>4GB (1x4GB) DDR4 2666MHz</p>\n<p><strong>Ổ cứng lưu trữ:</strong>512GB M.2 PCIe NVMe SSD</p>\n<p><strong>Đồ hoạ:</strong>Intel(R) Iris Xe Graphics</p>\n<p><strong>Màn hình:</strong>15.6-inch FHD (1920 x 1080) Anti-glare LED Backlight Non-Touch Narrow Border WVA Display</p>\n<p><strong>Bàn phím:</strong>Non Led backlit</p>\n<p><strong>Cổng kết nối:</strong>2x USB 3.2 Gen 1 ports<br>1x USB 2.0 port<br>1x HDMI 1.4 port<br>1x Audio jack</p>\n<p><strong>Ổ quang:</strong>Không</p>\n<p><strong>Kết nối không dây:</strong>Intel(R) Wi-Fi 6 2x2 (Gig+) and Bluetooth 5.1</p>\n<p><strong>Hệ điều hành:</strong>Windows 10 Home Single Language&nbsp;</p>\n<p><strong>Cảm ứng:</strong>Không</p>\n<p><strong>Màu sắc:</strong>Black</p>\n<p><strong>Pin:</strong>3 Cell 41WHr</p>\n</div><p>Giá sản phẩm trên đây đã bao gồm thuế theo luật hiện hành. Bên cạnh đó, tuỳ vào loại sản phẩm, hình thức và địa chỉ giao hàng mà có thể phát sinh thêm chi phí khác như phí vận chuyển, phụ phí hàng cồng kềnh, thuế nhập khẩu (đối với đơn hàng giao từ nước ngoài có giá trị trên 1 triệu đồng).....</p></div>',_binary '','Laptop Dell Inspiron 15 3511 P112F001BBL (Core i5-1135G7/ 4GB DDR4/ 512GB SSD NVMe PCIe/ 15.6 FHD/ Win10 + OfficeH&S 2019) - Hàng Chính Hãng',164900000.00,998,'laptop-dell-inspiron-15-3511-p112f001bbl-core-i5-1135g7-4gb-ddr4-512gb-ssd-nvme-pcie-156-fhd-win10-officehs-2019-hang-chinh-hang.6281c3ab8b6245ff9a0b992df274e2ac','PRODUCT_TRADING','2023-06-17 23:06:03.701000',14,3,1,1,149),(42,'2023-06-17 23:05:52.502000','<div class=\"ToggleContent__View-sc-1dbmfaw-0 wyACs\" style=\"\"><h3>MSI Modern 14 B11MOU i3 (1027VN) sở hữu một thiết kế mỏng nhẹ, sang trọng với vỏ bọc bền bỉ, hiệu năng ổn định từ bộ vi xử lý&nbsp;Intel thế hệ 11, đa nhiệm tốt, mang đến một lựa chọn chất lượng tốt cho nhu cầu tìm kiếm&nbsp;laptop học tập - văn phòng.</h3>\n<h3>Thiết kế mỏng nhẹ, bền bỉ</h3>\n<p>Máy được bao bọc bởi lớp vỏ kim loại cứng cáp, sang trọng cùng gam màu xám hiện đại tạo nên sự tinh tế của máy. Linh hoạt hơn khi laptop chỉ mang trọng lượng&nbsp;<strong>1.3 kg</strong>&nbsp;và độ dày&nbsp;<strong>18.1 mm</strong>&nbsp;đủ mỏng gọn để tiện lợi mang theo laptop sử dụng mọi lúc, mọi nơi bạn cần.</p>\n<p>MSI Modern 14 được ứng dụng tiêu chuẩn&nbsp;độ bền chuẩn quân đội MIL STD 810G, mang đến sức mạnh bảo vệ ấn tượng cho laptop trước các tình huống va đập, rung sốc, bụi bẩn, trong quá trình sử dụng, nâng cao tuổi thọ của máy.</p>\n<p>Phục vụ nhu cầu học tập, làm việc cơ bản,&nbsp;laptop MSI Modern&nbsp;sử dụng bàn phím có hành trình phím tốt, nhấn êm và nhạy, đồng thời tích hợp&nbsp;<strong>đèn nền&nbsp;</strong>để&nbsp;bạn có thể soạn thảo một cách chuẩn xác, tiện lợi dù trong điều kiện thiếu sáng.</p>\n<p>Được trang bị đầy đủ các cổng kết nối cần thiết, bao gồm USB 3.2 x 2, HDMI, jack tai nghe 3.5 mm, USB Type-C, khe đọc thẻ Micro SD và chuẩn không dây&nbsp;<strong>Bluetooth 5.1, Wi-Fi 6&nbsp;(802.11ax)​&nbsp;</strong>chất lượng cao, đủ đáp ứng mọi nhu cầu kết nối thông thường sử dụng cho học tập, làm việc hay giải trí trên&nbsp;laptop.</p>\n<p>Cùng với&nbsp;<strong>HD Webcam</strong>, việc học online hay tham dự các buổi họp trực tuyến qua ứng dụng Zoom, Microsoft Teams hay Google Meet,… sẽ thêm tiện lợi, hiệu quả.</p>\n<h3>Hiệu năng ổn định, đủ dùng</h3>\n<p>Sở hữu dòng chip<strong>&nbsp;Intel Core i3 Tiger Lake 1115G4</strong>&nbsp;với tốc độ xử lý cơ bản đạt&nbsp;<strong>3.00 GHz</strong>&nbsp;và Turbo Boost lên đến&nbsp;<strong>4.1 GHz</strong>,&nbsp;laptop MSI&nbsp;chạy đa nhiệm mạnh mẽ, mượt mà trên các ứng dụng văn phòng quen thuộc như Word, Excel, PowerPoint, hay duyệt web, tra cứu thông tin cũng diễn ra trơn tru hơn.</p>\n<p>Sự hỗ trợ của card tích hợp&nbsp;Intel UHD Graphics&nbsp;giúp cải thiện chất lượng đồ họa trên máy, màn hình trải nghiệm cùng thao tác ứng dụng mướt hơn, hỗ trợ bạn thiết kế, chỉnh sửa hình ảnh đơn giản trên các phần mềm AI, Canva, một cách hiệu quả.</p>\n<p>RAM 8 GB<strong>&nbsp;</strong>chuẩn<strong>&nbsp;DDR4 2 khe</strong>&nbsp;(1 khe&nbsp;<strong>8 GB</strong>&nbsp;+ 1 khe rời) với tốc độ Bus RAM&nbsp;<strong>3200 MHz</strong>&nbsp;đẩy mạnh khả năng đa nhiệm, giữ hiệu suất máy ổn định khi hoạt động hàng giờ liền với nhiều ứng dụng được mở đồng thời, không lo giật lag, đơ màn hình khi thao tác. Đặc biệt hỗ trợ nâng cấp RAM đến&nbsp;<strong>64 GB</strong>&nbsp;để laptop cải thiện ấn tượng sức mạnh của nó.</p>\n<p>Ổ cứng&nbsp;SSD&nbsp;256 GB<strong>&nbsp;NVMe PCle</strong>&nbsp;(có thể tháo rời lắp thanh khác tối đa&nbsp;<strong>2 TB</strong>) thoải mái cho nhu cầu lưu trữ các dữ liệu cần thiết trên máy, rút ngắn thời gian khởi động máy, truy xuất dữ liệu nhanh chóng và ổn định, đảm bảo tốc độ và hiệu quả công việc.</p>\n<h3>Trải nghiệm khung hình sắc nét chi tiết, âm thanh sống động lan tỏa</h3>\n<p>Laptop MSI Modern có kích thước&nbsp;màn hình 14 inch, độ phân giải đạt chuẩn&nbsp;<strong>Full HD&nbsp;(1920 x 1080)</strong><strong>&nbsp;</strong>hiển thị khung hình với các chi tiết rõ nét. Kết hợp cùng&nbsp;tấm nền IPS&nbsp;không chỉ tạo góc nhìn rộng lên đến<strong>&nbsp;178 độ</strong>&nbsp;mà còn nâng cao chất lượng tương phản của màu sắc và hình ảnh, trải nghiệm thêm đã mắt.</p>\n<p>Độ sáng màn hình&nbsp;<strong>250 nits</strong>&nbsp;và công nghệ chống chói&nbsp;Anti Glare&nbsp;cho chất lượng hiển thị màn hình ổn định cả khi dùng dưới trời nắng, không lóa mờ hay bóng gương, bảo vệ thị giác. Màn hình mỏng hơn, toả nhiệt ít hơn, tiết kiệm điện năng nhờ công nghệ&nbsp;<strong>LED Backlit</strong>.</p>\n<p>Kết hợp cùng chuẩn âm thanh chất lượng cao với hiệu ứng âm vòm sống động, lọc nhiều, khử ồn tốt từ công nghệ&nbsp;Hi-Res Audio&nbsp;và&nbsp;Nahimic Audio&nbsp;mang đến những khung giờ giải trí âm nhạc, phim ảnh, thể thao,… đầy thỏa mãn trên chiếc laptop cá nhân của bạn.</p>\n<p>Tìm kiếm một chiếc laptop bền bỉ, hiệu năng ổn định, giá tốt để sử dụng cho nhu cầu học tập và làm việc cơ bản thì&nbsp;MSI Modern 14 B11MOU i3 (1027VN)&nbsp;sẽ là ứng cử viên sáng giá cho bạn lựa chọn.</p><p>Giá sản phẩm trên đây đã bao gồm thuế theo luật hiện hành. Bên cạnh đó, tuỳ vào loại sản phẩm, hình thức và địa chỉ giao hàng mà có thể phát sinh thêm chi phí khác như phí vận chuyển, phụ phí hàng cồng kềnh, thuế nhập khẩu (đối với đơn hàng giao từ nước ngoài có giá trị trên 1 triệu đồng).....</p></div>',_binary '','Laptop MSI Modern 14 B11MOU i3 1115G4/8GB/256GB/14\"F/Win11/(1027VN)/Xám - Hàng chính hãng',11900000.00,999,'laptop-msi-modern-14-b11mou-i3-1115g48gb256gb14fwin111027vnxam-hang-chinh-hang.86e7f6e5239f4790a0edbc3a0d5a5458','PRODUCT_TRADING','2023-06-17 23:06:19.529000',18,3,1,1,154),(43,'2023-06-17 23:05:52.592000','<div class=\"ToggleContent__View-sc-1dbmfaw-0 wyACs\" style=\"\"><p><strong>Matebook D15 11th</strong></p>\n<p><label class=\"_1A0RCW\">Hạn bảo hành - </label>24 tháng</p>\n<p>*Hình ảnh sản phẩm và nội dung hiển thị trên các trang nêu trên chỉ nhằm mục đích tham khảo. Tính năng và thông số kỹ thuật của sản phẩm thực tế(bao gồm nhưng không giới hạn ở kiểu dáng, màu sắc và kích thước), cũng như nội dung hiển thị thực tế(bao gồm nhưng không giới hạn ở hình nền, giao diện người dùng và biểu tượng)có thể thay đổi.</p>\n<p>**Tất cả dữ liệu trong các trang nêu trên là giá trị lý thuyết do các phòng nghiên cứu nội bộ của HUAWEI thu thập qua các thử nghiệm được thực hiện trong điều kiện cụ thể. Để biết thêm thông tin, hãy tham khảo chi tiết sản phẩm nêu trên. Dữ liệu thực tế có thể thay đổi do khác biệt về từng sản phẩm, phiên bản phần mềm, tình trạng ứng dụng và yếu tố môi trường. Mọi dữ liệu đều dựa trên sử dụng thực tế.</p>\n<p>***Do các thay đổi trong thời gian thực liên quan đến các lô sản phẩm, yếu tố sản xuất và cung ứng nên để cung cấp thông tin, thông số kỹ thuật và tính năng sản phẩm chính xác, HUAWEI có thể điều chỉnh mô tả văn bản và hình ảnh trong các trang thông tin nêu trên theo thời gian thực sao cho tương ứng với hiệu suất sản phẩm, thông số kỹ thuật, chỉ số và cấu phần của sản phẩm thực tế. Thông tin sản phẩm có thể được thay đổi và điều chỉnh như trên mà không thông báo.</p><p>Giá sản phẩm trên đây đã bao gồm thuế theo luật hiện hành. Bên cạnh đó, tuỳ vào loại sản phẩm, hình thức và địa chỉ giao hàng mà có thể phát sinh thêm chi phí khác như phí vận chuyển, phụ phí hàng cồng kềnh, thuế nhập khẩu (đối với đơn hàng giao từ nước ngoài có giá trị trên 1 triệu đồng).....</p></div>',_binary '','Máy Tính Xách Tay HUAWEI MateBook 14 (8GB/512GB) | Intel Core Thế Hệ Thứ 11 | Màn Hình HUAWEI 3:2 Fullview 2k | Nút Nguồn Vân Tay | Hàng Chính Hãng',24990000.00,996,'may-tinh-xach-tay-huawei-matebook-14-8gb512gb-intel-core-the-he-thu-11-man-hinh-huawei-32-fullview-2k-nut-nguon-van-tay-hang-chinh-hang.082631bdca234d0390e06582557da4c1','PRODUCT_TRADING','2023-06-17 23:06:21.131000',27,3,1,3,161),(44,'2023-06-17 23:05:52.684000','<div class=\"ToggleContent__View-sc-1dbmfaw-0 wyACs\"><h3>Cảm nhận sức mạnh</h3>\n<p>Bộ xử lý Intel Core I7 Thế hệ thứ 11 mới nhất mang lại khả năng phản hồi đáng kinh ngạc và đa nhiệm mượt mà, liền mạch. Dễ dàng chuyển đổi qua lại giữa các ứng dụng đang mở với bộ nhớ DDR4 lên đến 8GB Buss 3200.</p>\n<h3>Hiệu suất hoàn hảo</h3>\n<p>Tận hưởng ổ SSD PCIe lên tới 512GB để có hiệu suất nhanh và ổn định khi di chuyển. Ngoài ra, bạn có khả năng mở rộng lên hai SSD NVMe (M.2) và người dùng nâng cao có thể thiết lập hai SSD trong một mảng RAID 0 hoặc RAID 1, có thể định cấu hình trong BIOS.</p>\n<h3>Kết nối đa năng</h3>\n<p>Cổng USB Type C đa chức năng mang lại khả năng tương thích ngoại vi mở rộng, đồng thời hỗ trợ cổng hiển thị và phân phối điện để bạn có thể có nhiều không gian màn hình hơn khi muốn.</p>\n<h3>Tận hưởng khung cảnh</h3>\n<p>Thoải mái với màn hình rộng rãi của máy tính xách tay 14 inch và xem mọi cảnh theo phong cách với màn hình góc nhìn rộng FHD tuyệt đẹp. Đường viền tràn viền hẹp đẹp mắt và tỷ lệ màn hình trên thân máy mở rộng sẽ tập trung sự chú ý của bạn vào nơi đó thuộc về trên màn hình của bạn.</p><p>Giá sản phẩm trên đây đã bao gồm thuế theo luật hiện hành. Bên cạnh đó, tuỳ vào loại sản phẩm, hình thức và địa chỉ giao hàng mà có thể phát sinh thêm chi phí khác như phí vận chuyển, phụ phí hàng cồng kềnh, thuế nhập khẩu (đối với đơn hàng giao từ nước ngoài có giá trị trên 1 triệu đồng).....</p></div>',_binary '','Laptop Dell Inspiron 14 5406 TYCJN1 (Core i7-1165G7/ 8GB DDR4 3200MHz/ 512GB M.2 PCIe NVMe/ MX330 2GB GDDR5/ 14 FHD IPS/ Win10) - Hàng Chính Hãng',26590000.00,998,'laptop-dell-inspiron-14-5406-tycjn1-core-i7-1165g7-8gb-ddr4-3200mhz-512gb-m2-pcie-nvme-mx330-2gb-gddr5-14-fhd-ips-win10-hang-chinh-hang.383f7456032d4173acac2b5553cba8f8','PRODUCT_TRADING','2023-06-17 23:06:15.417000',14,3,1,3,167),(45,'2023-06-17 23:05:52.775000','<div class=\"ToggleContent__View-sc-1dbmfaw-0 wyACs\" style=\"\"><h3>Laptop Asus BR1100FKA&nbsp;hướng tới phân khúc&nbsp;laptop học tập - văn phòng, với kích thước nhỏ nhắn và thiết kế tiện ích tựa như chiếc máy tính bảng, để phục vụ hiệu quả cho những buổi học trực tuyến, cùng cấu hình ổn để đáp ứng nhu cầu giải trí cơ bản.</h3>\n<h3>Nhỏ gọn, bền bỉ với tiêu chuẩn độ bền quân đội Mỹ</h3>\n<p>Asus BR1100FKA được thiết kế rất nhỏ gọn, kích thước không nhỉnh hơn quá nhiều so với máy tính bảng, với trọng lượng máy&nbsp;<strong>1.4 kg</strong>, độ dày&nbsp;<strong>20 mm</strong>&nbsp;thoải mái để mang theo sử dụng ở mọi nơi.</p>\n<p></p>\n<p>Được nhắm tới phục vụ nhu cầu học tập, đặc biệt dễ dùng cho trẻ nhỏ, laptop Asus trang bị&nbsp;<strong>bản lề 360 độ</strong>, gập mở linh hoạt như 1 máy tính bảng thực thụ, giúp bạn sử dụng được ở nhiều tư thế sao cho thoải mái nhất.</p>\n<p></p>\n<p>Đặc biệt hơn với&nbsp;<strong>màn hình cảm ứng đa điểm</strong>&nbsp;cho các thao tác tương tác màn hình thêm đơn giản và nhanh chóng trong các buổi học, bạn chỉ cần chạm vào để thực hiện thao tác mà không cần sử dụng chuột hay bàn phím.</p>\n<p>Laptop&nbsp;có vỏ ngoài bằng nhựa, cấu trúc chắc chắn và cực kỳ bền tốt, chất lượng đạt<strong>&nbsp;chuẩn quân đội Mỹ MIL-STD-810H</strong>, bảo vệ máy trước các sự cố va đập nhẹ, rung sốc hay sự thay đổi nhiệt độ đột ngột, sương muối, bụi bẩn, nhờ đó mà bạn thoải mái sử dụng laptop mà không ái ngại các tổn hại do ngoại lực thông thường.</p>\n<p>Hệ bàn phím của máy với phím nhấn êm và nhạy, khoảng cách phím tốt cho thao tác soạn thảo nhanh và chuẩn xác, cấu trúc bàn phím đơn giản, dễ dùng cho trẻ nhỏ.</p>\n<p>Máy hỗ trợ 2 chuẩn kết nối không dây chất lượng cao&nbsp;<strong>Bluetooth 5.2</strong>&nbsp;và&nbsp;<strong>Wi-Fi 6&nbsp;(802.11ax)</strong>&nbsp;mang đến kết nối ổn định và liền mạch cho các buổi học trực tuyến. Đồng thời, các cổng ngoại vi USB 3.2, HDMI, jack tai nghe 3.5 mm, LAN (RJ45), USB 2.0, USB Type-C đáp ứng tốt các nhu cầu kết nối phục vụ học tập, giải trí và làm việc khi cần.</p>\n<p></p>\n<h3>Màn hình cảm ứng rõ nét, âm thanh to rõ, trong trẻo</h3>\n<p>Chiếc&nbsp;laptop Asus&nbsp;này có kích thước&nbsp;<strong>màn hình 11.6 inch</strong>, độ phân giải đạt chuẩn&nbsp;<strong>HD (1366 x 768)&nbsp;</strong>với độ sáng màn hình&nbsp;<strong>250 nits</strong>&nbsp;đủ đáp ứng tiêu chuẩn màn hình rõ nét, hình ảnh ổn định, màu sắc tương phản tốt, dễ nhìn, không gây khó chịu cho mắt khi dùng liên tục nhiều giờ.</p>\n<p>Bên cạnh đó,&nbsp;<strong>HD Webcam</strong>&nbsp;với khả năng ghi hình rõ nét hỗ trợ tích cực khi cần giao tiếp video, học trực tuyến tiện lợi.&nbsp;<strong>Công tắc khóa camera</strong>&nbsp;bảo vệ sự riêng tư của bạn trong những trường hợp cần thiết.</p>\n<p>Cùng với đó là công nghệ&nbsp;SonicMaster audio&nbsp;mang đến chất lượng âm thanh to rõ, khuếch đại tốt, các dải âm rành mạch, đảm bảo cả tiêu chí nghe nhìn khi sử dụng laptop cho học tập, làm việc hay giải trí.</p>\n<h3>Hiệu năng ổn định, đủ dùng</h3>\n<p>Asus BR1100FKA được trang bị bộ xử lý&nbsp;<strong>Intel Pentium N6000</strong>&nbsp;có tốc độ CPU trung bình&nbsp;<strong>1.1 GHz</strong>, tối đa đến&nbsp;<strong>3.3 GHz</strong>&nbsp;khi ép xung, đáp ứng đa tác vụ các ứng dụng văn phòng, học tập trên Word, nhập liệu, tính toán qua Excel, soạn bản thuyết trình với PowerPoint, Kết hợp card tích hợp&nbsp;<strong>Intel UHD Graphics&nbsp;</strong>nâng cao khả năng đồ hoạ, mang đến sự chuyển động giữa các khung hình mượt mà hơn khi xem phim, duyệt web,</p>\n<p>Laptop RAM 8GB&nbsp;chuẩn<strong>&nbsp;DDR4 (On board)</strong>, tốc độ Bus RAM&nbsp;<strong>2933 MHz</strong>&nbsp;hỗ trợ đa nhiệm thêm ổn định và mượt mà, giúp máy chạy đồng thời nhiều ứng dụng mà không bị lag hay đơ màn hình.</p>\n<p><strong>Ổ cứng 128 GB eMMC</strong>&nbsp;đủ dung lượng cho nhu cầu lưu trữ cá nhân trên laptop, hỗ trợ khởi động và truy xuất dữ liệu nhanh chóng, ổn định hơn, di chuyển nhanh nhạy giữa các ứng dụng được mở, ổn định hiệu suất sử dụng.</p>\n<p><strong>ASUS BacGuard Kháng khuẩn toàn diện</strong> Bề mặt của máy tính xách tay chứa hàng ngàn vi khuẩn tiềm ẩn nguy hại. Để giữ cho ASUS BR1100F luôn sạch sẽ, bàn phím, chuột cảm ứng và phần kê tay được phủ lớp kháng khuẩn ASUS BacGuard6,7. Trang bị này đã được kiểm định theo tiêu chuẩn ISO 22196 được quốc tế công nhận là ức chế sự phát triển của vi khuẩn hơn 99% trong thời gian 24 giờ. ASUS BacGuard cũng có khả năng chịu được các sản phẩm vệ sinh chứa cồn, cho phép bạn vệ sinh bề mặt máy tính và gần như không lo bị vi khuẩn gây hại tấn công.</p>\n<p>Nếu bạn đang tìm kiếm một chiếc laptop nhỏ gọn, tiện lợi để phục vụ chủ đích cho nhu cầu học tập cơ bản, lựa chọn laptop Asus BR1100FKA hẳn sẽ rất tương thích, mang lại những trải nghiệm thích thú và hài lòng.</p>\n<p>&nbsp;</p><p>Giá sản phẩm trên đây đã bao gồm thuế theo luật hiện hành. Bên cạnh đó, tuỳ vào loại sản phẩm, hình thức và địa chỉ giao hàng mà có thể phát sinh thêm chi phí khác như phí vận chuyển, phụ phí hàng cồng kềnh, thuế nhập khẩu (đối với đơn hàng giao từ nước ngoài có giá trị trên 1 triệu đồng).....</p></div>',_binary '','Máy tính xách tay Asus BR1100FK cảm ứng Chip Intel N6000 | RAM 8GB | 128GB-EMMC | 11.6 Inch IPS | Wifi6 | 3C42WHR | win bản quyền - Hàng Chính Hãng',14650000.00,996,'may-tinh-xach-tay-asus-br1100fk-cam-ung-chip-intel-n6000-ram-8gb-128gb-emmc-116-inch-ips-wifi6-3c42whr-win-ban-quyen-hang-chinh-hang.17d6c9cf08d144a0a3d15f1789fdf172','PRODUCT_TRADING','2023-06-17 23:06:07.667000',13,3,1,4,173),(46,'2023-06-17 23:05:52.955000','<div class=\"ToggleContent__View-sc-1dbmfaw-0 wyACs\" style=\"\">\n<p>Laptop Acer Aspire 3 A314 35 P3G9 (NX.A7SSV.007) là chiếc máy phù hợp với học sinh, sinh viên với thiết kế mỏng nhẹ và hiệu năng ổn định của chip Intel và card tích hợp trên máy đáp ứng tốt các nhu cầu học tập - văn phòng, tác vụ cơ bản hằng ngày.<br>• Laptop Acer được trang bị CPU Intel Pentium N6000 cho hiệu năng tốt cùng card màn hình tích hợp Intel UHD Graphics giúp chiếc máy vận hành tiết kiệm điện năng nhưng vẫn đảm bảo ổn định các ứng dụng như Word, Excel, PowerPoint,</p>\n<p>• RAM 4 GB cho khả năng đa nhiệm các tác vụ tốt cùng SSD 256 GB tăng tốc độ truy xuất dữ liệu, khởi động ứng dụng và máy tính nhanh chóng.</p>\n<p>• Diện mạo laptop được hoàn thiện bằng lớp vỏ nhựa, tạo nên tổng thể hài hoà giúp chiếc máy chỉ vỏn vẹn nặng 1.45 kg và dày 19.9 mm, khá nhỏ gọn và tiện lợi để mang theo bên người.</p>\n<p>• Laptop Acer Aspire có màn hình 14 inch, độ phân giải HD (1366 x 768) cho chất lượng hiển thị rõ ràng đi kèm công nghệ TFT, LED Blacklit, Acer ComfyView giảm tình trạng chói, loá, ánh sáng xanh, bảo vệ thị giác người dùng.</p>\n<p>• Đa dạng cổng kết nối tiện lợi cho người dùng để kết nối với thiết bị ngoại vi như 2 x USB 3.2, HDMI, Jack tai nghe 3.5 mm, LAN (RJ45), USB 2.0.</p>\n<p>• Công nghệ âm thanh Stereo speakers giúp tái tạo âm thanh tốt, mang lại trải nghiệm nghe nhạc hay hơn với âm thanh di chuyển giữa 2 loa.</p>\n<p>&nbsp;</p>\n<p>Giá sản phẩm trên đây đã bao gồm thuế theo luật hiện hành. Bên cạnh đó, tuỳ vào loại sản phẩm, hình thức và địa chỉ giao hàng mà có thể phát sinh thêm chi phí khác như phí vận chuyển, phụ phí hàng cồng kềnh, thuế nhập khẩu (đối với đơn hàng giao từ nước ngoài có giá trị trên 1 triệu đồng).....</p></div>',_binary '','Laptop Acer Aspire 3 A314 35 P3G9 N6000/4GB/256GB/Win11 - Hàng Chính Hãng',9780000.00,996,'laptop-acer-aspire-3-a314-35-p3g9-n60004gb256gbwin11-hang-chinh-hang.054aacdc3db94db5af80f3c4ef602d50','PRODUCT_TRADING','2023-06-17 23:06:22.029000',12,3,1,6,184),(47,'2023-06-17 23:05:53.044000','<div class=\"ToggleContent__View-sc-1dbmfaw-0 wyACs\" style=\"\">\n<p>Giá sản phẩm trên đây đã bao gồm thuế theo luật hiện hành. Bên cạnh đó, tuỳ vào loại sản phẩm, hình thức và địa chỉ giao hàng mà có thể phát sinh thêm chi phí khác như phí vận chuyển, phụ phí hàng cồng kềnh, thuế nhập khẩu (đối với đơn hàng giao từ nước ngoài có giá trị trên 1 triệu đồng).....</p></div>',_binary '','Laptop Lenovo ThinkBook 13s G3 ACN (20YA0039VN) | AMD Ryzen 7 5800U | 8GB | 512GB SSD | 13.3 inch IPS | Win 11 | Hàng chính hãng',15930000.00,998,'laptop-lenovo-thinkbook-13s-g3-acn-20ya0039vn-amd-ryzen-7-5800u-8gb-512gb-ssd-133-inch-ips-win-11-hang-chinh-hang.afee8390fd44456b8bcbb353e6ca2514','PRODUCT_TRADING','2023-06-17 23:06:07.669000',15,3,1,6,194),(48,'2023-06-17 23:05:53.203000','<div class=\"ToggleContent__View-sc-1dbmfaw-0 wyACs\" style=\"\"><h3>Thiết kế hiện đại, sang trọng</h3>\n<p><strong> Tủ Lạnh Inverter Samsung RT19M300BGS/SV (208L) </strong> có thiết kế tinh tế, sáng tạo, tạo cho không gian nhà bạn thêm hiện đại. Tủ lạnh có dung tích 208 lít, phù hợp với gia đình có từ 3-5 thành viên.</p>\n<h3>Mát lạnh đồng đều khắp các ngăn tủ</h3>\n<p>Công nghệ All-around Cooling giúp duy trì nhiệt độ và độ ẩm luôn ổn định. Không khí lạnh lan tỏa đều khắp tủ, giúp thực phẩm tươi ngon trong thời gian lâu hơn.</p>\n<h3>Khay kính cường lực và đèn Led tiết kiệm</h3>\n<p>Tủ lạnh được trang bị hệ thống khay đựng làm bằng kính cường lực chắc chắn có thể chịu được khối lượng lên đến 150kg. Dễ dàng chứa nhiều loại trái cây yêu thích và bình chứa nặng mà không sợ ảnh hưởng đến độ bền của kệ.</p>\n<p>Hệ thống đèn LED mới được thiết kế nhỏ và tiết kiệm năng lượng hơn các đèn chiếu sáng thông thường. Nhờ đó, không chỉ không gian tủ lạnh được mở rộng, ánh sáng dịu mắt lan tỏa đến từng góc tủ, mà bạn còn giảm được lượng điện tiêu thụ.<br><br></p>\n<h3>Miếng đệm cửa kháng khuẩn, chống nấm mốc</h3>\n<p>Vi khuẩn gây hại có thể tích tụ nhiều ở viền xung quanh cửa tủ lạnh. Nhờ miếng đệm làm từ các chất liệu và thiết kế kháng khuẩn ngăn chặn nấm mốc, vi khuẩn xâm nhập từ bên ngoài. Thực phẩm bên trong tủ lạnh sẽ luôn được bảo vệ an toàn và đảm bảo vệ sinh.</p>\n<h3>Công nghệ làm lạnh chống đóng tuyết</h3>\n<p>Tủ lạnh RT19M300BGS/SV được trang bị công nghệ chống đóng tuyết tăng cường luân chuyển không khí, nhanh chóng đạt đến nhiệt độ ổn định và cân bằng đến mọi ngóc ngách bên trong tủ lạnh. Thức ăn tươi ngon, không bị đông đá và giữ nguyên giá trị dinh dưỡng. Bạn sẽ không cần phải mất quá nhiều thời gian cho việc rã đông thực phẩm.</p>\n<h3>Ngăn chứa đựng rau quả</h3>\n<p>Ngăn chứa độc đáo của tủ lạnh Samsung lưu trữ nhiều loại trái cây và rau quả khác nhau. Ngăn chứa cực lớn giúp bạn dễ dàng tìm kiếm thực phẩm yêu thích mà không tốn nhiều không gian trong phòng bếp của bạn.</p><p>Giá sản phẩm trên đây đã bao gồm thuế theo luật hiện hành. Bên cạnh đó, tuỳ vào loại sản phẩm, hình thức và địa chỉ giao hàng mà có thể phát sinh thêm chi phí khác như phí vận chuyển, phụ phí hàng cồng kềnh, thuế nhập khẩu (đối với đơn hàng giao từ nước ngoài có giá trị trên 1 triệu đồng).....</p></div>',_binary '','Tủ lạnh Samsung Inverter 208 lít RT19M300BGS/SV',7089500.00,1000,'tu-lanh-samsung-inverter-208-lit-rt19m300bgssv.b47c25b44b1242418092cf116af74ca7','PRODUCT_TRADING','2023-06-17 23:05:53.203000',3,23,1,6,199),(49,'2023-06-17 23:05:53.333000','<div class=\"ToggleContent__View-sc-1dbmfaw-0 wyACs\" style=\"\"><p>Thời gian giao hàng ở khu vực miền Trung (Huế, Đà Nẵng, Quảng Nam, Quảng Ngãi, Bình Định, Phú Yên) có thể từ 10-15 ngày, để biết thêm thông vui lòng liên hệ chăm sóc khách hàng qua Chatbox để được tư vấn</p>\n<p>---------------------------------------------------------------------------------------------------------------------</p>\n<p><span><strong>THÔNG TIN LẮP ĐẶT:</strong><br>- Tủ lạnh không cần lắp đặt. Khách hàng khi nhận tủ chỉ cần để tủ lạnh trong 4 tiếng, sau đó cắm điện là dùng bình thường<br>- Phí vận chuyển đến tầng trệt: Miễn phí (Nếu khách hàng cần bê lên tầng lầu và không có thang máy thì sẽ có phát sinh thêm phí bê lên tầng lâu, chi tiết vui lòng liên hệ qua phần Chatbox<br>- Quy định đổi trả: <br>+ Để đảm bảo được hỗ trợ đổi/ trả sản phẩm tốt và nhanh gọn nhất trong trường hợp hàng giao đến không còn nguyên vẹn/ thiếu phụ kiện/ nhận sai hàng, khách hàng cần QUAY VIDEO QUÁ TRÌNH MỞ HÀNG<br>+ Với các sản phẩm đã được cắm điện sử dụng và/ hoặc lắp đặt, gặp lỗi kĩ thuật, sản phẩm sẽ được hưởng chế độ bảo hành theo đúng chính sách của nhà sản xuất</span></p>\n<p><span><strong>THÔNG TIN LẮP ĐẶT:</strong><br>- Tủ lạnh không cần lắp đặt. Khách hàng khi nhận tủ chỉ cần để tủ lạnh trong 4 tiếng, sau đó cắm điện là dùng bình thường<br>- Phí vận chuyển đến tầng trệt: Miễn phí (Nếu khách hàng cần bê lên tầng lầu và không có thang máy thì sẽ có phát sinh thêm phí bê lên tầng lâu, chi tiết vui lòng liên hệ qua phần Chatbox<br>- Quy định đổi trả: <br>+ Để đảm bảo được hỗ trợ đổi/ trả sản phẩm tốt và nhanh gọn nhất trong trường hợp hàng giao đến không còn nguyên vẹn/ thiếu phụ kiện/ nhận sai hàng, khách hàng cần QUAY VIDEO QUÁ TRÌNH MỞ HÀNG<br>+ Với các sản phẩm đã được cắm điện sử dụng và/ hoặc lắp đặt, gặp lỗi kĩ thuật, sản phẩm sẽ được hưởng chế độ bảo hành theo đúng chính sách của nhà sản xuất</span></p>\n<p>Giá sản phẩm trên đây đã bao gồm thuế theo luật hiện hành. Bên cạnh đó, tuỳ vào loại sản phẩm, hình thức và địa chỉ giao hàng mà có thể phát sinh thêm chi phí khác như phí vận chuyển, phụ phí hàng cồng kềnh, thuế nhập khẩu (đối với đơn hàng giao từ nước ngoài có giá trị trên 1 triệu đồng).....</p></div>',_binary '','Tủ Lạnh Panasonic 167L Inverter NR-BA189PAVN - Kháng khuẩn AG Clean - Hàng chính hãng',6390000.00,998,'tu-lanh-panasonic-167l-inverter-nr-ba189pavn-khang-khuan-ag-clean-hang-chinh-hang.05eefd52988a41f6809b134dc7f9824a','PRODUCT_TRADING','2023-06-17 23:06:17.182000',43,23,1,7,211),(50,'2023-06-17 23:05:53.428000','<div class=\"ToggleContent__View-sc-1dbmfaw-0 wyACs\">MIỄN PHÍ VẬN CHUYỂN VÀ CÔNG LẮP ĐẶT - VẬT TƯ PHÁT SINH TÍNH THEO THỰC TẾ\n(MÁY GIẶT, MÁY RỬA CHÉN .V.V CHỈ HỖ TRỢ GẮN VÀO ĐƯỜNG ỐNG CÓ SẴN , KHÔNG HỖ TRỢ KHOAN ĐỤC)<p>Giá sản phẩm trên đây đã bao gồm thuế theo luật hiện hành. Bên cạnh đó, tuỳ vào loại sản phẩm, hình thức và địa chỉ giao hàng mà có thể phát sinh thêm chi phí khác như phí vận chuyển, phụ phí hàng cồng kềnh, thuế nhập khẩu (đối với đơn hàng giao từ nước ngoài có giá trị trên 1 triệu đồng).....</p></div>',_binary '','Tủ lạnh Sharp Inverter 150 lít SJ-X176E-SL',4380000.00,991,'tu-lanh-sharp-inverter-150-lit-sj-x176e-sl.c7fb0e12fcb246b6a9a345ef0a06361b','PRODUCT_TRADING','2023-06-17 23:06:17.180000',44,23,1,4,222),(51,'2023-06-17 23:05:53.516000','<div class=\"ToggleContent__View-sc-1dbmfaw-0 wyACs\"><h3 dir=\"ltr\">Thiết kế nhỏ gọn, gàm màu đen sang trọng</h3>\n<p><strong>Tủ Lạnh Mini Aqua AQR-D59FA-BS </strong>thiết kế 1 cửa mở tiện lợi cho việc lấy đồ, kiểu dáng nhỏ gọn, đơn giản nhưng không kém phần sang trọng với gam màu đen thanh lịch, phù hợp lắp đặt ở mọi không gian, đặc biệt là những nơi chật hẹp.</p>\n<h3>Dung tích sử dụng 50 lít</h3>\n<p>Tủ lạnh có dung tích sử dụng 50 lít. Phù hợp với nhu cầu sử dụng ít hoặc những người sống độc thân. Với dung tích này, bạn cũng có thể dùng để đựng các sản phẩm mỹ phẩm cần bảo quản nhiệt độ mát.</p>\n<h3>Công nghệ làm lạnh trực tiếp</h3>\n<p>Aqua AQR-D59FA-BS được ứng dụng công nghệ làm lạnh trực tiếp, đây là loại công nghệ làm lạnh cơ bản nhất, làm lạnh bên trong tủ lạnh mà không cần hoặc rất ít cần đến quạt làm mát. Việc làm lạnh được hoạt động trên nguyên tắc làm lạnh đối lưu và tạo ra hơi lạnh khác nhau ở những nơi khác nhau trong tủ lạnh.</p>\n<h3>Đèn LED chiếu sáng, tiết kiệm điện</h3>\n<p>Bên cạnh đó, tủ lạnh Aqua AQR-D59FA-BS còn sử dụng đèn chiếu sáng là đèn LED, tiết kiệm điện hơn rất nhiều so với đèn dây tóc thông thường. Hơn nữa, loại đèn này còn có độ bền cao, trong quá trình sử dụng không tỏa nhiều nhiệt nên không gây ảnh hưởng đến nhiệt độ bên trong tủ.&nbsp;</p><p>Giá sản phẩm trên đây đã bao gồm thuế theo luật hiện hành. Bên cạnh đó, tuỳ vào loại sản phẩm, hình thức và địa chỉ giao hàng mà có thể phát sinh thêm chi phí khác như phí vận chuyển, phụ phí hàng cồng kềnh, thuế nhập khẩu (đối với đơn hàng giao từ nước ngoài có giá trị trên 1 triệu đồng).....</p></div>',_binary '','Tủ lạnh mini Aqua 50 lít AQR-D59FA-BS',2590000.00,999,'tu-lanh-mini-aqua-50-lit-aqr-d59fa-bs.c02dc0445658480eae1e5ef9b44d896b','PRODUCT_TRADING','2023-06-17 23:06:17.181000',45,23,1,5,234),(52,'2023-06-17 23:05:53.581000','<div class=\"ToggleContent__View-sc-1dbmfaw-0 wyACs\" style=\"\"><p>Thời gian giao hàng ở khu vực miền Trung (Huế, Đà Nẵng, Quảng Nam, Quảng Ngãi, Bình Định, Phú Yên) có thể từ 10-15 ngày, để biết thêm thông vui lòng liên hệ chăm sóc khách hàng qua Chatbox để được tư vấn</p>\n<p>&nbsp;</p>\n<p>Tủ lạnh cao cấp 3 cánh NR-CW530XMMV 495L được ra mắt với những công nghệ cấp đông độc đáo, giúp giữ trọn những dưỡng chất và hương vị nguyên bản của thực phẩm lên tới 7 ngày. PRIME+ Edition mang đến trải nghiệm đẳng cấp, đón đầu xu hướng thiết kế hiện đại và công nghệ đỉnh cao, giúp bảo quản thực phẩm trong điều kiện lý tưởng nhất. Thiết kế đơn giản nhưng không kém phần sang trọng mang lại sự cân bằng hoàn hảo giữa trải nghiệm tiệc ích đẳng cấp và thẩm mỹ tinh tế thời thượng, khơi nguồn cảm hứng sống khỏe mỗi ngày trong không gian yêu thích của riêng bạn.</p>\n<p>&nbsp;</p>\n<p><strong>THÔNG TIN SẢN PHẨM</strong></p>\n<p><strong>Đặc điểm nổi bật</strong></p>\n<p>Prime Freeze thế hệ mới mang tới nhiều bí quyết tiện lợi độc đáo, giúp bạn dễ dàng chế biến những thực đơn tươi ngon &amp; lành mạnh, khơi nguồn cảm hứng sống khỏe mỗi ngày.</p>\n<p>Prime Fresh cấp đông mềm thịt, cá hoàn hảo chuẩn -3 ° C, giúp giữ trọn chất dinh dưỡng và hương vị tươi ngon tới 7 ngày. Thật tuyệt vời khi chỉ cần đi chợ 1 lần mà vẫn đầy ắp đồ tươi cả tuần, mỗi lần chế biến lại cực kỳ tiện lợi vì không mất thời gian đợi rã đông.</p>\n<p>Ngăn Fresh Safe với Bộ Lọc Kiểm Soát Độ Ẩm cung cấp khả năng kiểm soát độ ẩm tối ưu trong ngăn rau chuyên biệt, là môi trường lý tưởng để bảo quản trái cây và rau củ tươi xanh lâu hơn.</p>\n<p>Công nghệ nanoe X giải phóng các hạt nước có kích thước nano bay khắp các ngóc ngách tủ lạnh. Công nghệ lọc không khí này giúp đảm bảo không khí và các bề mặt bên trong tủ lạnh nhà bạn luôn an toàn và sạch sẽ.</p>\n<p>nanoe X đã được chứng minh giúp vô hiệu hóa tới 99,99% * vi khuẩn, giảm dư lượng thuốc trừ sâu, và khử mùi mạnh mẽ.</p>\n<p>&nbsp;</p>\n<p><strong>Tiện ích &amp; Tiết kiệm điện</strong></p>\n<p>1. Tự động tối ưu để tiết kiệm điện với Cảm biến thông minh</p>\n<p>2. Lấy nước ngoài kháng khuẩn, khử mùi tiện lợi</p>\n<p>3. Khay kính trượt có thể điều chỉnh linh hoạt</p>\n<p>4. Thiết kế máy nén trên nóc tủ tối ưu không gian sử dụng bên trong</p>\n<p>5. Hệ thống làm đá tự động</p>\n<p>&nbsp;</p>\n<p><strong>Thông số kỹ thuật</strong></p>\n<p>Dung tích định mức</p>\n<p>- Tổng cộng: 495 L</p>\n<p>- Ngăn lạnh: 309 L</p>\n<p>- Ngăn đông: 186 L (bao gồm Prime Fresh 61L)</p>\n<p>Kích thước sản phẩm: 750 x 750 x 1730 mm</p>\n<p>Loại xả băng: Điều khiển PCB điện</p>\n<p>Mức tiêu thụ năng lượng: 418 kWh/năm</p>\n<p>Mức năng lượng: 5 Sao</p>\n<p>Trọng lượng tịnh: 90 kg</p>\n<p>Tổng trọng lượng: 98 kg</p>\n<p>Điện áp: 220 V</p>\n<p>Héc: 50 Hz</p>\n<p>Số cửa: 3</p>\n<p>Màu cửa: Mặt Gương Đen</p>\n<p>Vật liệu cửa: Gương kính</p>\n<p>Bảng điều khiển: Bên ngoài cánh cửa ngăn mát</p>\n<p>&nbsp;</p>\n<p><strong>THÔNG TIN THƯƠNG HIỆU</strong></p>\n<p>Panasonic thành lập năm 1918 bởi Konosuke Matsushita với khẩu hiệu \"A better life, a better world\" cam kết mang đến cho khách hàng một cuộc sống hiện đại và tốt đẹp hơn. Trong suốt quá trình phát triển, Panasonic từng bước khẳng định thương hiệu qua các sản phẩm được ưa chuộng trên khắp thế giới: lò vi sóng, tivi, máy giặt, tủ lạnh, điều hoà, máy lọc không khí, thiết bị hỗ trợ sức khoẻ và làm đẹp, điện thoại bàn...</p>\n<p><strong>THÔNG TIN LẮP ĐẶT:</strong><br>- Tủ lạnh không cần lắp đặt. Khách hàng khi nhận tủ chỉ cần để tủ lạnh trong 4 tiếng, sau đó cắm điện là dùng bình thường<br>- Phí vận chuyển đến tầng trệt: Miễn phí (Nếu khách hàng cần bê lên tầng lầu và không có thang máy thì sẽ có phát sinh thêm phí bê lên tầng lâu, chi tiết vui lòng liên hệ qua phần Chatbox<br>- Quy định đổi trả: <br>+ Để đảm bảo được hỗ trợ đổi/ trả sản phẩm tốt và nhanh gọn nhất trong trường hợp hàng giao đến không còn nguyên vẹn/ thiếu phụ kiện/ nhận sai hàng, khách hàng cần QUAY VIDEO QUÁ TRÌNH MỞ HÀNG<br>+ Với các sản phẩm đã được cắm điện sử dụng và/ hoặc lắp đặt, gặp lỗi kĩ thuật, sản phẩm sẽ được hưởng chế độ bảo hành theo đúng chính sách của nhà sản xuất</p><p>Giá sản phẩm trên đây đã bao gồm thuế theo luật hiện hành. Bên cạnh đó, tuỳ vào loại sản phẩm, hình thức và địa chỉ giao hàng mà có thể phát sinh thêm chi phí khác như phí vận chuyển, phụ phí hàng cồng kềnh, thuế nhập khẩu (đối với đơn hàng giao từ nước ngoài có giá trị trên 1 triệu đồng).....</p></div>',_binary '','Tủ lạnh Panasonic cao cấp 3 cánh NR-CW530XMMV 495L - Lấy nước ngoài - Làm đá tự động - Hàng chính hãng',45990000.00,994,'tu-lanh-panasonic-cao-cap-3-canh-nr-cw530xmmv-495l-lay-nuoc-ngoai-lam-da-tu-dong-hang-chinh-hang.3f73598eef41491cbcd772b6e3b22563','PRODUCT_TRADING','2023-06-17 23:06:19.532000',43,23,1,5,237),(53,'2023-06-17 23:05:53.661000','<div class=\"ToggleContent__View-sc-1dbmfaw-0 wyACs\" style=\"\"><p>Thời gian giao hàng ở khu vực miền Trung (Huế, Đà Nẵng, Quảng Nam, Quảng Ngãi, Bình Định, Phú Yên) có thể từ 10-15 ngày, để biết thêm thông vui lòng liên hệ chăm sóc khách hàng qua Chatbox để được tư vấn</p>\n<p>---------------------------------------------------------------------------------------------------------------------</p>\n<p><strong>THÔNG TIN LẮP ĐẶT:</strong><br>- Tủ lạnh không cần lắp đặt. Khách hàng khi nhận tủ chỉ cần để tủ lạnh trong 4 tiếng, sau đó cắm điện là dùng bình thường<br>- Phí vận chuyển đến tầng trệt: Miễn phí (Nếu khách hàng cần bê lên tầng lầu và không có thang máy thì sẽ có phát sinh thêm phí bê lên tầng lâu, chi tiết vui lòng liên hệ qua phần Chatbox<br>- Quy định đổi trả: <br>+ Để đảm bảo được hỗ trợ đổi/ trả sản phẩm tốt và nhanh gọn nhất trong trường hợp hàng giao đến không còn nguyên vẹn/ thiếu phụ kiện/ nhận sai hàng, khách hàng cần QUAY VIDEO QUÁ TRÌNH MỞ HÀNG<br>+ Với các sản phẩm đã được cắm điện sử dụng và/ hoặc lắp đặt, gặp lỗi kĩ thuật, sản phẩm sẽ được hưởng chế độ bảo hành theo đúng chính sách của nhà sản xuất</p>\n<p><span style=\"font-weight:400\">#Panasonic #PanasonicVietnam #TuLanhPanasonic #Tủlạnhdiệtkhuẩn #PrimeFresh #BlueAg #giutrondinhduong #ngonkhoesuothe</span></p><p>Giá sản phẩm trên đây đã bao gồm thuế theo luật hiện hành. Bên cạnh đó, tuỳ vào loại sản phẩm, hình thức và địa chỉ giao hàng mà có thể phát sinh thêm chi phí khác như phí vận chuyển, phụ phí hàng cồng kềnh, thuế nhập khẩu (đối với đơn hàng giao từ nước ngoài có giá trị trên 1 triệu đồng).....</p></div>',_binary '','Tủ Lạnh 2 Cánh Panasonic 420 lít NR-BX471WGKV ngăn đá dưới - Ngăn đông mềm siêu tốc - Hàng chính hãng',24190000.00,997,'tu-lanh-2-canh-panasonic-420-lit-nr-bx471wgkv-ngan-da-duoi-ngan-dong-mem-sieu-toc-hang-chinh-hang.ba45c1f54c834839a0981dc43b19792b','PRODUCT_TRADING','2023-06-17 23:06:05.757000',43,23,1,2,247),(54,'2023-06-17 23:05:53.796000','<div class=\"ToggleContent__View-sc-1dbmfaw-0 wyACs\" style=\"\"><p>Tủ lạnh Electrolux Inverter 340 lít EME3700H-A sở hữu kiểu dáng thanh lịch sang trọng góp phần tô điểm căn bếp của gia đình. Nhờ trang bị công nghệ tiết kiệm điện Inverter, Công nghệ TasteGuard diệt khuẩn khử mùi kết hợp cùng những ngăn kệ đa năng linh hoạt, chiếc tủ lạnh hứa hẹn sẽ khiến bạn hài lòng với những tiện ích mà nó mang lại. Với dung tích 340 lít, chiếc&nbsp;tủ lạnh Electrolux&nbsp;này là một lựa chọn phù hợp cho những gia đình có từ 3 – 4 thành viên.&nbsp;</p>\n<h3>ĐẶC ĐIỂM NỔI BẬT CỦA SẢN PHẨM:</h3>\n<p><strong>- Tủ lạnh Electrolux Inverter tiết kiệm điện năng hiệu quả</strong></p>\n<p>Tủ lạnh Electrolux Inverter 340 lít EME3700H-A trang bị công nghệ Inverter hiện đại giúp tiết kiệm điện năng hiệu quả. Sở hữu chiếc&nbsp;tủ lạnh Inverter&nbsp;này các bà nội trợ sẽ giảm bớt đi nỗi lo về hóa đơn tiền điện mỗi tháng. Không chỉ vậy, công nghệ Inverter còn góp phần giúp tủ lạnh vận hành ổn định êm ái và bền bỉ hơn.&nbsp;</p>\n<p><strong>- Hệ thống làm lạnh EvenTemp&nbsp;</strong></p>\n<p>Tủ lạnh&nbsp;trang bị hệ thống làm lạnh EvenTemp&nbsp;giữ cho thực phẩm tươi ngon lâu hơn nhờ giảm sự dao động về nhiệt độ.&nbsp;Cụ thể, công nghệ này sẽ&nbsp;làm lạnh từng ngăn riêng biệt, nhiệt độ sẽ được duy trì ổn định trong toàn bộ khoang tủ, lưu giữ hương vị và cấu trúc thực phẩm lâu hơn.</p>\n<p>&nbsp;</p>\n<p><strong>- Tủ lạnh loại bỏ vi khuẩn và mùi khó chịu</strong></p>\n<p>Tủ lạnh Electrolux Inverter 340 lít EME3700H-A trang bị hệ thống khử mùi và diệt khuẩn hiện đại TasteGuard sử dụng bộ lọc than hoạt tính giúp loại bỏ&nbsp;&nbsp;93,5%&nbsp;vi khuẩn và những mùi khó chịu, trả lại bầu không khí trong lành mát lạnh cho tủ lạnh.&nbsp;</p>\n<p>&nbsp;</p>\n<p><strong>- Ngăn mát rau quả Tastelock</strong></p>\n<p>Sở hữu chiếc&nbsp;tủ lạnh Electrolux&nbsp;này, bạn sẽ có được không gian lưu trữ rau xanh hiện đại. Đó chính là ngăn rau TasteLock, cho phép người dùng&nbsp;tuỳ chỉnh độ ẩm trong ngăn chứa với gờ cao su khép kín&nbsp;giữ cho rau củ và trái cây luôn tươi ngon và bảo quản được lâu hơn.</p>\n<p>&nbsp;</p>\n<p><strong>- Ngăn kệ linh hoạt FlexStor</strong></p>\n<p>Tủ lạnh Electrolux Inverter tích hợp hệ thống ngăn kệ FlexStor giúp bạn có thể linh hoạt di chuyển các khay kệ để phù hợp với mọi nhu cầu lưu trữ, từ những hộp sữa thông thường đến những chai lọ nhỏ hay loại có hình dạng, kích thước khác nhau.</p>\n<p>&nbsp;</p>\n<p><strong>- Ngăn lưu trữ linh hoạt TasteSealPlus&nbsp;</strong></p>\n<p>Ngoài những tiện ích trên, tủ lạnh Electrolux còn trang bị&nbsp;ngăn lưu trữ linh hoạt TasteSealPlus&nbsp;cho phép người dùng&nbsp;dễ dàng điều chỉnh nhiệt độ theo nhu cầu của, thoải mái lưu trữ mọi thứ, từ rau tươi, đến thịt và cá mềm, hoặc đồ uống lạnh và kem. Ngoài ra, người dùng sẽ có đượckhông gian thích hợp để giữ cho thực phẩm của mình luôn tươi ngon và trọn vị bằng cách tinh chỉnh cài đặt nhiệt độ thích hợp từ -12°C đến 3°C.</p>\n<p>&nbsp;</p>\n<h3>THÔNG SỐ KỸ THUẬT:</h3>\n<p>- Model: EME3700H-A</p>\n<p>- Màu sắc: BẠC</p>\n<p>- Nhà sản xuất: Electrolux</p>\n<p>- Xuất xứ: Thái Lan</p>\n<p>- Khối lượng sản phẩm (kg): 77.6 kg</p>\n<p>- Kích thước sản phẩm: 1855 x 598 x 650 mm</p>\n<p>&nbsp;</p>\n<h3>CHÍNH SÁCH BẢO HÀNH</h3>\n<p>Tủ Lạnh Electrolux Inverter EME3700H-A được bảo hành chính hãng 24 tháng.</p>\n<p>&nbsp;</p>\n<p>&nbsp;</p>\n<p>#tulanh #tulanh3ngan #tulanh337l #tulanhelectrolux #tulanhinverter #tulanhgiare #tulanhchinhhang #tulanhgiadinh #electrolux #bepxanh #EME3700HA</p><p>Giá sản phẩm trên đây đã bao gồm thuế theo luật hiện hành. Bên cạnh đó, tuỳ vào loại sản phẩm, hình thức và địa chỉ giao hàng mà có thể phát sinh thêm chi phí khác như phí vận chuyển, phụ phí hàng cồng kềnh, thuế nhập khẩu (đối với đơn hàng giao từ nước ngoài có giá trị trên 1 triệu đồng).....</p></div>',_binary '','Tủ Lạnh Electrolux EME3700H-A - Dung Tích 337 Lít - Công Nghệ Inverter - Hàng Chính Hãng',12890000.00,991,'tu-lanh-electrolux-eme3700h-a-dung-tich-337-lit-cong-nghe-inverter-hang-chinh-hang.11c12d97954142f29bc1d79b04494b96','PRODUCT_TRADING','2023-06-17 23:06:22.474000',48,23,1,4,257),(55,'2023-06-17 23:05:53.892000','<div class=\"ToggleContent__View-sc-1dbmfaw-0 wyACs\" style=\"\"><h2>Tủ lạnh Funiki FR-135CD&nbsp;thiết kế dạng 2 cánh làm lạnh đa chiều, tăng hiệu quả lưu trữ thực phẩm</h2>\n<p>Tủ lạnh 2 cánh&nbsp;<strong>Funiki FR-135CD</strong>&nbsp;vận hành êm ái và có khả năng tiết kiệm điện tối đa. Cơ chế vận hành đa chiều giúp tỏa lạnh và phân bổ rộng, đảm bảo thực phẩm được làm lạnh đồng đều và đảm bảo không bị héo vì quá lạnh. Ngăn đá có 2 ngăn giúp bạn đựng làm đá và trữ đông thực phẩm hiệu quả. Khay nhựa có thể tháo rời và chịu lực tốt.</p>\n<p>Tủ lạnh Funiki&nbsp;thiết kế mở dễ dàng và đóng chặt nhờ đường nút gioăng cao su, đảm bảo hơi lạnh không bị thoát ra ngoài khi đóng cửa. Chân đế bằng nhựa cách ẩm nhằm duy trì độ bền cho khung máy, cũng như an toàn cho người sử dụng.</p>\n<p>Tủ lạnh&nbsp;sở hữu nhiều ngăn chứa với các khay nhựa chịu lực cực tốt, có khả năng thay đổi linh hoạt giữa các khay này để phù hợp mục đích sử dụng:</p>\n<ul>\n<li class=\"_ilcss4_\">Ngăn bảo quản thực phẩm tươi sống</li>\n<li class=\"_ilcss4_\">Ngăn đựng có nắp đậy</li>\n<li>Khay đá thông minh</li>\n<li>Ngăn đựng rau quả giữ ẩm cao</li>\n</ul>\n<p><strong>Funiki FR-135CD</strong>&nbsp;sở hữu dung tích 135 lít, giá rẻ nên đây cũng được xếp vào loại&nbsp;tủ lạnh mini&nbsp;dành cho các phòng có diện tích nhỏ hay gia đình có 2 - 3 thành viên.</p><p>Giá sản phẩm trên đây đã bao gồm thuế theo luật hiện hành. Bên cạnh đó, tuỳ vào loại sản phẩm, hình thức và địa chỉ giao hàng mà có thể phát sinh thêm chi phí khác như phí vận chuyển, phụ phí hàng cồng kềnh, thuế nhập khẩu (đối với đơn hàng giao từ nước ngoài có giá trị trên 1 triệu đồng).....</p></div>',_binary '','Tủ lạnh Funiki Hòa Phát FR 135CD 130 lít - Hàng Chính Hãng',3179000.00,996,'tu-lanh-funiki-hoa-phat-fr-135cd-130-lit-hang-chinh-hang.1ff11290bd724e3d96124b4c4ec2b6c6','PRODUCT_TRADING','2023-06-17 23:06:20.656000',47,23,1,4,260),(56,'2023-06-17 23:05:53.931000','<div class=\"ToggleContent__View-sc-1dbmfaw-0 wyACs\" style=\"\"><h3>8 triệu điểm ảnh cùng thể hiện trong 1 bức tranh</h3>\n<p>Màu sắc thuần khiết được thể hiện tuyệt đẹp trên màn hình 4K Đích thực với khoảng 8 triệu điểm ảnh, TV 4K đích thực truyền tải hình ảnh sắc nét hơn và chi tiết hơn rõ rệt so với TV UHD thông thường. Với TV NanoCell, độ phân giải 4K đích thực được bổ sung công nghệ NanoCell để mang lại trải nghiệm 4K vượt qua mọi tiêu chuẩn quốc tế.</p>\n<h3>Mọi màu sắc hiện lên trong veo</h3>\n<p>TV LG NanoCell sử dụng các hạt nano, công nghệ Nano đặc biệt của riêng chúng tôi, để lọc và tinh chỉnh màu sắc, loại bỏ tín hiệu gây nhiễu khỏi các bước sóng RGB. Nghĩa là, chỉ những màu sắc tinh khiết, chính xác mới được hiển thị trên màn hình. Nhờ đó hình ảnh tạo ra sẽ tươi đẹp hơn, chân thực hơn, giúp nội dung của bạn trở nên sống động.</p>\n<h3>Kinh ngạc từ mọi góc nhìn</h3>\n<p>Màu sắc tuyệt đối của TV NanoCell đảm bảo rằng màu sắc được hiển thị chính xác cho hình ảnh trung thực ngay cả khi nhìn từ góc rộng.</p>\n<h3>Chân đỡ nghệ thuật tinh tế Gallery Stand - Thiết kế tinh tế, thêm gu thẩm mỹ</h3>\n<p>Tác phẩm nghệ thuật đẹp như tranh vẽ không chỉ dành để treo trên các bức tường nữa. Chân đỡ Gallery cho phép bạn tự do đặt TV và biến ngôi nhà của bạn thành một phòng trưng bày hiện đại.</p>\n<h3>Chất lượng ngang tầm với màn chiếu lớn</h3>\n<p>Pure Colors và một loạt các công nghệ màn hình mới nhất mang cả rạp phim về nhà bạn với LG NanoCell TV. Với công nghệ HDR nâng cao của chúng tôi, các công nghệ được nâng cấp của Dolby, và một chế độ điện ảnh mới vừa được hãng công bố sẽ mang đến trải nghiệm điện ảnh thực sự.</p>\n<h3>Nơi hội tụ những gì bạn yêu thích</h3>\n<p>Truy cập Ứng dụng Apple TV, Disney+ và Netflix. Chọn từ những bộ phim mới nhất, chương trình TV, phim tài liệu và thể thao trực tiếp, và tìm tất cả nội dung ở cùng một nơi.</p>\n<h3>Filmmaker Mode - Hiện thực hóa góc nhìn của đạo diễn</h3>\n<p>Filmmaker Mode tắt tính năng làm mịn chuyển động trong khi vẫn giữ nguyên tỷ lệ khung hình, màu sắc và tốc độ khung hình ban đầu. Khả năng này mang đến một cách chính xác tầm nhìn ban đầu của đạo diễn, vì vậy bạn trải nghiệm bộ phim đúng như dự định của đạo diễn.</p>\n<h3>HDR 10 Pro - Tận hưởng trọn vẹn các nội dung giải trí</h3>\n<p>Công nghệ dải màu động của riêng LG, HDR 10 Pro, điều chỉnh độ sáng để tăng cường màu sắc, thể hiện mọi chi tiết nhỏ nhất, và mang lại độ chi tiết rõ như thật cho mọi hình ảnh - công nghệ này cũng tăng cường nội dung HDR thông thường. Giờ đây tất cả các bộ phim và chương trình yêu thích của bạn sẽ sống động và sôi động hơn từ đầu đến cuối.</p>\n<h3>Nano Gaming - Trang hoàng thế giới Game với TV</h3>\n<p>Từ những hang động tối tăm nhất đến những thế giới mới tươi sáng nhất, LG NanoCell TV trang hoàng trò chơi của bạn với màu sắc sống động. Công nghệ chơi game qua điện toán đám mây (phụ thuộc vào quốc gia, khu vực) và tự động điều chỉnh hình ảnh chất lượng cao mang đến trải nghiệm chơi game thực sự thú vị.</p>\n<h3>Trình tối ưu hóa trò chơi - Mức độ kiểm soát chưa từng thấy</h3>\n<p>Tất cả các game của bạn đều được lên cấp. Trình tối ưu hóa trò chơi tự động điều chỉnh thiết lập hình ảnh, ttối ưu hóa đồ họa và hiển thị, mang lại trải nghiệm chơi game tốt hơn bất kể bạn đang chơi loại game nào.</p>\n<h3>Đối tác với Xbox - Một sự kết hợp bất khả chiến bại</h3>\n<p>Mở ra thế giới game tự do của bạn. LG là đối tác của Xbox nhằm đảm bảo bạn luôn sẵn sàng chơi nhữngi game thế hệ mới. Tận hưởng những gì tinh túy nhất của Xbox nhờ chất lượng hình ảnh tuyệt đẹp và thời gian phản hồi cực nhanh.</p>\n<h3>Nano Sport - Thưởng thức những trận đấu đẳng cấp ở chất lượng cao</h3>\n<p>LG NanoCell TV mang đến trải nghiệm hồi hộp khi xem các trận đấu. Âm thanh Vòm Bluetooth mang toàn bộ bầu không khí ở sân vận động về nhà bạn, còn Thông báo Thể thao luôn cập nhật kịp thời cho bạn mọi tin tức mới nhất về đội bạn yêu thích.</p>\n<h3>Không bao giờ bỏ lỡ trận đấu của đội yêu thích</h3>\n<p>Thông báo thể thao thông báo cho bạn trước, trong và sau các trận đấu. Bạn sẽ không bao giờ phải lo lắng về việc bỏ lỡ các trận đấu lớn từ các đội yêu thích của mình, ngay cả khi bạn đang xem nội dung khác.</p>\n<h3>Âm thanh vòm Bluetooth sẵn sàng - Âm thanh hoành tráng như tại sân vận động</h3>\n<p>Dễ dàng kết nối loa Bluetooth để có trải nghiệm âm thanh vòm không dây thực sự. Tất cả các trải nghiệm âm thanh đều trở nên phong phú hơn và thực tế hơn, mang lại bầu không tại sân vận động về phòng khách nhà bạn.</p>\n<h3>Bộ xử lý lõi tứ 4K - Nâng cấp chất lượng các nội dung bạn xem</h3>\n<p>Bộ xử lý giúp loại bỏ các tín hiệu nhiễu và tái tạo lại hình ảnh với màu sắc sống động cùng độ tương phản cao hơn. Các hình ảnh với độ phân giải thấp sẽ được nâng cấp và tái tạo lại để đạt chất lượng tiệm cận 4K nhất có thể.</p>\n<h3>AI ThinQ - Định nghĩa tính năng thông minh của bạn là gì? Đây là câu trả lời</h3>\n<p>LG ThinQ ở đây để tối ưu hóa trải nghiệm TV của bạn. Chọn trợ lý giọng nói yêu thích của bạn, điều khiển TV bằng giọng nói, màn hình chính với giao diện hoàn toàn mới, tất cả nhằm mang đến sự thuận tiện khi điều khiển TV, mọi thứ trở nên đơn giản, dễ dàng hơn.</p>\n<h3>Màn hình chính mới - Giao diện thiết kế hoàn toàn mới</h3>\n<p>Màn hình chính được thiết kế mới hiển thị các đề xuất nội dung được cá nhân hóa, cho phép bạn truy cập dễ dàng hơn vào các mục yêu thích và cho phép bạn điều khiển tất cả các thiết bị kết nối ở một nơi.</p>\n<h3>Điều khiển từ xa Magic Remote mới - Giống như một cây đũa thần</h3>\n<p>Magic Remote được thiết kế lại có một thiết kế tiện lợi dễ cầm, và hệ thống trỏ và cuộn của thiết bị cho phép tìm kiếm nhanh hơn. AI tích hợp mang đến khả năng truy cập dễ dàng vào các dịch vụ, trong khi phím nóng cho các nhà cung cấp nội dung lớn mang đến cho bạn các phím tắt cho tất cả các mục yêu thích của mình. Bên cạnh tất cả những tính năng đó, bạn có Magic Tap, một thủ thuật mới thông minh kết nối điện thoại của bạn với TV.</p>\n<h3>Điều khiển bằng giọng nói - Trung tâm kiểm soát thiết bị thông minh của bạn</h3>\n<p>LG ThinQ cho phép ra lệnh đơn giản và điều khiển hệ sinh thái Home IoT của bạn với khả năng nhận dạng giọng nói tự nhiên*. Bạn có thể điều khiển TV LG NanoCell bằng giọng nói và truy cập giải trí nhanh hơn.</p><p>Giá sản phẩm trên đây đã bao gồm thuế theo luật hiện hành. Bên cạnh đó, tuỳ vào loại sản phẩm, hình thức và địa chỉ giao hàng mà có thể phát sinh thêm chi phí khác như phí vận chuyển, phụ phí hàng cồng kềnh, thuế nhập khẩu (đối với đơn hàng giao từ nước ngoài có giá trị trên 1 triệu đồng).....</p></div>',_binary '','Smart Tivi NanoCell LG 4K 43 inch 43NANO77TPA',9470000.00,997,'smart-tivi-nanocell-lg-4k-43-inch-43nano77tpa.66b7b3ddea6048448e65eef77a97bdac','PRODUCT_TRADING','2023-06-17 23:06:18.611000',38,24,1,2,261),(57,'2023-06-17 23:05:54.076000','<div class=\"ToggleContent__View-sc-1dbmfaw-0 wyACs\" style=\"\"><h3>Thiết kế NeoSlim siêu mỏng hiện đại</h3>\n<div><strong>Smart Tivi QLED Neo Samsung 4K 55 inch QA55QN85A</strong> có thiết kế siêu mỏng, thanh lịch như một kiệt tác sẽ làm sáng bừng mọi không gian nhà của bạn, tăng thêm niềm tự hào cho chủ nhân.</div>\n<div>&nbsp;</div>\n<div>&nbsp;</div>\n<h3>Công nghệ Motion Xcelerator Turbo+</h3>\n<div>Công nghệ Motion Xcelerator Turbo+ sẽ giúp bạn tận hưởng từng khung hình game tuyệt đẹp và chiến thắng dễ dàng mọi thử thách trong các màn thi đấu nhờ hình ảnh mượt mà, chuyển cảnh không rung lắc.</div>\n<div>&nbsp;</div>\n<h3>Công nghệ ma trận lượng tử Quantum Matrix</h3>\n<div>Trải nghiệm Neo QLED - màn hình đến từ tương lai và đột phá công nghệ Ma Trận Lượng Tử Quantum Matrix, cho phép điều khiển chính xác tới từng lượng tử của đèn nền Mini LED. Với độ sáng được tinh chỉnh tối ưu, TV truyền tải trọn vẹn từng chi tiết rõ nét cùng sắc đen sâu thẳm và sắc trắng thuần khiết.</div>\n<div>&nbsp;</div>\n<h3>Bộ xử lý lượng tử Neo 4K</h3>\n<div>Mang đến bạn trải nghiệm xem tối ưu chưa từng có. Bộ xử lý mạnh mẽ với công nghệ học sâu từ Samsung tinh chỉnh từng khung hình dựa trên điều kiện xem, truyền tải hoàn hảo từng phút giây giải trí linh hoạt. Tính năng nâng cấp hình ảnh bằng trí tuệ nhân tạo (AI) đảm bảo bạn luôn thưởng thức được chất lượng hình ảnh chuẩn 4K khác biệt.</div>\n<div>&nbsp;</div>\n<h3>Công nghệ lượng tử HDR 24x</h3>\n<div>Tái hiện chuẩn xác từng sắc thái, những chi tiết ẩn chân thực với dải màu rực rỡ và độ tương phản ấn tượng. Thưởng thức trọn mọi chi tiết hoàn mỹ với công nghệ HDR10+ tuỳ chỉnh màu sắc và độ tương phản trong từng cảnh phim.</div>\n<div>&nbsp;</div>\n<h3>Công nghệ chấm lượng tử hiển thị 100% dải màu</h3>\n<div>Công nghệ Chấm Lượng Tử hiển thị 100% dải màu với độ chân thực sống động và rõ nét, cho bạn thưởng thức từng khung hình mang màu sắc cuộc sống, tuyệt đẹp ở mọi mức độ sáng.</div>\n<div>&nbsp;</div>\n<h3>Khả năng chống chói vượt trội</h3>\n<div>Công nghệ Chống Chói ấn tượng từ Samsung loại bỏ tối đa ánh sáng bên ngoài gây xao nhãng như ánh nắng hay ánh đèn, để bạn đắm chìm vào các nội dung giải trí, bất kể ngày hay đêm.</div>\n<div>&nbsp;</div>\n<h3>Công nghệ Ultra Viewing Angle cho góc nhìn rộng từ mọi hướng</h3>\n<div>Công nghệ Ultra Viewing Angle giảm thiểu tối đa sự rò rỉ ánh sáng bằng cách tập trung và phân bổ đều nguồn sáng khắp màn hình TV. Đảm bảo trải nghiệm xem tối ưu ở mọi góc nhìn khác nhau trong căn phòng. Dù bạn xem phim một mình hay với nhiều bạn bè, TV Samung vẫn đem đến cho bạn hình ảnh đẹp nhất ở bất kỳ góc độ nào.</div>\n<div>&nbsp;</div>\n<h3>Công nghệ Adaptive Picture</h3>\n<div>Sẵn sàng đắm chìm trong trải nghiệm xem đỉnh cao, đồng nhất ở bất kỳ thời điểm nào trong ngày với khả năng tự động điều chỉnh độ sáng và độ tương phản phù hợp với nội dung hiển thị và môi trường thực xung quanh.</div>\n<div>&nbsp;</div>\n<h3>Công nghệ Object Tracking Sound+ (OTS+)</h3>\n<div>Với các loa tích hợp sẵn bên trong TV tạo hiệu ứng 3D, âm thanh sẽ di chuyển theo chuyển động của từng phân cảnh khiến bạn cảm thấy như thể đang xảy ra xung quanh mình. Dù xem ca nhạc hay điện ảnh hay TV, tính năng OTS+ sẽ cho bạn trải nghiệm âm thanh chân thực nhất.</div>\n<div>&nbsp;</div>\n<h3>Công nghệ Q-Symphony</h3>\n<div>Không cần lo lắng bộ loa của bạn không đủ công suất và số lượng kênh vòm khi xem những thước phim đẳng cấp tại nhà. Công nghệ Q-Symphony cho phép tối ưu các loa của TV trở thành những kênh âm thanh bổ sung cho dàn loa thanh của bạn, giúp bạn trải nghiệm nghe và xem thật mãn nhãn.</div>\n<div>&nbsp;</div>\n<h3>Công nghệ SpaceFit Sound</h3>\n<div>Bạn không cần lo lắng cách đặt TV hay thiết kế nhà sẽ ảnh hưởng đến trải nghiệm âm thanh trên TV. Công nghệ SpaceFit Sound sẽ đem đến âm thanh nguyên bản trung thực nhất ở bất kỳ không gian nào.</div>\n<div>&nbsp;</div>\n<h3>Nghe rõ từng câu thoại nhờ công nghệ Active Voice Amplifier (AVA)</h3>\n<div>Công nghệ AVA giúp khuếch đại âm thanh thoại, giúp bạn luôn hiểu rõ nội dung phim và các tình tiết quan trọng dù không gian xung quanh bạn có nhiều tiếng ồn làm nhiễu, ảnh hưởng trải nghiệm xem.</div>\n<div>&nbsp;</div>\n<h3>Tính năng Super Ultrawide GameView &amp; Game Bar</h3>\n<div>Các game thủ chuyên nghiệp sẽ dễ dàng chiến thắng trong các pha gay cấn của mọi loại game nhờ góc nhìn rộng hơn với tùy chọn khung hình 21:9 và 32:9 trên TV Samsung. Ngoài ra Menu Game bar thiết kế chuyên cho game thủ sẽ giúp thao tác thiết lập mọi thông số tối ưu cho game như tỉ lệ màn hình, kiểm tra độ trễ đầu vào, FPS, HDR, thiết lập của tai nghe không dây và hơn thế nữa, tất cả chỉ trong nháy mắt.</div>\n<div>&nbsp;</div>\n<h3>Công nghệ FreeSync Premium Pro chơi game mượt mà</h3>\n<div>Công nghệ cốt lõi AMD FreeSync Premium Pro được chứng nhận giúp giảm thiểu đáng kể tình trạng giựt hình và xé hình. Chơi game mượt mà với hiệu năng cực đỉnh, kết hợp với hình ảnh HDR chân thực cùng độ trễ thấp cho bạn dễ dàng chiến thắng trong từng màn game đỉnh cao.</div>\n<div>&nbsp;</div>\n<h3>Tính năng Multi View</h3>\n<div>Không cần phải lo lắng bản thân sẽ lỡ mất những thông tin quan trọng trên điện thoại khi đang xem TV với tính năng Multi View. Bạn sẽ thỏa sức theo dõi video hướng dẫn game trong lúc vẫn nắm được tỷ số trận đấu yêu thích chỉ trong 1 màn hình TV kết nối với điện thoại dễ dàng.</div>\n<div>&nbsp;</div>\n<h3>Tính năng Tap View - Kết nối chỉ với 1 chạm</h3>\n<div>Không cần phải mất thời gian kết nối TV và điện thoại để xem các nội dung yêu thích khi giờ đây bạn chỉ cần chạm nhẹ vào cạnh TV để gửi tín hiệu mọi nội dung và hình ảnh từ điện thoại. Xem phim, hình ảnh hay nghe nhạc từ điện thoại sang TV cực nhanh chỉ với một chạm.</div>\n<div>&nbsp;</div>\n<div>&nbsp;</div>\n<p>Giá sản phẩm trên đây đã bao gồm thuế theo luật hiện hành. Bên cạnh đó, tuỳ vào loại sản phẩm, hình thức và địa chỉ giao hàng mà có thể phát sinh thêm chi phí khác như phí vận chuyển, phụ phí hàng cồng kềnh, thuế nhập khẩu (đối với đơn hàng giao từ nước ngoài có giá trị trên 1 triệu đồng).....</p></div>',_binary '','Smart Tivi Neo QLED Samsung 4K 55 inch QA55QN85A',19659900.00,997,'smart-tivi-neo-qled-samsung-4k-55-inch-qa55qn85a.7dce0bdb65cd441cb74dfbf449f78176','PRODUCT_TRADING','2023-06-17 23:06:08.362000',3,24,1,5,267),(58,'2023-06-17 23:05:54.261000','<div class=\"ToggleContent__View-sc-1dbmfaw-0 wyACs\" style=\"\"><h3>Thiết kế hiện đại, chắc chắn</h3>\n<p><strong>Smart Tivi Casper HD 32 inch 32HX6200</strong>&nbsp;sở hữu độ phân giải HD đem lại hình ảnh có độ nét cao tối ưu với màn hình kích thước 32 inch, chân đế thiết kế hình chữ V vững chãi ở mọi mặt phẳng. Tivi thanh mảnh, nhỏ gọn phù hợp với đa số không gian chật hẹp ở đô thị Viêt Nam hiện nay. Màn hình tràn viền mang lại trải nghiệm hình ảnh hoàn hảo.</p>\n<h3>Tấm nền công nghệ IPS</h3>\n<p>Hiệu quả trình chiếu tối ưu nhờ tấm nền công nghệ IPS: Màn hình Tivi Casper được tối ưu góc nhìn rộng tới 178 độ. Các chuyển động được truyền tải mượt mà, không bị giật hình, đặc biệt, mức độ bền bỉ tốt, tuổi thọ cao.</p>\n<h3>Kho ứng dụng đa dạng với hệ điều hành Linux</h3>\n<p>Hệ điều hành Linux với giao diện đơn giản, dễ sử dụng và được cài đặt sẵn 36 ứng dụng bản quyền phổ biến cả trong nước và quốc tế như Netflix, Prime Video, FPT Play, Nhaccuatui… giúp nâng tầm trải nghiệm giải trí mà vẫn đảm bảo an toàn và bảo mật cho người sử dụng.</p>\n<h3>Công nghệ âm thanh Dolby Audio chân thực</h3>\n<p>Thưởng thức trọn vẹn âm thanh với công nghệ Dolby Audio: Được cấp phép bởi Dolby Laboratories – tập đoàn Mỹ với công nghệ mã hóa và lọc âm nổi danh toàn cầu – Casper Tivi với chuẩn âm thanh vòm Dolby Audio mang lại trải nghiệm như ở rạp hát trong chính ngôi nhà của bạn.</p>\n<h3>Bộ xử lý thông minh chip 4 nhân</h3>\n<p>Bộ xử lý thông minh của Tivi Casper sử dụng chip xử lý 4 nhân với vai trò bộ não liên kết hoạt động của mọi con chip bên trong bộ mạch chủ. Chassis phiên bản 64 Bit giúp thực hiện các tác vụ đa nhiệm cùng lúc, đảm bảo tốc độ hoạt động mượt mà và mạnh mẽ của toàn bộ hệ thống.</p>\n<h3>Đa dạng cổng kết nối</h3>\n<p>Để kết nối với các thiết bị ngoại vi tốt hơn, cổng kết nối trên chiếc tivi cũng đa dạng hơn giúp dễ dàng sử dụng tivi với những mục đích khác nhau. Hãy biến chúng trở thành phương tiện giải trí thông minh phục vụ nhu cầu tốt nhất của bạn nhé.</p>\n<h3>Tận hưởng điện ảnh trọn vẹn trên Smart tivi</h3>\n<p>Với sự phát triển của công nghệ, ngày nay ngoài máy tính và điện thoại, người dùng còn có thể xem phim online trên tivi để nâng cao trải nghiệm giải trí. Bạn có thể xem những ứng dụng xem phim online phổ biến và được yêu thích trên Smart tivi như Netflix, iflix, HBO, FPT Play, Fim+.</p>\n<p>&nbsp;</p><p>Giá sản phẩm trên đây đã bao gồm thuế theo luật hiện hành. Bên cạnh đó, tuỳ vào loại sản phẩm, hình thức và địa chỉ giao hàng mà có thể phát sinh thêm chi phí khác như phí vận chuyển, phụ phí hàng cồng kềnh, thuế nhập khẩu (đối với đơn hàng giao từ nước ngoài có giá trị trên 1 triệu đồng).....</p></div>',_binary '','Smart Tivi Casper HD 32 inch 32HX6200',3800000.00,992,'smart-tivi-casper-hd-32-inch-32hx6200.436be49bcf514f70bd21dc9acd410ee3','PRODUCT_TRADING','2023-06-17 23:06:20.111000',66,24,1,5,278),(59,'2023-06-17 23:05:54.400000','<div class=\"ToggleContent__View-sc-1dbmfaw-0 wyACs\" style=\"\"><p>Giá sản phẩm trên đây đã bao gồm thuế theo luật hiện hành. Bên cạnh đó, tuỳ vào loại sản phẩm, hình thức và địa chỉ giao hàng mà có thể phát sinh thêm chi phí khác như phí vận chuyển, phụ phí hàng cồng kềnh, thuế nhập khẩu (đối với đơn hàng giao từ nước ngoài có giá trị trên 1 triệu đồng).....</p></div>',_binary '','Smart TV TCL Android 8.0 32 inch HD wifi - 32L61 - HDR, Micro Dimming, Dolby, Chromecast, T-cast, AI+IN',5990000.00,995,'smart-tv-tcl-android-80-32-inch-hd-wifi-32l61-hdr-micro-dimming-dolby-chromecast-t-cast-aiin.c7e6484aa66c43f09885406ecc550d02','PRODUCT_TRADING','2023-06-17 23:06:08.786000',67,24,1,5,284),(60,'2023-06-17 23:05:54.531000','<div class=\"ToggleContent__View-sc-1dbmfaw-0 wyACs\" style=\"\"><h3>Thiết kế hiện đại, chắc chắn</h3>\n<p><strong>Smart Tivi Casper Full HD 43 inch 43FX6200</strong> sở hữu độ phân giải HD đem lại hình ảnh có độ nét cao tối ưu với màn hình kích thước 32 inch, chân đế thiết kế hình chữ V vững chãi ở mọi mặt phẳng. Tivi thanh mảnh, nhỏ gọn phù hợp với đa số không gian chật hẹp ở đô thị Viêt Nam hiện nay. Màn hình tràn viền mang lại trải nghiệm hình ảnh hoàn hảo.</p>\n<h3>Tấm nền công nghệ IPS</h3>\n<p>Hiệu quả trình chiếu tối ưu nhờ tấm nền công nghệ IPS: Màn hình Tivi Casper được tối ưu góc nhìn rộng tới 178 độ. Các chuyển động được truyền tải mượt mà, không bị giật hình, đặc biệt, mức độ bền bỉ tốt, tuổi thọ cao.</p>\n<h3>Kho ứng dụng đa dạng với hệ điều hành Linux</h3>\n<p>Hệ điều hành Linux với giao diện đơn giản, dễ sử dụng và được cài đặt sẵn 36 ứng dụng bản quyền phổ biến cả trong nước và quốc tế như Netflix, Prime Video, FPT Play, Nhaccuatui… giúp nâng tầm trải nghiệm giải trí mà vẫn đảm bảo an toàn và bảo mật cho người sử dụng.</p>\n<h3>Công nghệ âm thanh Dolby Audio chân thực</h3>\n<p>Thưởng thức trọn vẹn âm thanh với công nghệ Dolby Audio: Được cấp phép bởi Dolby Laboratories – tập đoàn Mỹ với công nghệ mã hóa và lọc âm nổi danh toàn cầu – Casper Tivi với chuẩn âm thanh vòm Dolby Audio mang lại trải nghiệm như ở rạp hát trong chính ngôi nhà của bạn.</p>\n<h3>Bộ xử lý thông minh chip 4 nhân</h3>\n<p>Bộ xử lý thông minh của Tivi Casper sử dụng chip xử lý 4 nhân với vai trò bộ não liên kết hoạt động của mọi con chip bên trong bộ mạch chủ. Chassis phiên bản 64 Bit giúp thực hiện các tác vụ đa nhiệm cùng lúc, đảm bảo tốc độ hoạt động mượt mà và mạnh mẽ của toàn bộ hệ thống.</p>\n<h3>Đa dạng cổng kết nối</h3>\n<p>Để kết nối với các thiết bị ngoại vi tốt hơn, cổng kết nối trên chiếc tivi cũng đa dạng hơn giúp dễ dàng sử dụng tivi với những mục đích khác nhau. Hãy biến chúng trở thành phương tiện giải trí thông minh phục vụ nhu cầu tốt nhất của bạn nhé.</p>\n<h3>Tận hưởng điện ảnh trọn vẹn trên Smart tivi</h3>\n<p>Với sự phát triển của công nghệ, ngày nay ngoài máy tính và điện thoại, người dùng còn có thể xem phim online trên tivi để nâng cao trải nghiệm giải trí. Bạn có thể xem những ứng dụng xem phim online phổ biến và được yêu thích trên Smart tivi như Netflix, iflix, HBO, FPT Play, Fim+.</p>\n<p>&nbsp;</p><p>Giá sản phẩm trên đây đã bao gồm thuế theo luật hiện hành. Bên cạnh đó, tuỳ vào loại sản phẩm, hình thức và địa chỉ giao hàng mà có thể phát sinh thêm chi phí khác như phí vận chuyển, phụ phí hàng cồng kềnh, thuế nhập khẩu (đối với đơn hàng giao từ nước ngoài có giá trị trên 1 triệu đồng).....</p></div>',_binary '','Smart Tivi Casper Full HD 43 inch 43FX6200',9990000.00,997,'smart-tivi-casper-full-hd-43-inch-43fx6200.7dc330bad4b14e91a2d62d6ee67f61c9','PRODUCT_TRADING','2023-06-17 23:06:00.557000',66,24,1,1,290),(61,'2023-06-17 23:05:54.625000','<div class=\"ToggleContent__View-sc-1dbmfaw-0 wyACs\" style=\"overflow: hidden; height: 500px;\"><h3>Thiết kế đơn giản, tinh tế</h3>\n<p><strong>Tivi LED Asanzo HD 25 inch 25S200T2</strong> tạo ấn tượng với người dùng bằng thiết kế đơn giản nhưng không kém phần sang trọng, tinh tế trong từng đường nét. &nbsp;Tivi có thiết kế nhỏ gọn nên thích hợp với những không gian nhỏ gọn như phòng ăn, phòng ngủ, phòng trọ,...</p>\n<h3>Khoảng cách xem tivi an toàn</h3>\n<p>Để bảo vệ cho đôi mắt luôn khỏe, bạn nên lựa chọn khoảng cách xem tivi an toàn. Đối với tivi 25 inch thì khoảng cách xem hợp lý nhất là từ khoảng 1.3 m đến 1.9 m.</p>\n<h3>Màu sắc chân thực, hình ảnh sống động</h3>\n<p>Tivi LED ASANZO 25 inch 25S200T2 trang bị Chương trình kiểm soát hình ảnh Picture Wizard II mang đến những hình ảnh sống động và màu sắc chân thực nhất. Ngoài ra, độ phân giải HD mang lại những hình ảnh tuyệt đẹp nhất.</p>\n<h3>Tần số quét TruMotion 100Hz</h3>\n<p>Được tích hợp tần số quét TruMotion 100Hz, Tivi LED ASANZO 25 inch 25S200T2 mang lại những thước phim mịn màng, sắc nét ngay cả trong những chuyển động mạnh.</p>\n<h3>Âm thanh thật như cuộc sống</h3>\n<p>Tivi &nbsp;được trang bị&nbsp;chế độ Infinite giúp âm thanh phát ra được từ nhiều hướng. Đồng thời, tổng công suất 10W đem đến dải âm chuẩn hơn, từng bản nhạc, bộ phim sẽ được trình diễn thật mạnh mẽ và hoành tráng.</p>\n<h3>Đầu thu kỹ thuật số DVB-T2</h3>\n<p>Tivi LED ASANZO 25 inch 25S200T2 được tích hợp chuẩn đầu thu kỹ thuật số DVB-T2 cho phép xem miễn phí ít nhất 15 kênh truyền hình kỹ thuật số với chất lượng cao, đường truyền ổn định.</p>\n<p>Lưu ý: số kênh thu được phụ thuộc vào vị trí địa lý cũng như chất lượng ăng-ten nhà bạn.</p>\n<h3>Siêu tiết kiệm điện</h3>\n<p>Với chế độ tiết kiệm như: điều khiển ánh sáng nền, chức năng tắt màn hình (giúp bạn có thể tắt màn hình mà vẫn giữ lại âm thanh và nhạc), chế độ Standby, bạn sẽ tiết kiệm được năng lượng điện so với các dòng sản phẩm khác. Tính năng cảm biến thông minh giúp TV có thể tự động điều chỉnh ánh sáng, màu sắc tùy theo điều kiện ánh sáng của môi trường xung quanh. Bên cạnh đó, công nghệ đèn nền LED còn giúp tiết kiệm điện hơn 30% so với những dòng TV LCD thông thường.</p><p>Giá sản phẩm trên đây đã bao gồm thuế theo luật hiện hành. Bên cạnh đó, tuỳ vào loại sản phẩm, hình thức và địa chỉ giao hàng mà có thể phát sinh thêm chi phí khác như phí vận chuyển, phụ phí hàng cồng kềnh, thuế nhập khẩu (đối với đơn hàng giao từ nước ngoài có giá trị trên 1 triệu đồng).....</p><div class=\"gradient\"></div></div>',_binary '','Tivi LED Asanzo HD 25 inch 25S200T2',2900000.00,997,'tivi-led-asanzo-hd-25-inch-25s200t2.f70da54a1fe840f2837977dc1060531d','PRODUCT_TRADING','2023-06-17 23:06:01.883000',68,24,1,6,296),(62,'2023-06-17 23:05:54.792000','<div class=\\\"ToggleContent__View-sc-1dbmfaw-0 wyACs\\\" style=\\\"\\\">\\n\" +\n                \"<p>Giá sản phẩm trên đây đã bao gồm thuế theo luật hiện hành. Bên cạnh đó, tuỳ vào loại sản phẩm, hình thức và địa chỉ giao hàng mà có thể phát sinh thêm chi phí khác như phí vận chuyển, phụ phí hàng cồng kềnh, thuế nhập khẩu (đối với đơn hàng giao từ nước ngoài có giá trị trên 1 triệu đồng).....</p></div>',_binary '','Google Tivi Coocaa 4K 50 Inch - Model 50Y72 - Hàng Chính Hãng',14000000.00,999,'google-tivi-coocaa-4k-50-inch-model-50y72-hang-chinh-hang.e4dfb89bf1c94142844653af15c2dd53','PRODUCT_TRADING','2023-06-17 23:06:12.570000',65,24,1,5,302),(63,'2023-06-17 23:05:54.886000','<div class=\"ToggleContent__View-sc-1dbmfaw-0 wyACs\" style=\"\"><h3>8 triệu điểm ảnh cùng thể hiện trong 1 bức tranh</h3>\n<p>Màu sắc thuần khiết được thể hiện tuyệt đẹp trên màn hình 4K đích thực với khoảng 8 triệu điểm ảnh, TV 4K đích thực truyền tải hình ảnh sắc nét hơn và chi tiết hơn rõ rệt so với TV UHD thông thường. Với TV NanoCell, độ phân giải 4K đích thực được bổ sung công nghệ NanoCell để mang lại trải nghiệm 4K vượt qua mọi tiêu chuẩn quốc tế.</p>\n<h3>Mọi màu sắc hiện lên trong veo</h3>\n<p>TV LG NanoCell sử dụng các hạt nano, công nghệ Nano đặc biệt của riêng chúng tôi, để lọc và tinh chỉnh màu sắc, loại bỏ tín hiệu gây nhiễu khỏi các bước sóng RGB. Nghĩa là, chỉ những màu sắc tinh khiết, chính xác mới được hiển thị trên màn hình. Nhờ đó hình ảnh tạo ra sẽ tươi đẹp hơn, chân thực hơn, giúp nội dung của bạn trở nên sống động.</p>\n<h3>Kinh ngạc từ mọi góc nhìn</h3>\n<p>Màu sắc tuyệt đối của TV NanoCell đảm bảo rằng màu sắc được hiển thị chính xác cho hình ảnh trung thực ngay cả khi nhìn từ góc rộng.</p>\n<h3>Thiết kế tinh tế, thêm gu thẩm mỹ</h3>\n<p>Tác phẩm nghệ thuật đẹp như tranh vẽ không chỉ dành để treo trên các bức tường nữa. Chân đỡ Gallery cho phép bạn tự do đặt TV và biến ngôi nhà của bạn thành một phòng trưng bày hiện đại.</p>\n<h3>Chất lượng ngang tầm với màn chiếu lớn</h3>\n<p>Pure Colors và một loạt các công nghệ màn hình mới nhất mang cả rạp phim về nhà bạn với LG NanoCell TV. Với công nghệ HDR nâng cao của chúng tôi, các công nghệ được nâng cấp của Dolby, và một chế độ điện ảnh mới vừa được hãng công bố sẽ mang đến trải nghiệm điện ảnh thực sự.</p>\n<h3>Nơi hội tụ những gì bạn yêu thích</h3>\n<p>Truy cập Ứng dụng Apple TV, Disney+ và Netflix. Chọn từ những bộ phim mới nhất, chương trình TV, phim tài liệu và thể thao trực tiếp, và tìm tất cả nội dung ở cùng một nơi.</p>\n<h3>Filmmaker Mode - Hiện thực hóa góc nhìn của đạo diễn</h3>\n<p>Filmmaker Mode tắt tính năng làm mịn chuyển động trong khi vẫn giữ nguyên tỷ lệ khung hình, màu sắc và tốc độ khung hình ban đầu. Khả năng này mang đến một cách chính xác tầm nhìn ban đầu của đạo diễn, vì vậy bạn trải nghiệm bộ phim đúng như dự định của đạo diễn.</p>\n<h3>HDR 10 Pro - Tận hưởng trọn vẹn các nội dung giải trí</h3>\n<p>Công nghệ dải màu động của riêng LG, HDR 10 Pro, điều chỉnh độ sáng để tăng cường màu sắc, thể hiện mọi chi tiết nhỏ nhất, và mang lại độ chi tiết rõ như thật cho mọi hình ảnh - công nghệ này cũng tăng cường nội dung HDR thông thường. Giờ đây tất cả các bộ phim và chương trình yêu thích của bạn sẽ sống động và sôi động hơn từ đầu đến cuối.</p>\n<h3>Nano Gaming - Trang hoàng thế giới Game với TV</h3>\n<p>Từ những hang động tối tăm nhất đến những thế giới mới tươi sáng nhất, LG NanoCell TV trang hoàng trò chơi của bạn với màu sắc sống động. Công nghệ chơi game qua điện toán đám mây (phụ thuộc vào quốc gia, khu vực) và tự động điều chỉnh hình ảnh chất lượng cao mang đến trải nghiệm chơi game thực sự thú vị.</p>\n<h3>Trình tối ưu hóa trò chơi - Mức độ kiểm soát chưa từng thấy</h3>\n<p>Tất cả các game của bạn đều được lên cấp. Trình tối ưu hóa trò chơi tự động điều chỉnh thiết lập hình ảnh, ttối ưu hóa đồ họa và hiển thị, mang lại trải nghiệm chơi game tốt hơn bất kể bạn đang chơi loại game nào.</p>\n<h3>Đối tác với Xbox - Một sự kết hợp bất khả chiến bại</h3>\n<p>Mở ra thế giới game tự do của bạn. LG là đối tác của Xbox nhằm đảm bảo bạn luôn sẵn sàng chơi những game thế hệ mới. Tận hưởng những gì tinh túy nhất của Xbox nhờ chất lượng hình ảnh tuyệt đẹp và thời gian phản hồi cực nhanh.</p>\n<h3>Nano Sport - Thưởng thức những trận đấu đẳng cấp ở chất lượng cao</h3>\n<p>LG NanoCell TV mang đến trải nghiệm hồi hộp khi xem các trận đấu. Âm thanh Vòm Bluetooth mang toàn bộ bầu không khí ở sân vận động về nhà bạn, còn Thông báo Thể thao luôn cập nhật kịp thời cho bạn mọi tin tức mới nhất về đội bạn yêu thích.</p>\n<h3>Không bao giờ bỏ lỡ trận đấu của đội yêu thích</h3>\n<p>Thông báo thể thao thông báo cho bạn trước, trong và sau các trận đấu. Bạn sẽ không bao giờ phải lo lắng về việc bỏ lỡ các trận đấu lớn từ các đội yêu thích của mình, ngay cả khi bạn đang xem nội dung khác.</p>\n<h3>Âm thanh hoành tráng như tại sân vận động</h3>\n<p>Dễ dàng kết nối loa Bluetooth để có trải nghiệm âm thanh vòm không dây thực sự. Tất cả các trải nghiệm âm thanh đều trở nên phong phú hơn và thực tế hơn, mang lại bầu không tại sân vận động về phòng khách nhà bạn.</p>\n<h3>Bộ xử lý lõi tứ 4K - Nâng cấp chất lượng các nội dung bạn xem</h3>\n<p>Bộ xử lý giúp loại bỏ các tín hiệu nhiễu và tái tạo lại hình ảnh với màu sắc sống động cùng độ tương phản cao hơn. Các hình ảnh với độ phân giải thấp sẽ được nâng cấp và tái tạo lại để đạt chất lượng tiệm cận 4K nhất có thể.</p>\n<h3>AI ThinQ - Định nghĩa tính năng thông minh của bạn là gì? Đây là câu trả lời</h3>\n<p>LG ThinQ ở đây để tối ưu hóa trải nghiệm TV của bạn. Chọn trợ lý giọng nói yêu thích của bạn, điều khiển TV bằng giọng nói, màn hình chính với giao diện hoàn toàn mới, tất cả nhằm mang đến sự thuận tiện khi điều khiển TV, mọi thứ trở nên đơn giản, dễ dàng hơn.</p>\n<h3>Màn hình chính mới - Giao diện thiết kế hoàn toàn mới</h3>\n<p>Màn hình chính được thiết kế mới hiển thị các đề xuất nội dung được cá nhân hóa, cho phép bạn truy cập dễ dàng hơn vào các mục yêu thích và cho phép bạn điều khiển tất cả các thiết bị kết nối ở một nơi.</p>\n<h3>Điều khiển từ xa Magic Remote mới - Giống như một cây đũa thần</h3>\n<p>Magic Remote được thiết kế lại có một thiết kế tiện lợi dễ cầm, và hệ thống trỏ và cuộn của thiết bị cho phép tìm kiếm nhanh hơn. AI tích hợp mang đến khả năng truy cập dễ dàng vào các dịch vụ, trong khi phím nóng cho các nhà cung cấp nội dung lớn mang đến cho bạn các phím tắt cho tất cả các mục yêu thích của mình. Bên cạnh tất cả những tính năng đó, bạn có Magic Tap, một thủ thuật mới thông minh kết nối điện thoại của bạn với TV.</p>\n<h3>Điều khiển bằng giọng nói - Trung tâm kiểm soát thiết bị thông minh của bạn</h3>\n<p>LG ThinQ cho phép ra lệnh đơn giản và điều khiển hệ sinh thái Home IoT của bạn với khả năng nhận dạng giọng nói tự nhiên*. Bạn có thể điều khiển TV LG NanoCell bằng giọng nói và truy cập giải trí nhanh hơn.</p>\n<p>Giá sản phẩm trên đây đã bao gồm thuế theo luật hiện hành. Bên cạnh đó, tuỳ vào loại sản phẩm, hình thức và địa chỉ giao hàng mà có thể phát sinh thêm chi phí khác như phí vận chuyển, phụ phí hàng cồng kềnh, thuế nhập khẩu (đối với đơn hàng giao từ nước ngoài có giá trị trên 1 triệu đồng).....</p></div>',_binary '','Smart Tivi NanoCell LG 4K 55 inch 55NANO77TPA',23900000.00,998,'smart-tivi-nanocell-lg-4k-55-inch-55nano77tpa.ead54db3c1ba4d0d838eb2d2b63c067b','PRODUCT_TRADING','2023-06-17 23:06:06.231000',38,24,1,5,314),(64,'2023-06-17 23:05:55.075000','<div class=\"ToggleContent__View-sc-1dbmfaw-0 wyACs\" style=\"\">\n<p>Giá sản phẩm trên đây đã bao gồm thuế theo luật hiện hành. Bên cạnh đó, tuỳ vào loại sản phẩm, hình thức và địa chỉ giao hàng mà có thể phát sinh thêm chi phí khác như phí vận chuyển, phụ phí hàng cồng kềnh, thuế nhập khẩu (đối với đơn hàng giao từ nước ngoài có giá trị trên 1 triệu đồng).....</p></div>',_binary '','Google Tivi Coocaa HD 32 Inch - 32Z72 Youtube Netfilx Smart TV 2025 new tv - Hàng Chính Hãng',6000000.00,994,'google-tivi-coocaa-hd-32-inch-32z72-youtube-netfilx-smart-tv-2025-new-tv-hang-chinh-hang.020fa5ad441449d88dbb1f570fad4856','PRODUCT_TRADING','2023-06-17 23:06:18.614000',65,24,1,6,320),(65,'2023-06-17 23:05:55.192000','<div class=\"ToggleContent__View-sc-1dbmfaw-0 wyACs\" style=\"\"><h3>Cảm giác thật với màu sắc và độ tương phản đẹp</h3>\n<p><strong>Google Tivi Sony 4K 65 inch KD-65X75K</strong> với bộ xử lý mạnh mẽ của chúng tôi trên TV Sony BRAVIA 4K này sử dụng các thuật toán nâng cao để giảm nhiễu và tăng độ chi tiết. Với tín hiệu 4K rõ ràng hơn nữa, mọi thứ bạn xem đều gần hơn với chất lượng 4K, đầy đủ màu sắc và độ tương phản sống động như thật.</p>\n<h3>Độ phân giải 4K siêu cao cho mọi nội dung bạn xem</h3>\n<p>Xem hình ảnh 4K tuyệt đẹp, phong phú với chi tiết và kết cấu thế giới thực, được cung cấp độc quyền bởi Bộ xử lý 4K X1 của chúng tôi. Hình ảnh quay ở độ phân giải 2K và thậm chí là HD được nâng cấp lên gần mức chi tiết 4K bằng 4K X-Reality PRO bằng cách sử dụng cơ sở dữ liệu 4K độc đáo.</p>\n<h3>Âm thanh tinh khiết, tự nhiên mà không bị ảnh hưởng</h3>\n<p>Công nghệ Clear Phase phân tích phản hồi của loa vật lý và so sánh nó với tín hiệu âm thanh gốc trên nhiều dải tần. Dữ liệu này được sử dụng để loại bỏ bất kỳ đỉnh hoặc giảm nào trong phản ứng tự nhiên của loa để mang lại âm thanh thuần khiết, tự nhiên với khả năng tái tạo đồng đều, mượt mà ở tất cả các tần số.</p>\n<h3>Bạn muốn xem gì, hãy nói để tìm kiếm</h3>\n<p>Tìm kiếm bằng giọng nói để nhanh chóng tìm nội dung hấp dẫn. Bạn có thể xem chương trình hoặc phim khi gọi tên hoặc dùng lệnh tìm kiếm bằng giọng nói như “tìm phim hành động”. Nhấn vào nút thoại trên điều khiển từ xa để bắt đầu.</p>\n<h3>Sẵn sàng hoạt động trong những điều kiện khắc nghiệt nhất</h3>\n<p>Ti-vi Sony vô cùng bền bỉ khi được chế tạo bằng công nghệ X-Protection PRO mới có nhiều cải tiến. Không chỉ được trang bị khả năng chống bụi và chống ẩm vượt trội, những ti-vi này còn đạt tiêu chuẩn cao nhất trong các bài kiểm tra chống sét của Sony, nghĩa là TV của bạn được bảo vệ khi sét đánh và điện áp tăng vọt. Hãy tiếp tục thưởng thức nội dung giải trí liền mạch với một chiếc TV bền bỉ hơn với thời gian.</p>\n<h3>Tiết kiệm năng lượng, thân thiện với môi trường</h3>\n<p>TV BRAVIA XR của chúng tôi không chỉ được thiết kế cho trải nghiệm xem đắm chìm mà còn lưu ý đến môi trường. Chúng tôi cam kết bảo vệ môi trường trong quá trình sản xuất TV của mình. Chế độ Tắt hiển thị giúp tiết kiệm năng lượng bằng cách tắt hiển thị hình ảnh mà không đặt TV ở chế độ chờ hoàn toàn khi chỉ nghe âm thanh.</p>\n<p>Giá sản phẩm trên đây đã bao gồm thuế theo luật hiện hành. Bên cạnh đó, tuỳ vào loại sản phẩm, hình thức và địa chỉ giao hàng mà có thể phát sinh thêm chi phí khác như phí vận chuyển, phụ phí hàng cồng kềnh, thuế nhập khẩu (đối với đơn hàng giao từ nước ngoài có giá trị trên 1 triệu đồng).....</p></div>',_binary '','Google Tivi Sony 4K 65 inch KD-65X75K - Model 2025',15880000.00,994,'google-tivi-sony-4k-65-inch-kd-65x75k-model-2025.d595f921872748469b513d73990e3fe1','PRODUCT_TRADING','2023-06-17 23:06:16.760000',28,24,1,2,329),(66,'2023-06-17 23:05:55.463000','<div class=\"ToggleContent__View-sc-1dbmfaw-0 wyACs\" style=\"\"><p>THÔNG SỐ KỸ THUẬT:</p>\n<ul><li>Loại Tivi:&nbsp;Smart Tivi</li>\n<li>Kích cỡ màn hình:&nbsp;43 inch</li>\n<li>Độ phân giải:&nbsp;Full HD&nbsp;</li>\n<li>Loại màn hình:&nbsp;LED viền (Edge LED), IPS LCD</li>\n<li>Công nghệ hình ảnh: Chế độ hình ảnh tự nhiên Natural Mode,&nbsp;Chế độ phim Film mode,&nbsp;HDR,&nbsp;Hyper Real Engine,&nbsp;Khử nhiễu hình ảnh Digital Clean View,&nbsp;Kiểm soát đèn nền Micro Dimming Pro,&nbsp;Lọc nhiễu hình ảnh Ultra Clean View,&nbsp;Nâng cấp độ tương phản Contrast Enhancer,&nbsp;PurColor,&nbsp;Độ tương phản cao - Mega Contrast</li>\n<li>Tần số quét thực:&nbsp;50 Hz</li>\n<li>Công nghệ âm thanh:&nbsp;Dolby Digital Plus</li>\n<li>Tổng công suất loa:&nbsp;20W</li>\n<li>Hệ điều hành:&nbsp;TizenOS 5.5</li>\n<li>Điều khiển bằng giọng nói:&nbsp;Bixby (Chưa có tiếng Việt)Tìm kiếm giọng nói trên YouTube bằng tiếng Việt</li>\n<li>Chiếu hình từ điện thoại lên TV:&nbsp;AirPlay 2, Screen Mirroring</li>\n<li>Remote thông minh:&nbsp;One Remote đa nhiệm nhỏ gọn</li>\n<li>Điều khiển tivi bằng điện thoại:&nbsp;SmartThings</li>\n<li>Kết nối Internet:&nbsp;Cổng mạng LAN, Wifi</li>\n<li>Kết nối không dây:&nbsp;Bluetooth (Kết nối loa, thiết bị di động)</li>\n<li>USB:&nbsp;1 cổng USB A</li>\n<li>Cổng nhận hình ảnh, âm thanh:&nbsp;2 cổng HDMI có 1 cổng HDMI ARC, 1 cổng Composite, 1 cổng Component</li>\n<li>Cổng xuất âm thanh:&nbsp;1 cổng Optical (Digital Audio), 1 cổng ARC</li>\n<li>Kích thước có chân, đặt bàn:&nbsp;Ngang 97.99 cm - Cao 59.66 cm - Dày 21.7 cm</li>\n<li>Khối lượng có chân:&nbsp;8.2 kg</li>\n<li>Kích thước không chân, treo tường:&nbsp;Ngang 97.99 cm - Cao 56.5 cm - Dày 7.73 cm</li>\n<li>Khối lượng không chân:&nbsp;8 kg</li>\n</ul><p>&nbsp;</p>\n<p>ĐẶC ĐIỂM NỔI BẬT:</p>\n<p>- Thiết kế sang trọng, trang nhã với độ mỏng tối ưu, có chân đế vững chắc, tinh giản nâng tầm sang trọng và đẳng cấp cho không gian sống.</p>\n<p>- Độ phân giải Full HD rõ nét gấp 2 lần so với độ phân giải HD.</p>\n<p>- Dải màu sắc phong phú kiến tạo hình ảnh sống động nổi bật từ công nghệ HDR cho phép bạn đắm chìm vào từng phân cảnh sống động như thật. Mang đến những khung hình rực rỡ nổi bật với độ sắc nét đến từng chi tiết.</p>\n<p>- Độ sáng và độ nét của hình ảnh trên tivi được tăng cường tối đa nhờ công nghệ Digital Clean View.</p>\n<p>- Dải màu sắc hiển thị rộng lớn và rực rỡ nhờ công nghệ PurColor, giúp bạn đắm chìm trong từng khung hình sống động và chân thực như bước ra từ cuộc sống.</p>\n<p>- Công nghệ Contrast Enhancer giúp tăng cường độ tương phản hình ảnh tối đa, phủ nhiều lớp sáng tối lên toàn bộ màn hình giúp từng khu vực, vật thể trong khung hình trở nên sống động và chân thật hơn.</p>\n<p>- Âm thanh trong trẻo với công nghệ âm thanh Dolby Digital Plus.</p>\n<p>- Ứng dụng SmartThings hiện đại cho phép điều khiển tivi qua điện thoại dễ dàng.</p>\n<p>- Chiếu màn hình điện thoại Android, IOS lên tivi qua tính năng Screen Mirroring và AirPlay 2 hiện đại.</p>\n<p>&nbsp;</p>\n<p>* Giá trên chưa bao gồm chi phí lắp đặt và vật tư linh kiện.</p>\n<p>ĐIỆN MÁY TIỆN LỢI S52 - Nơi mua sắm điện máy tiện lợi dành cho giới trẻ</p><p>Giá sản phẩm trên đây đã bao gồm thuế theo luật hiện hành. Bên cạnh đó, tuỳ vào loại sản phẩm, hình thức và địa chỉ giao hàng mà có thể phát sinh thêm chi phí khác như phí vận chuyển, phụ phí hàng cồng kềnh, thuế nhập khẩu (đối với đơn hàng giao từ nước ngoài có giá trị trên 1 triệu đồng).....</p></div>',_binary '','Smart Tivi Samsung 43 InchSmart Tivi Samsung 43 Inch UA43T6500AKXXV - Hàng Chính Hãng',10769000.00,1000,'smart-tivi-samsung-43-inchsmart-tivi-samsung-43-inch-ua43t6500akxxv-hang-chinh-hang.19e923ac7d004026b2d27f86fb6b1fbe','PRODUCT_TRADING','2023-06-17 23:05:55.463000',3,24,1,7,340),(67,'2023-06-17 23:05:55.544000','<div class=\"ToggleContent__View-sc-1dbmfaw-0 wyACs\" style=\"\"><h3>Hiển thị màu sắc sống động và hình ảnh chân thực - Công nghệ PurColor</h3>\n<p>Choáng ngợp trước dải màu sắc hiển thị rộng lớn và rực rỡ từ công nghệ PurColor. Đắm chìm trong từng khung hình sống động và chân thực như bước ra từ cuộc sống.</p>\n<h3>Cảm nhận từng chi tiết hình ảnh chuẩn 4K -&nbsp; Bộ xử lý hình ảnh Crystal 4K</h3>\n<p>Nâng cấp mọi nội dung bạn yêu thích lên chuẩn 4K ấn tượng. Chiêm ngưỡng sắc màu hiển thị sống động và chân thực với công nghệ Color Mapping tiên tiến.</p>\n<h3>Rõ khung hình, mượt chuyển động - Công nghệ Motion Xcelerator</h3>\n<p>Trong các phân cảnh đua xe hoặc rượt đuổi, các khung hình thay đổi liên tục dễ dẫn đến hiện tượng \"bóng ma\" trên màn hình. Công nghệ Motion Xcelerator sẽ tự động bổ sung thêm khung hình để nội dung rõ nét và mượt mà hơn.</p>\n<h3>Chất lượng hình ảnh chân thực với độ phân giải UHD 4K&nbsp;</h3>\n<p>Sở hữu gấp 4 lần điểm ảnh so với TV FHD thông thường, Smart TV UHD 4K mang đến khung hình sắc nét và sống động, cho bạn thưởng thức từng chi tiết dù là nhỏ nhất.</p>\n<h3>Hoàn hảo trong từng khung hình sáng và tối - Công nghệ HDR</h3>\n<p>Cải thiện độ sáng TV vượt trội với công nghệ HDR đỉnh cao. Cung cấp dải màu sắc lớn và hiển thị chi tiết, sắc nét hình ảnh ngay cả trong khung hình tối sâu thẳm.</p>\n<h3><br>Bộ đôi hoàn hảo TV &amp; loa thanh - Công nghệ Q-Symphony</h3>\n<p>Thăng hoa cùng những thanh âm tuyệt vời, được đồng bộ liền mạch giữa loa thanh Samsung và TV. Công nghệ Q-Symphony tận dụng loa TV và loa thanh, kiến tạo không gian giải trí đỉnh cao, bao trùm mọi giác quan.</p>\n<h3>Viền mỏng ấn tượng cho trải nghiệm rộng mở - Thiết kế 3 cạnh không viền</h3>\n<p>Với ngôn ngữ thiết kế theo phong cách tinh giản, Smart TV UHD 4K như một bức tranh thuần khiết không viền mang đến cho bạn trải nghiệm xem hoàn hảo và đậm chất điện ảnh.</p>\n<h3>Học và làm việc tại gia - Kết nối dễ dàng với đa thiết bị</h3>\n<p>Tận hưởng tiện ích kết nối vượt trội từ Smart TV UHD 4K. Cho bạn dễ dàng truy cập vào máy tính, laptop và thiết bị di động ngay trên TV.</p>\n<p>Giá sản phẩm trên đây đã bao gồm thuế theo luật hiện hành. Bên cạnh đó, tuỳ vào loại sản phẩm, hình thức và địa chỉ giao hàng mà có thể phát sinh thêm chi phí khác như phí vận chuyển, phụ phí hàng cồng kềnh, thuế nhập khẩu (đối với đơn hàng giao từ nước ngoài có giá trị trên 1 triệu đồng).....</p></div>',_binary '','Smart Tivi Samsung 4K 43 inch UA43AU7002',8910000.00,995,'smart-tivi-samsung-4k-43-inch-ua43au7002.134cb5c4880e4b989d12c08066951521','PRODUCT_TRADING','2023-06-17 23:06:08.786000',3,24,1,4,344),(68,'2023-06-17 23:05:55.743000','<div class=\"ToggleContent__View-sc-1dbmfaw-0 wyACs\" style=\"\"><h3>8 triệu điểm ảnh cùng thể hiện trong 1 bức tranh</h3>\n<p>Màu sắc Pure Colors truyệt đẹp trên màn hình Real 4K của Tivi NanoCell. Với khoảng 8 triệu điểm ảnh, Tivi 4K đích thực truyền tải hình ảnh sắc nét hơn và chi tiết hơn rõ rệt so với Tivi HD thông thường.</p>\n<p>Với Tivi NanoCell, độ phân giải Real 4K được bổ sung công nghệ NanoCell để mang lại trải nghiệm 4K vượt qua mọi tiêu chuẩn quốc tế.</p>\n<h3>Mọi màu sắc hiện lên trong veo</h3>\n<p>Tivi LG NanoCell sử dụng các hạt nano, công nghệ Nano đặc biệt của riêng chúng tôi, để lọc và tinh chỉnh màu sắc, loại bỏ tín hiệu gây nhiễu khỏi các bước sóng RGB.</p>\n<p>Nghĩa là, chỉ những màu sắc tinh khiết, chính xác mới được hiển thị trên màn hình. Nhờ đó hình ảnh tạo ra sẽ tươi đẹp hơn, chân thực hơn, giúp nội dung của bạn trở nên sống động.</p>\n<h3>Tivi thiết kế tinh tế, đậm chất nghệ thuật</h3>\n<p>LG NanoCell Tivi được thiết kế nhằm đáp ứng đa dạng tính thẩm mỹ cho nội thất tại gia. Với thiết kế tối giản, kiểu dáng đẹp, Tivi nằm chắc chắn trên tường nhà như một tác phẩm nghệ thuật, tăng thêm vẻ đẹp đồng thời tiết kiệm tối đa không gian nhà bạn.</p>\n<h3>Nano Cinema - Chất lượng ngang tầm với màn chiếu lớn</h3>\n<p>Pure Colors và một loạt các công nghệ màn hình mới nhất mang cả rạp phim về nhà bạn với LG NanoCell Tivi. Với công nghệ HDR nâng cao của chúng tôi, các công nghệ được nâng cấp của Dolby, và một chế độ điện ảnh mới vừa được hãng công bố sẽ mang đến trải nghiệm điện ảnh thực sự.</p>\n<h3>Trung tâm giải trí</h3>\n<p>Truy cập Ứng dụng Disney+ và Netflix. Tận hưởng từ những bộ phim mới nhất đến chương trình Tivi hay phim tài liệu hoặc xem thể thao trực tuyến, mọi thứ đều hội tụ tại kho ứng dụng đa dạng.</p>\n<h3>Dolby Vision IQ và Dolby Atmos&nbsp;Nâng tầm trải nghiệm xem</h3>\n<p>Dolby Vision IQ tự động điều chỉnh các cài đặt hình ảnh dựa trên thể loại nội dung và môi trường xung quanh, còn Dolby Atmos mang lại âm thanh vòm đa chiều - một sự kết hợp mạnh mẽ tạo nên những thước phim điện ảnh ngoạn mục.</p>\n<h3>CHẾ ĐỘ FILMMAKER MODE&nbsp;Truyền tài chân thực góc nhìn của đạo diễn</h3>\n<p>FILMMAKER MODE tắt tính năng làm mịn chuyển động trong khi vẫn giữ nguyên tỷ lệ khung hình, màu sắc và tốc độ khung hình ban đầu.</p>\n<p>Khả năng này mang đến một cách chính xác tầm nhìn ban đầu của đạo diễn, vì vậy bạn sẽ được trải nghiệm bộ phim đúng như dự định của đạo diễn.</p>\n<h3>HDR 10 Pro&nbsp;Nâng cấp mọi trải nghiệm xem</h3>\n<p>Công nghệ dải động của riêng LG, HDR 10 Pro, điều chỉnh độ sáng để tăng cường màu sắc, thể hiện mọi chi tiết nhỏ nhất, và mang lại độ rõ như thật cho mọi hình ảnh - công nghệ này cũng tăng cường nội dung HDR thông thường. Giờ đây tất cả các bộ phim và chương trình yêu thích của bạn sẽ sống động và sôi động hơn từ đầu đến cuối.</p>\n<h3>Nano Gaming - Trang hoàng thế giới Game với Tivi</h3>\n<p>Từ những hang động tối tăm nhất đến những thế giới mới tươi sáng nhất, LG NanoCell Tivi trang hoàng trò chơi của bạn với màu sắc sống động. Công nghệ chơi game qua điện toán đám mây (phụ thuộc vào quốc gia, khu vực) và tự động điều chỉnh hình ảnh chất lượng cao mang đến trải nghiệm chơi game thực sự thú vị.</p>\n<h3>Tối ưu hóa trò chơi -&nbsp;Mức độ kiểm soát chưa từng thấy</h3>\n<p>Trình tối ưu hóa trò chơi đưa tất cả các cài đặt trò chơi của bạn ở một nơi. Ứng dụng tự động điều chỉnh hình ảnh để tối ưu hóa đồ họa bất kể loại trò chơi bạn đang chơi là gì. Bạn cũng có thể chuyển đổi cả hai công nghệ NVIDIA G-SYNC và AMD FreeSync để tất cả các trò chơi của bạn rõ ràng hơn và mượt mà hơn với độ trễ, giật hình và trộn hình thấp hơn.</p>\n<h3>Đối tác với Xbox&nbsp;- Một sự kết hợp bất khả chiến bại</h3>\n<p>Mở ra thế giới game tự do của bạn. LG là đối tác của Xbox nhằm đảm bảo bạn luôn sẵn sàng chơi nhữngi game thế hệ mới. Tận hưởng những gì tinh túy nhất của Xbox nhờ chất lượng hình ảnh tuyệt đẹp và thời gian phản hồi cực nhanh.</p>\n<h3>Nano Sport - Thưởng thức những trận đấu đẳng cấp ở chất lượng cao</h3>\n<p>LG NanoCell Tivi mang đến trải nghiệm hồi hộp khi xem các trận đấu. Âm thanh Vòm Bluetooth mang toàn bộ bầu không khí ở sân vận động về nhà bạn, còn Thông báo Thể thao luôn cập nhật kịp thời cho bạn mọi tin tức mới nhất về đội bạn yêu thích.</p>\n<h3>Thông&nbsp;báo thể thao&nbsp;- Không bao giờ bỏ lỡ trận đấu của câu lạc bộ yêu thích</h3>\n<p>Thông báo thể thao thông báo cho bạn trước, trong và sau các trận đấu. Bạn sẽ không bao giờ phải lo lắng về việc bỏ lỡ các trận đấu lớn từ các đội yêu thích của mình, ngay cả khi bạn đang xem nội dung khác.</p>\n<h3>Bluetooth Surround - Âm thanh vòm bluetooth chân thực&nbsp;hoành tráng như tại sân vận động</h3>\n<p>Dễ dàng kết nối loa Bluetooth để có trải nghiệm âm thanh vòm không dây thực sự. Tất cả các trải nghiệm âm thanh đều trở nên phong phú hơn và thực tế hơn, mang lại bầu không tại sân vận động về phòng khách nhà bạn.</p>\n<h3>Bộ xử lý α7&nbsp;Gen4 AI 4K - Bộ não sẽ thổi bay tâm trí của bạn</h3>\n<p>Cốt lõi của mỗi Tivi LG OLED là Bộ xử lý AI α7&nbsp;Gen4 4K, bộ não của Tivi, có khả năng tự động phát hiện và tối ưu hóa nội dung bạn đang xem để có trải nghiệm hình ảnh và âm thanh đỉnh cao.</p>\n<h3>AI Picture&nbsp;- Nâng cấp hình ảnh chuyên nghiệp hơn</h3>\n<p>AI Picture tự động xác định thể loại nội dung bạn đang xem và loại bỏ nhiễu để tối ưu hóa chất lượng hình ảnh. Điều này mang lại hình ảnh chất lượng cao, sắc nét hơn, cải thiện trải nghiệm xem Tivi bất kể bạn xem nội dung gì.</p>\n<h3>AI Sound -&nbsp;Trải nghiệm âm thanh tinh chỉnh, sống động hơn</h3>\n<p>AI Sound phân tích nguồn âm thanh và tối ưu hóa âm thanh dựa trên thể loại nội dung bạn đang xem. Điều này mang lại âm thanh rõ ràng hơn, từ giọng hát dễ phân biệt hơn cho đến các hiệu ứng âm thanh tự nhiên, sống động như thật.</p>\n<h3>Trí tuệ nhân tạo thông minh vượt bậc ThinQ AI</h3>\n<p>LG ThinQ ở đây để tối ưu hóa trải nghiệm Tivi của bạn. Chọn trợ lý giọng nói yêu thích của bạn, điều khiển Tivi bằng giọng nói, màn hình chính với giao diện hoàn toàn mới, tất cả nhằm mang đến sự thuận tiện khi điều khiển Tivi, mọi thứ trở nên đơn giản, dễ dàng hơn.</p>\n<h3>Màn hình chính mới&nbsp;- Giao diện thiết kế hoàn toàn mới</h3>\n<p>Màn hình chính được thiết kế mới hiển thị các đề xuất nội dung được cá nhân hóa, cho phép bạn truy cập dễ dàng hơn vào các mục yêu thích và cho phép bạn điều khiển tất cả các thiết bị kết nối ở một nơi.</p>\n<h3>Điều khiển từ xa ma thuật mới</h3>\n<p>Magic Remote được thiết kế lại giúp bạn cầm lên một cách dễ dàng, hệ thống trỏ và cuộn đặc trưng của LG Tivi cho phép tìm kiếm nhanh hơn.</p>\n<p>Các tính năng AI tích hợp mang đến khả năng truy cập dễ dàng vào các dịch vụ, tinh chỉnh phím tắt cho tất cả các mục yêu thích để giúp bạn nhanh chóng truy cập đến từng ứng dung của các nhà phát hành đình đám nhất. Bên cạnh tất cả những tính năng đó, bạn có Magic Tap, một thủ thuật mới thông minh kết nối điện thoại của bạn với Tivi.</p>\n<h3>Ra lệnh bằng giọng nói</h3>\n<p>LG ThinQ cho phép ra lệnh đơn giản và điều khiển hệ sinh thái Home IoT (thiết bị thông minh trong nhà) của bạn với khả năng nhận dạng giọng nói tự nhiên.</p>\n<p>Giá sản phẩm trên đây đã bao gồm thuế theo luật hiện hành. Bên cạnh đó, tuỳ vào loại sản phẩm, hình thức và địa chỉ giao hàng mà có thể phát sinh thêm chi phí khác như phí vận chuyển, phụ phí hàng cồng kềnh, thuế nhập khẩu (đối với đơn hàng giao từ nước ngoài có giá trị trên 1 triệu đồng).....</p></div>',_binary '','Smart Tivi NanoCell LG 4K 55 inch 55NANO86TPA',27900000.00,996,'smart-tivi-nanocell-lg-4k-55-inch-55nano86tpa.43f9be069fda4721bda7f1df54d8ab2b','PRODUCT_TRADING','2023-06-17 23:06:08.365000',38,24,1,4,354),(69,'2023-06-17 23:05:55.912000','<div class=\"ToggleContent__View-sc-1dbmfaw-0 wyACs\" style=\"\"><p>Thông Tin Chi Tiết</p>\n<p>Tổng công suất loa: 20W</p>\n<p>Số lượng loa: 2</p>\n<p>Công nghệ âm thanh: Dolby Digital Plus; Q-Symphony; Blutooth Audio</p>\n<p>Tivi kỹ thuật số (DVB-T2): DVB-T2 (*VN: DVB-T2C)</p>\n<p>Loại sản phẩm: LED</p>\n<p>Độ phân giải: UHD 4K (3840 x 2160)</p>\n<p>Kích thước màn hình: 50 inch</p>\n<p>Kích thước không chân/treo tường: 1116.8 x 644.2 x 59.9 mm</p>\n<p>Kích thước có chân/đặt bàn: 1116.8 x 719.1 x 250.2 mm</p>\n<p>USB: 1</p>\n<p>Khối lượng không chân: 11.4 kg</p>\n<p>Khối lượng có chân: 11.6 kg</p>\n<p>Âm Thanh</p>\n<p>Tổng Công Suất Loa: 20W</p>\n<p>Số Lượng Loa: 2</p>\n<p>Trình Duyệt Web: Có</p>\n<p>Screen Mirroring: Có</p>\n<p>Kết nối bàn phím, chuột:Có</p>\n<p>Tiện Ích</p>\n<p>Tiết Kiệm Điện: Có</p>\n<p>Ngôn Ngữ Hiển Thị: Đa Ngôn Ngữ</p>\n<p>Tivi kỹ thuật số (DVB-T2): Có (cần ăng-ten)</p>\n<p>Cổng Kết Nối</p>\n<p>HDMI: Có x3</p>\n<p>Audio Out: Có</p>\n<p>LAN: Có</p>\n<p>Kết Nối Wifi: Có</p>\n<p>2. Thông tin bảo hành:</p>\n<p>- Bộ sản phẩm bao gồm: Tivi, Chân đế, Adapter</p>\n<p>- Bảo hành 12 tháng&nbsp;</p>\n<p>- Trung tâm bảo hành:</p>\n<p>3. Công lắp đặt:</p>\n<p>- Chi phí vật tư: Nhân viên sẽ thông báo phí vật tư (ống đồng, dây điện ) khi khảo sát lắp đặt (Bảng kê xem tại ảnh 2). Khách hàng sẽ thanh toán trực tiếp cho nhân viên kỹ thuật sau khi việc lắp đặt hoàn thành - chi phí này sẽ không hoàn lại trong bất cứ trường hợp nào.</p>\n<p>- Đơn vị vận chuyển giao hàng cho bạn KHÔNG có nghiệp vụ lắp đặt sản phẩm.</p>\n<p>- Tìm hiểu thêm về Dịch vụ lắp đặt:</p>\n<p>- Quy định đổi trả: Chỉ đổi/trả sản phẩm, từ chối nhận hàng tại thời điểm nhận hàng trong trường hợp sản phẩm giao đến không còn nguyên vẹn, thiếu phụ kiện hoặc nhận được sai hàng. Khi sản phẩm đã được cắm điện sử dụng và/hoặc lắp đặt, và gặp lỗi kĩ thuật, sản phẩm sẽ được hưởng chế độ bảo hành theo đúng chính sách của nhà sản xuất.</p><p>Giá sản phẩm trên đây đã bao gồm thuế theo luật hiện hành. Bên cạnh đó, tuỳ vào loại sản phẩm, hình thức và địa chỉ giao hàng mà có thể phát sinh thêm chi phí khác như phí vận chuyển, phụ phí hàng cồng kềnh, thuế nhập khẩu (đối với đơn hàng giao từ nước ngoài có giá trị trên 1 triệu đồng).....</p></div>',_binary '','Smart Tivi Samsung Crystal UHD 4K 50 inch UA50AU7700KXXV - Hàng chính hãng - Giao toàn quốc',14990000.00,996,'smart-tivi-samsung-crystal-uhd-4k-50-inch-ua50au7700kxxv-hang-chinh-hang-giao-toan-quoc.520ef991ddf54e6c9256037ac0d95751','PRODUCT_TRADING','2023-06-17 23:06:10.669000',3,24,1,4,359),(70,'2023-06-17 23:05:55.960000','<div class=\"ToggleContent__View-sc-1dbmfaw-0 wyACs\" style=\"\">\n  <p>- Miễn phí lắp đặt</p>\n   <p>- Chỉ tính phí vật tư phát sinh</p>\n   <p>***</p>\n   <p>Thông số kỹ thuật:</p>\n   <p>TỔNG QUAN</p>\n   <p>- Kích thước màn hình: 43\"</p>\n   <p>- Độ phân giải: 4K (3840 x 2160 px)</p>\n   <p>CÔNG NGHỆ HÌNH ẢNH VÀ M THANH</p>\n   <p>- Chip xử lý: Crystal Processor 4K</p>\n   <p>- Công nghệ hình ảnh:</p>\n   <p>• Công nghệ HDR</p>\n   <p>• Hỗ trợ hiển thị hình ảnh chất lượng cao HDR 10+</p>\n   <p>• Dynamic Crystal Color</p>\n   <p>• UHD Dimming</p>\n   <p>• Contrast Enhancer</p>\n   <p>• Auto Motion Plus</p>\n   <p>• Motion Xlerator Turbo</p>\n   <p>• Dynamic Crystal Color</p>\n   <p>- Tần số quét: 60Hz</p>\n   <p>- Chỉ số chuyển động: 100</p>\n   <p>- Công nghệ âm thanh:</p>\n   <p>• Dolby Digital Plus</p>\n   <p>• Q-Symphony Lite</p>\n   <p>• Adaptive Sound</p>\n   <p>CỔNG KẾT NỐI</p>\n   <p>- Bluetooth: Có, Bluetooth 4.2</p>\n   <p>- Wifi: Có, Wifi 5G</p>\n   <p>- Internet: Có</p>\n   <p>- LAN: Có</p>\n   <p>- Cổng HDMI: 3 cổng</p>\n   <p>- Cổng AV: 1 cổng</p>\n   <p>- Cổng RF In: Không</p>\n   <p>- Cổng âm thanh: eARC, Digital Audio Out</p>\n   <p>- USB: 2 cổng</p>\n   <p>- Tích hợp đầu thu kỹ thuật số: Analog/ DVB-T2</p>\n   <p>MÔ TẢ SẢN PHẨM</p>\n   <p>Thiết kế thanh mảnh</p>\n   <p>Màu sắc hiển thị rực rỡ</p>\n   <p>• Công nghệ Crystal Display có tác dụng tối ưu hóa màu sắc hiển thị, giúp cho từng khung hình đều được hiển thị trên dải màu rộng, từ đó mang lại cho bạn những trải nghiệm giải trí sống động đến bất ngờ.\\</p>\n   <p>Độ phân giải 4K</p>\n   <p>• Samsung Crystal UHD 4K 43 inch UA43AU8000KXXV có độ phân giải hình ảnh ở mức UHD 4K, với số lượng điểm ảnh cao gấp 4 lần so với các tivi có độ phân giải FullHD, cho phép bạn thưởng thức được những khung hình có độ chi tiết cao hơn, rõ nét hơn.</p>\n   <p>Tăng cường độ sáng</p>\n   <p>Nhờ vào công nghệ HDR cùng với sự hỗ trợ đắc lực của HDR10+, dải màu sắc và độ sáng của hình ảnh sẽ được cải thiện rõ rệt, giúp bạn quan sát rõ cả những khung hình có độ sáng thấp.</p>\n   <p>Hiển thị mượt mà mọi chuyển động với màn hình tần số quét cao</p>\n   <p>• Khi thể hiện những cảnh hành động, khung hình sẽ thay đổi liên tục và dễ dẫn đến hiện tượng \"bóng ma\" trên màn hình. Công nghệ Motion Xcelerator Turbo trên Samsung Crystal UHD 4K 43 inch UA43AU8000KXXV sẽ tự động bổ sung thêm khung hình để nội dung được hiển thị rõ nét và mượt mà hơn.</p>\n   <p>Điều khiển bằng giọng nói:</p>\n   <p>• Samsung UA43AU8000KXXV tích hợp trợ lý ảo Bixby và Google Assistant, cho phép bạn dễ dàng mở các chức năng của tivi, cũng như tìm kiếm các nội dung yêu thích trên internet.</p>\n   <p>KÍCH THƯỚC VÀ TRỌNG LƯỢNG</p>\n   <p>- Kích thước có chân đế (Rộng x Cao x Sâu): 965.5 x 599.8 x 205.6 mm</p>\n   <p>- Kích thước không chân đế (Rộng x Cao x Sâu): 965.5 x 559.8 x 25.7 mm</p>\n   <p>- Kích thước nguyên thùng (Rộng x Cao x Sâu): 1093 x 677 x 129 mm</p>\n   <p>- Trọng lượng có chân đế: 8.9 kg</p>\n   <p>- Trọng lượng không chân đế: 8.4 kg</p>\n   <p>- Trọng lượng nguyên thùng: 12.1 kg</p>\n   <p>BẢO HÀNH VÀ XUẤT XỨ</p>\n   <p>- Bảo hành: 24 tháng</p>\n   <p>- Hãng Sản Xuất: SAMSUNG</p>\n   <p>- Năm Sản Xuất: 2021</p>\n  <p>Giá sản phẩm trên đây đã bao gồm thuế theo luật hiện hành. Bên cạnh đó, tuỳ vào loại sản phẩm, hình thức và địa chỉ giao hàng mà có thể phát sinh thêm chi phí khác như phí vận chuyển, phụ phí hàng cồng kềnh, thuế nhập khẩu (đối với đơn hàng giao từ nước ngoài có giá trị trên 1 triệu đồng).....</p></div>',_binary '','Smart Tivi Samsung Crystal UHD 4K 43 Inch UA43AU8000KXXV - Hàng Chính Hãng',16642000.00,996,'smart-tivi-samsung-crystal-uhd-4k-43-inch-ua43au8000kxxv-hang-chinh-hang.f814c0b5d42b44f39cde4bd010cdd4cb','PRODUCT_TRADING','2023-06-17 23:06:22.474000',3,24,1,6,367),(71,'2023-06-17 23:05:56.005000','<div class=\"ToggleContent__View-sc-1dbmfaw-0 wyACs\" style=\"\">\n  <p>Đặc điểm nổi bật:</p>\n   <p>Màn hình Airslim UHD 4K hiển thị hình ảnh sắc nét gấp 4 lần Full HD</p>\n   <p>Công nghệ Crystal 4K tối ưu hóa nâng cấp độ chi tiết của từng gam màu</p>\n   <p>Cảm nhận chi tiết và sắc thái hoàn mỹ được hỗ trợ công nghệ HDR10+</p>\n   <p>Công nghệ UHD Dimming tăng cường độ chi tiết hiển thị của hình ảnh</p>\n   <p>Trải nghiệm hình ảnh mượt mà nhờ công nghệ Motion Xcelerator</p>\n   <p>Hiển thị chính xác một tỷ sắc màu với công nghệ Dynamic Crystal Color</p>\n   <p>Tivi tích hợp Google Assistant Tiếng Việt, kết nối Apple TV và AirPlay 2</p>\n   <p>Thiết kế thanh mảnh</p>\n   <p>Màu sắc hiển thị rực rỡ</p>\n   <p>Công nghệ Crystal Display có tác dụng tối ưu hóa màu sắc hiển thị, giúp cho từng khung hình đều được hiển thị trên dải màu rộng, từ đó mang lại cho bạn những trải nghiệm giải trí sống động đến bất ngờ.</p>\n   <p>Độ phân giải 4K</p>\n   <p>Samsung Crystal UHD 4K 65 inch UA65AU8000KXXV có độ phân giải hình ảnh ở mức UHD 4K, với số lượng điểm ảnh cao gấp 4 lần so với các tivi có độ phân giải FullHD, cho phép bạn thưởng thức được những khung hình có độ chi tiết cao hơn, rõ nét hơn.</p>\n   <p>Tăng cường độ sáng</p>\n   <p>Nhờ vào công nghệ HDR cùng với sự hỗ trợ đắc lực của HDR10+, dải màu sắc và độ sáng của hình ảnh sẽ được cải thiện rõ rệt, giúp bạn quan sát rõ cả những khung hình có độ sáng thấp.</p>\n   <p>Hiển thị mượt mà mọi chuyển động với màn hình tần số quét cao</p>\n   <p>Khi thể hiện những cảnh hành động, khung hình sẽ thay đổi liên tục và dễ dẫn đến hiện tượng \"bóng ma\" trên màn hình. Công nghệ Motion Xcelerator Turbo trên Samsung Crystal UHD 4K 65 inch UA65AU8000KXXV sẽ tự động bổ sung thêm khung hình để nội dung được hiển thị rõ nét và mượt mà hơn.</p>\n   <p>Bộ đôi hoàn hảo với loa thanh Samsung</p>\n   <p>Nếu đang sở hữu một chiếc loa thanh Samsung, tivi UA65AU8000KXXV sẽ trở thành 1 bộ đôi hoàn hảo nhờ vào sự hòa quyện của loa trước, loa hai bên và bộ loa đánh trần để tạo nên một không gian giải trí mang tính đỉnh cao, như thể bạn bạn cả rạp hát vào tận nhà của mình.</p>\n   <p>Ngoài ra, công nghệ Adaptive Sound sẽ giúp tự điều chỉnh âm thanh sao cho phù hợp với từng hoàn cảnh cụ thể, như tin tức, âm nhạc, phim ảnh, </p>\n   <p>Điều khiển bằng giọng nói</p>\n   <p>Samsung UA65AU8000KXXV tích hợp trợ lý ảo Bixby và Google Assistant, cho phép bạn dễ dàng mở các chức năng của tivi, cũng như tìm kiếm các nội dung yêu thích trên internet.</p>\n   <p>------------------------------------------</p>\n  <p>Giá sản phẩm trên đây đã bao gồm thuế theo luật hiện hành. Bên cạnh đó, tuỳ vào loại sản phẩm, hình thức và địa chỉ giao hàng mà có thể phát sinh thêm chi phí khác như phí vận chuyển, phụ phí hàng cồng kềnh, thuế nhập khẩu (đối với đơn hàng giao từ nước ngoài có giá trị trên 1 triệu đồng).....</p></div>',_binary '','Tivi SAMSUNG UA65AU8000KXXV Smart Tv UHD 4K Tv Android 65 Inch Điều Khiển Bằng Giọng Nói - Hàng Chính Hãng',19940000.00,993,'tivi-samsung-ua65au8000kxxv-smart-tv-uhd-4k-tv-android-65-inch-dieu-khien-bang-giong-noi-hang-chinh-hang.e2569acf582745099410cffa55002efc','PRODUCT_TRADING','2023-06-17 23:06:16.760000',3,24,1,1,372),(72,'2023-06-17 23:05:56.058000','<div class=\"ToggleContent__View-sc-1dbmfaw-0 wyACs\" style=\"\">\n<h3>Cảm giác thật với màu sắc và độ tương phản đẹp</h3>\n<p><strong>Google Tivi Sony 4K 55 inch KD-55X75K</strong> với bộ xử lý mạnh mẽ của chúng tôi trên TV Sony BRAVIA 4K này sử dụng các thuật toán nâng cao để giảm nhiễu và tăng độ chi tiết. Với tín hiệu 4K rõ ràng hơn nữa, mọi thứ bạn xem đều gần hơn với chất lượng 4K, đầy đủ màu sắc và độ tương phản sống động như thật.</p>\n<h3>Độ phân giải 4K siêu cao cho mọi nội dung bạn xem</h3>\n<p>Xem hình ảnh 4K tuyệt đẹp, phong phú với chi tiết và kết cấu thế giới thực, được cung cấp độc quyền bởi Bộ xử lý 4K X1 của chúng tôi. Hình ảnh quay ở độ phân giải 2K và thậm chí là HD được nâng cấp lên gần mức chi tiết 4K bằng 4K X-Reality PRO bằng cách sử dụng cơ sở dữ liệu 4K độc đáo.</p>\n<h3>Âm thanh tinh khiết, tự nhiên mà không bị ảnh hưởng</h3>\n<p>Công nghệ Clear Phase phân tích phản hồi của loa vật lý và so sánh nó với tín hiệu âm thanh gốc trên nhiều dải tần. Dữ liệu này được sử dụng để loại bỏ bất kỳ đỉnh hoặc giảm nào trong phản ứng tự nhiên của loa để mang lại âm thanh thuần khiết, tự nhiên với khả năng tái tạo đồng đều, mượt mà ở tất cả các tần số.</p>\n<h3>Bạn muốn xem gì, hãy nói để tìm kiếm</h3>\n<p>Tìm kiếm bằng giọng nói để nhanh chóng tìm nội dung hấp dẫn. Bạn có thể xem chương trình hoặc phim khi gọi tên hoặc dùng lệnh tìm kiếm bằng giọng nói như “tìm phim hành động”. Nhấn vào nút thoại trên điều khiển từ xa để bắt đầu.</p>\n<h3>Sẵn sàng hoạt động trong những điều kiện khắc nghiệt nhất</h3>\n<p>Ti-vi Sony vô cùng bền bỉ khi được chế tạo bằng công nghệ X-Protection PRO mới có nhiều cải tiến. Không chỉ được trang bị khả năng chống bụi và chống ẩm vượt trội, những ti-vi này còn đạt tiêu chuẩn cao nhất trong các bài kiểm tra chống sét của Sony, nghĩa là TV của bạn được bảo vệ khi sét đánh và điện áp tăng vọt. Hãy tiếp tục thưởng thức nội dung giải trí liền mạch với một chiếc TV bền bỉ hơn với thời gian.</p>\n<h3>Tiết kiệm năng lượng, thân thiện với môi trường</h3>\n<p>TV BRAVIA XR của chúng tôi không chỉ được thiết kế cho trải nghiệm xem đắm chìm mà còn lưu ý đến môi trường. Chúng tôi cam kết bảo vệ môi trường trong quá trình sản xuất TV của mình. Chế độ Tắt hiển thị giúp tiết kiệm năng lượng bằng cách tắt hiển thị hình ảnh mà không đặt TV ở chế độ chờ hoàn toàn khi chỉ nghe âm thanh.</p>\n<p>Giá sản phẩm trên đây đã bao gồm thuế theo luật hiện hành. Bên cạnh đó, tuỳ vào loại sản phẩm, hình thức và địa chỉ giao hàng mà có thể phát sinh thêm chi phí khác như phí vận chuyển, phụ phí hàng cồng kềnh, thuế nhập khẩu (đối với đơn hàng giao từ nước ngoài có giá trị trên 1 triệu đồng).....</p></div>',_binary '','Google Tivi Sony 4K 55 inch KD-55X75K - Model 2025',15900000.00,993,'google-tivi-sony-4k-55-inch-kd-55x75k-model-2025.288fd3956e8943a49c3f7b40d1d4d0aa','PRODUCT_TRADING','2023-06-17 23:06:10.670000',28,24,1,1,381),(73,'2023-06-17 23:05:56.200000','<div class=\"ToggleContent__View-sc-1dbmfaw-0 wyACs\" style=\"\"><h3>Công Nghệ Dynamic Crystal Color Chân Thực Sắc Màu Với Trạng Thái Tinh Khiết Của Tinh Thể Mịn</h3>\n<p><strong>Smart Tivi Crystal Samsung 4K 55 inch UA55AU8000 Mới 2021</strong> - Thưởng thức những khung hình chân thực với tỷ sắc màu sống động. Công nghệ Dynamic Crystal Color truyền tải tinh tế từng biến chuyển sắc màu, cho bạn thưởng thức mọi thay đổi dù là nhỏ nhất.</p>\n<h3>Bộ Xử Lý Crystal 4K Cảm Nhận Sắc Màu Cuộc Sống Với 4K Quyền Năng</h3>\n<p>Nâng cấp mọi nội dung yêu thích lên chuẩn 4K ấn tượng. Bạn thoả sức chiêm ngưỡng những sắc thái màu nguyên bản, thật như cuộc sống với công nghệ ánh xạ màu tiên tiến.</p>\n<h3>Công Nghệ Motion Xcelerator Rõ Khung Hình, Mượt Chuyển Động</h3>\n<p>Trong các phân cảnh đua xe hoặc rượt đuổi, các khung hình thay đổi liên tục dễ dẫn đến hiện tượng \"bóng ma\" trên màn hình. Công nghệ Motion Xcelerator sẽ tự động bổ sung thêm khung hình để nội dung rõ nét và mượt mà hơn.</p>\n<h3>Chất Lượng Hình Ảnh Chân Thực Với Độ Phân Giải UHD 4K</h3>\n<p>Sở hữu gấp 4 lần điểm ảnh so với TV FHD thông thường, TV UHD 4K mang đến khung hình sắc nét và sống động, cho bạn thưởng thức từng chi tiết dù là nhỏ nhất.</p>\n<h3>Công Nghệ HDR Hoàn Hảo Trong Từng Khung Hình Sáng Và Tối</h3>\n<p>Công nghệ HDR cải thiện độ sáng hiển thị, cung cấp dải màu sắc lớn và những chi tiết sắc nét ngay cả trong khung hình tối sâu thẳm.</p>\n<h3>Công Nghệ Q-Symphony Bộ Đôi Hoàn Hảo TV &amp; Loa Thanh</h3>\n<p>Thăng hoa cùng những thanh âm tuyệt vời, được đồng bộ liền mạch giữa loa thanh Samsung và TV. Công nghệ Q-Symphony tận dụng loa TV và loa thanh, kiến tạo không gian giải trí đỉnh cao, bao trùm mọi giác quan.</p>\n<h3>Thiết Kế AirSlim Tuyệt Tác Thiết Kế Thanh Mảnh</h3>\n<p>Chiêm ngưỡng thiết kế TV Crystal UHD với độ mỏng ấn tượng chưa từng có, dễ dàng kết hợp với mọi không gian tạo nên tổng thể liền mạch thu hút mọi ánh nhìn.</p>\n<h3>Tính Năng Multiple Voice Assistants Chọn Ngay Trợ Lý Giọng Nói Của Riêng Bạn</h3>\n<p>Lần đầu tiên, Samsung TV tích hợp cả 3 trợ lý giọng nói: Bixby, Amazon Alexa và Google Assistant. Cho bạn thoải mái lựa chọn trợ lý yêu thích, cung cấp trải nghiệm giải trí tối ưu và khả năng điều khiển liền mạch ngôi nhà thông minh của bạn.</p>\n<h3>Từ Máy Tính Đến TV Học &amp; Làm Ngay Tại Gia</h3>\n<p>Tận hưởng tiện ích kết nối vượt trội từ Smart TV. Cho bạn dễ dàng truy cập vào máy tính, laptop và thiết bị di động ngay trên TV.</p>\n<p>Giá sản phẩm trên đây đã bao gồm thuế theo luật hiện hành. Bên cạnh đó, tuỳ vào loại sản phẩm, hình thức và địa chỉ giao hàng mà có thể phát sinh thêm chi phí khác như phí vận chuyển, phụ phí hàng cồng kềnh, thuế nhập khẩu (đối với đơn hàng giao từ nước ngoài có giá trị trên 1 triệu đồng).....</p></div>',_binary '','Smart Tivi Crystal Samsung 4K 55 inch UA55AU8000',13320000.00,997,'smart-tivi-crystal-samsung-4k-55-inch-ua55au8000.4982349939a440a6ac7af0cd8c3153c0','PRODUCT_TRADING','2023-06-17 23:06:09.768000',3,24,1,2,391),(74,'2023-06-17 23:05:56.322000','<div class=\"ToggleContent__View-sc-1dbmfaw-0 wyACs\" style=\"\"><h3>Niềm vui từ mọi góc độ</h3>\n<p><strong>Máy chiếu công nghệ bỏ túi Smart Tivi Samsung The Freestyle SP-LSP3</strong> thiết kế gọn nhẹ, mạnh mẽ và tối giản bất ngờ.</p>\n<h3>Chọn góc chiếu bạn muốn -&nbsp;Khả năng điều chỉnh linh hoạt 180˚</h3>\n<p>Đắm chìm vào nội dung yêu thích. Dù di chuyển góc chiếu từ tường lên trần nhà, tất cả đều dễ dàng chỉ cần xoay và dịch chuyển.</p>\n<h3>Thiết kế gọn nhẹ - Nằm gọn trong tay</h3>\n<p>Gặp gỡ máy chiếu The Freestyle. Mọi điều bạn muốn đều hội tụ trong chiếc máy chiếu nhỏ gọn, tiện lợi.</p>\n<h3>Sẵn sàng cho mọi hành trình -&nbsp;Thoải mái di chuyển</h3>\n<p>Gọn nhẹ. Dễ mang. Hãy để máy chiếu The Freestyle đồng hành cùng bạn trên mọi chuyến đi để tận hưởng mọi nội dung trên màn hình lớn.</p>\n<h3>Kết nối dễ dàng với Pin sạc dự phòng -&nbsp;Cáp nguồn USB Type-C</h3>\n<p>Kết nối máy chiếu The Freestyle với Pin sạc dự phòng bằng cáp USB-C để sử dụng di động dễ dàng. Máy chiếu The Freestyle tương thích với pin dự phòng có tính năng USB-PD và đầu ra 50W/20V trở lên.</p>\n<h3>Tự điều chỉnh hình ảnh như một phép màu -&nbsp;Tính năng Auto Keystone</h3>\n<p>Với khả năng tự động điều chỉnh hình ảnh bị méo, máy chiếu The Freestyle mang tới chất lượng hình ảnh đỉnh cao, chuẩn điện ảnh. Tất cả bạn cần chỉ là bật máy lên và thưởng thức.</p>\n<h3>Tự động điều chỉnh cho hình ảnh sắc nét -&nbsp;Tính năng Auto Focus</h3>\n<p>Tự động điều chỉnh độ nét chỉ trong vài giây, máy chiếu The Freestyle mang đến chất lượng hình ảnh sắc nét, tái hiện nội dung đầy đủ nhất.</p>\n<h3>Mặt chiếu gồ ghề không thành vấn đề -&nbsp;Tự động san lấp bề mặt chiếu giúp hình ảnh bằng phẳng hơn</h3>\n<p>Tính năng Tự động san bằng đảm bảo tái hiện hình ảnh luôn bằng phẳng trên mọi bề mặt — dù bạn trình chiếu trên bãi cắm trại đầy đá, giường mềm hay bất kỳ nơi nào.</p>\n<h3>Màn hình ma thuật, kích thước tới 100 inch -&nbsp;Vùng chiếu từ 30 đến 100 inch</h3>\n<p>Trái ngược với kích thước nhỏ gọn, máy chiếu The Freestyle có thể trình chiếu hình ảnh với kích thước vùng chiếu lớn từ 30 đến 100 inch, tạo nên một rạp chiếu phim di động ở bất kể nơi đâu.</p>\n<h3>Xem ở vị trí thoải mái nhất -&nbsp;Tăng kích thước và thay đổi vị trí dễ dàng</h3>\n<p>Dễ dàng điều chỉnh kích thước màn hình chiếu mà không cần phải di chuyển máy. Khả năng thu nhỏ khung hình xuống 50% và di chuyển theo 4 chiều giúp bạn có được vị trí xem hoàn hảo nhất.</p>\n<h3>Tái hiện màu sắc chân thực -&nbsp;Điều chỉnh màu sắc thông minh</h3>\n<p>Bạn không có tường hay tấm chiếu màu trắng? Với khả năng tối ưu hóa hình chiếu dựa trên màu tường, máy chiếu The Freestyle đảm bảo chất lượng hình ảnh trọn vẹn và nâng cao trải nghiệm xem của bạn.</p>\n<h3>Âm thanh 360˚đa hướng -&nbsp;Loa 360 độ (5W)</h3>\n<p>Loa tích hợp mạnh mẽ của máy chiếu The Freestyle mang đến âm thanh 360 độ phong phú, cho trải nghiệm âm thanh sống động từ bất cứ đâu.</p>\n<h3>Tận hưởng từng khoảnh khắc với chất lượng hình ảnh rực rỡ</h3>\n<p>Tương thích 1080p Full HD / PurColor / HDR. Đắm mình trong độ phân giải full HD và màu sắc sống động như bạn đang ở ngay trong khung cảnh.</p>\n<h3>Truy cập nội dung yêu thích với cách thức thông minh nhất với Smart TV từ Tizen</h3>\n<p>Bạn có cả thế giới nội dung với các ứng dụng OTT được chứng nhận cũng như các dịch vụ của riêng Samsung ở trong tay, mọi lúc, mọi nơi.</p>\n<h3>Điều khiển bằng giọng nói trực quan -&nbsp;Hỗ trợ nhiều Trợ lý Giọng nói</h3>\n<p>Tích hợp Samsung Bixby và Amazon Alexa, máy chiếu The Freestyle nhận mọi hiệu lệnh của bạn qua giọng nói nhanh chóng, dễ dàng.</p>\n<h3>Phản chiếu nội dung di động trên màn hình lớn</h3>\n<p>Dễ dàng truyền phát nội dung trực tiếp từ điện thoại của bạn lên máy chiếu với ứng dụng SmartThings cho Android và iOS hoặc AirPlay 2 với thiết bị Apple.</p>\n<h3>Phản chiếu chỉ với 1 chạm - Tính năng Tap View</h3>\n<p>Chỉ cần chạm điện thoại thông minh vào máy chiếu The Freestyle, nội dung trên điện thoại sẽ được phản chiếu ngay tức thì.</p>\n<h3>Kết nối và xem TV từ bất kỳ phòng nào</h3>\n<p>Với tính năng Samsung TV Access, cho dù màn hình TV của bạn đang bật hay tắt. Bạn vẫn có thể phản chiếu, điều khiển và xem TV qua máy chiếu The Freestyle.</p>\n<h3>Nội dung nhúng đa dạng cho bầu không khí hoàn hảo</h3>\n<p>Chế độ môi trường xung quanh. Biến không gian của bạn thành bất cứ nơi nào bạn muốn. Chọn cài đặt từ ánh sáng, lăng kính và cảnh hoặc một trong những bức ảnh của riêng bạn để tạo nên không gian bạn muốn — khả năng là vô tận.</p>\n<h3>Phụ kiện tương thích với máy chiếu The Freestyle</h3>\n<p>Phụ kiện máy chiếu The Freestyle. Trải nghiệm máy chiếu The Freestyle theo cách mới với những phụ kiện độc quyền.</p>\n<p>Giá sản phẩm trên đây đã bao gồm thuế theo luật hiện hành. Bên cạnh đó, tuỳ vào loại sản phẩm, hình thức và địa chỉ giao hàng mà có thể phát sinh thêm chi phí khác như phí vận chuyển, phụ phí hàng cồng kềnh, thuế nhập khẩu (đối với đơn hàng giao từ nước ngoài có giá trị trên 1 triệu đồng).....</p></div>',_binary '','Máy chiếu Smart TV Samsung 100 inch bỏ túi The Freestyle - SP-LSP3BLAXXV',24900000.00,1000,'may-chieu-smart-tv-samsung-100-inch-bo-tui-the-freestyle-sp-lsp3blaxxv.2b34fb8d24a24cf2a660ddb318e524a1','PRODUCT_TRADING','2023-06-17 23:05:56.322000',3,21,1,4,403),(75,'2023-06-17 23:05:56.372000','<div class=\"ToggleContent__View-sc-1dbmfaw-0 wyACs\" style=\"\"><p><strong><em>Google Tivi Sony 2K 32 inch KD-32W830K&nbsp;trang bị các công nghệ xử lý hình ảnh, âm thanh hiện đại như nâng cấp hình ảnh X-Reality PRO, chuyển động mượt Motionflow XR 200, Dolby Atmos, DTS Digital Surround, đặc biệt hệ điều hành Google TV đáp ứng đa dạng nhu cầu giải trí của người sử dụng.</em></strong></p>\n<h3>Thiết kế</h3>\n<p>-&nbsp;Google Tivi Sony&nbsp;sở hữu&nbsp;<strong>thiết kế màn hình phẳng, viền đen mềm mại</strong>. Chiếc&nbsp;tivi Sony&nbsp;có&nbsp;<strong>kích thước màn hình 32 inch</strong>&nbsp;tivi được nâng đỡ chắc chắn trên chân đế chữ V úp ngược bằng nhựa.</p>\n<p>-&nbsp;Google tivi 2K&nbsp;là sự chọn phù hợp cho các không gian phòng khách, phòng ngủ nhỏ, đặc biệt phù hợp với không gian phòng khách sạn, nhà nghỉ,</p>\n<p><em>*Hình ảnh chỉ mang tính minh hoạ sản phẩm</em></p>\n<h3>Công nghệ hình ảnh</h3>\n<p>-&nbsp;Google tivi&nbsp;sở hữu&nbsp;<strong>độ phân giải 2K</strong>&nbsp;với hơn 2 triệu điểm ảnh.</p>\n<p>-&nbsp;<strong>X-Reality PRO</strong>&nbsp;giúp nâng cao chất lượng hiển thị của hình ảnh và video sắc nét hơn, giảm nhiễu, cải thiện độ tương phản các sắc đậm nhạt trong mỗi khung hình.</p>\n<p>-&nbsp;<strong>Công nghệ tăng cường màu sắc Live Colour</strong>&nbsp;tái hiện từng khung hình tự nhiên, màu sắc tươi mới&nbsp;mang đến trải nghiệm hình ảnh chân thực và sống động.</p>\n<p>-&nbsp;<strong>Chuyển động mượt Motionflow XR 200</strong>&nbsp;công nghệ chèn khung nền đen giúp hình ảnh chuyển động hiển thị mượt mà, sắc nét.</p>\n<p><em>*Hình ảnh chỉ mang tính minh hoạ sản phẩm</em></p>\n<h3>Công nghệ âm thanh</h3>\n<p>-&nbsp;<strong>Dolby Atmos,&nbsp;S-Force Front Surround</strong>&nbsp;giả lập hiệu ứng âm thanh vòm sống động.</p>\n<p>-&nbsp;<strong>Loa X-Balance</strong><strong>d&nbsp;</strong>chất lượng âm thanh cao và áp suất âm thanh mạnh mẽ, đem đến trải nghiệm nghe nhạc phong phú, đắm chìm và thỏa mãn hơn.</p>\n<p><em>*Hình ảnh chỉ mang tính minh hoạ sản phẩm</em></p>\n<h3>Tiện ích</h3>\n<p>-&nbsp;<strong>Điều khiển, tìm kiếm giọng nói tiếng Việt</strong>&nbsp;trên tivi với remote tích hợp micro (RMF-TX520P) cùng trợ lý Google Asistant.</p>\n<p>- Chiếu màn hình điện thoại lên tivi thông qua&nbsp;<strong>ứng dụng&nbsp;Chromecast.</strong></p>\n<p><em>Nhìn chung,&nbsp;Google Tivi Sony 2K 32 inch KD-32W830K là mẫu Google tivi có kích thước màn hình nhỏ gọn được trang bị các công nghệ xử lý hình ảnh, âm thanh hiện đại mang lại trải nghiệm nghe nhìn tốt.</em></p><p>Giá sản phẩm trên đây đã bao gồm thuế theo luật hiện hành. Bên cạnh đó, tuỳ vào loại sản phẩm, hình thức và địa chỉ giao hàng mà có thể phát sinh thêm chi phí khác như phí vận chuyển, phụ phí hàng cồng kềnh, thuế nhập khẩu (đối với đơn hàng giao từ nước ngoài có giá trị trên 1 triệu đồng).....</p></div>',_binary '','Google Tivi Sony 2K 32 inch KD-32W830K - Model 2025',8900000.00,1000,'google-tivi-sony-2k-32-inch-kd-32w830k-model-2025.40a046d94a9e4db4a01bdac5f83e494a','PRODUCT_TRADING','2023-06-17 23:05:56.372000',28,24,1,2,414),(76,'2023-06-17 23:05:56.437000','<div class=\"ToggleContent__View-sc-1dbmfaw-0 wyACs\" style=\"\"><h3>Trải Nghiệm Nội Dung 4K Hoàn Mỹ Trên Thế Hệ Smart TV Mới</h3>\n<h3>PurColor Tái Hiện Sắc Màu Cuộc Sống, Rực Rỡ Và Sống Động Hơn</h3>\n<p><strong>Smart Tivi Samsung 4K 50 inch UA50AU7700 Mới 2021</strong> - Choáng ngợp trước dải màu sắc hiển thị rộng lớn và rực rỡ từ công nghệ PurColor. Đắm chìm trong từng khung hình sống động và chân thực như bước ra từ cuộc sống.</p>\n<h3>Bộ Xử Lý Crystal 4K Cảm Nhận Màu Sắc Chân Thực Trong Khung Hình 4K Sống Động</h3>\n<p>Nâng cấp mọi nội dung bạn yêu thích lên chuẩn 4K ấn tượng. Chiêm ngưỡng sắc màu hiển thị sống động và chân thực với công nghệ Color Mapping tiên tiến.</p>\n<h3>Công Nghệ Motion Xcelerator Rõ Khung Hình, Mượt Chuyển Động</h3>\n<p>Trong các phân cảnh đua xe hoặc rượt đuổi, các khung hình thay đổi liên tục dễ dẫn đến hiện tượng \"bóng ma\" trên màn hình. Công nghệ Motion Xcelerator sẽ tự động bổ sung thêm khung hình để nội dung rõ nét và mượt mà hơn.</p>\n<h3>Chất Lượng Hình Ảnh Chân Thực Với Độ Phân Giải 4K</h3>\n<p>Sở hữu gấp 4 lần điểm ảnh so với TV FHD thông thường, Smart TV UHD 4K mang đến khung hình sắc nét và sống động, cho bạn trải nghiệm xem chân thật nhất.</p>\n<h3>Công Nghệ HDR Hoàn Hảo Trong Từng Khung Hình Sáng Và Tối</h3>\n<p>Cải thiện độ sáng TV vượt trội với công nghệ HDR đỉnh cao. Cung cấp dải màu sắc lớn và hiển thị chi tiết, sắc nét hình ảnh ngay cả trong khung hình tối sâu thẳm.</p>\n<h3>Công Nghệ Q-Symphony Bộ Đôi Hoàn Hảo TV &amp; Soundbar</h3>\n<p>Thăng hoa cùng những thanh âm tuyệt vời, được đồng bộ liền mạch giữa loa thanh Samsung và TV. Công nghệ Q-Symphony tận dụng loa TV và loa thanh, kiến tạo không gian giải trí đỉnh cao, bao trùm mọi giác quan.</p>\n<h3>Thiết Kế 3 Cạnh Không Viền&nbsp;Tuyệt Tác Thiết Kế Ấn Tượng</h3>\n<p>Với ngôn ngữ thiết kế theo phong cách tinh giản, Smart TV UHD 4K như một bức tranh thuần khiết không viền mang đến cho bạn trải nghiệm xem hoàn hảo và đậm chất điện ảnh.</p>\n<h3>Giải Pháp Giấu Dây Tiện Lợi Gọn Gàng Không Gian Bài Trí</h3>\n<p>Mang đến vẻ đẹp liền mạch cho TV với giải pháp giấu dây tiện lợi, giữ cho dây cáp luôn gọn gàng và nâng tầm thẩm mỹ cho không gian xung quanh.</p>\n<h3>Từ Máy Tính Đến TV Học &amp; Làm Ngay Tại Gia</h3>\n<p>Tận hưởng tiện ích kết nối vượt trội từ Smart TV UHD 4K. Cho bạn dễ dàng truy cập vào máy tính, laptop và thiết bị di động ngay trên TV.</p>\n<p>*Kết nối từ xa với máy tính chỉ hỗ trợ từ hệ điều hành Windows 10 Professional và từ Mac OS 10.5. *Kết nối điện thoại thông minh với Samsung DeX yêu cầu thiết bị di động tương thích. *Tính khả dụng của dịch vụ có thể thay đổi mà không cần thông báo trước. *Yêu cầu kết nối Internet trên TV và máy tính.</p>\n<h3>Tính Năng Tap View Kết Nối Chỉ Với Một Chạm</h3>\n<p>Chạm nhẹ vào cạnh TV để gửi tín hiệu và phát nhanh chóng mọi nội dung từ điện thoại lên TV. Thỏa sức thưởng thức những bản nhạc say đắm hay tận hưởng các bộ phim yêu thích với khả năng kết nối liền mạch giữa hai thiết bị.</p>\n<p>Giá sản phẩm trên đây đã bao gồm thuế theo luật hiện hành. Bên cạnh đó, tuỳ vào loại sản phẩm, hình thức và địa chỉ giao hàng mà có thể phát sinh thêm chi phí khác như phí vận chuyển, phụ phí hàng cồng kềnh, thuế nhập khẩu (đối với đơn hàng giao từ nước ngoài có giá trị trên 1 triệu đồng).....</p></div>',_binary '','Smart Tivi Samsung 4K 50 inch UA50AU7700',17900000.00,996,'smart-tivi-samsung-4k-50-inch-ua50au7700.b83494962c514c01b0a7050c8391217b','PRODUCT_TRADING','2023-06-17 23:06:22.472000',3,24,1,3,426),(77,'2023-06-17 23:05:56.477000','<div class=\\\"ToggleContent__View-sc-1dbmfaw-0 wyACs\\\" style=\\\"\\\">\\n\" +\n                \"<p>Giá sản phẩm trên đây đã bao gồm thuế theo luật hiện hành. Bên cạnh đó, tuỳ vào loại sản phẩm, hình thức và địa chỉ giao hàng mà có thể phát sinh thêm chi phí khác như phí vận chuyển, phụ phí hàng cồng kềnh, thuế nhập khẩu (đối với đơn hàng giao từ nước ngoài có giá trị trên 1 triệu đồng).....</p></div>',_binary '','Smart TV TCL Android 8.0 40 inch Full HD .wifi - 40L61 - HDR Dolby, Chromecast, T-cast, AI+IN., Màn hình tràn viền',7490000.00,999,'smart-tv-tcl-android-80-40-inch-full-hd-wifi-40l61-hdr-dolby-chromecast-t-cast-aiin-man-hinh-tran-vien.8c12021d07974411ab403b2c84e5c018','PRODUCT_TRADING','2023-06-17 23:06:02.327000',67,24,1,7,437),(78,'2023-06-17 23:05:56.609000','<div class=\"ToggleContent__View-sc-1dbmfaw-0 wyACs\" style=\"overflow: hidden; height: 500px;\"><h3>Công Nghệ Dynamic Crystal Color Chân Thực Sắc Màu Với Trạng Thái Tinh Khiết Của Tinh Thể Mịn</h3>\n<p>Smart Tivi Crystal Samsung 4K 43 inch UA43AU8000 - Thưởng thức những khung hình chân thực với tỷ sắc màu sống động. Công nghệ Dynamic Crystal Color truyền tải tinh tế từng biến chuyển sắc màu, cho bạn thưởng thức mọi thay đổi dù là nhỏ nhất.</p>\n<h3>Bộ Xử Lý Crystal 4K Cảm Nhận Sắc Màu Cuộc Sống Với 4K Quyền Năng</h3>\n<p>Nâng cấp mọi nội dung yêu thích lên chuẩn 4K ấn tượng. Bạn thoả sức chiêm ngưỡng những sắc thái màu nguyên bản, thật như cuộc sống với công nghệ ánh xạ màu tiên tiến.</p>\n<h3>Công Nghệ Motion Xcelerator Rõ Khung Hình, Mượt Chuyển Động</h3>\n<p>Trong các phân cảnh đua xe hoặc rượt đuổi, các khung hình thay đổi liên tục dễ dẫn đến hiện tượng \"bóng ma\" trên màn hình. Công nghệ Motion Xcelerator sẽ tự động bổ sung thêm khung hình để nội dung rõ nét và mượt mà hơn.</p>\n<h3>Chất Lượng Hình Ảnh Chân Thực Với Độ Phân Giải UHD 4K</h3>\n<p>Sở hữu gấp 4 lần điểm ảnh so với TV FHD thông thường, TV UHD 4K mang đến khung hình sắc nét và sống động, cho bạn thưởng thức từng chi tiết dù là nhỏ nhất.</p>\n<h3>Công Nghệ HDR Hoàn Hảo Trong Từng Khung Hình Sáng Và Tối</h3>\n<p>Công nghệ HDR cải thiện độ sáng hiển thị, cung cấp dải màu sắc lớn và những chi tiết sắc nét ngay cả trong khung hình tối sâu thẳm.</p>\n<h3>Công Nghệ Q-Symphony Bộ Đôi Hoàn Hảo TV &amp; Loa Thanh</h3>\n<p>Thăng hoa cùng những thanh âm tuyệt vời, được đồng bộ liền mạch giữa loa thanh Samsung và TV. Công nghệ Q-Symphony tận dụng loa TV và loa thanh, kiến tạo không gian giải trí đỉnh cao, bao trùm mọi giác quan.</p>\n<h3>Thiết Kế AirSlim Tuyệt Tác Thiết Kế Thanh Mảnh</h3>\n<p>Chiêm ngưỡng thiết kế TV Crystal UHD với độ mỏng ấn tượng chưa từng có, dễ dàng kết hợp với mọi không gian tạo nên tổng thể liền mạch thu hút mọi ánh nhìn.</p>\n<p>Tinh gọn không gian, nâng tầm thẩm mỹ. Giá treo Slim Fit Wall-Mount dễ dàng lắp đặt giúp TV áp sát vào tường, hài hoà tự nhiên trong không gian ngôi nhà.&nbsp;</p>\n<p>Giải pháp tiện lợi giúp dây cáp được ẩn đi gọn gàng, mang đến tổng thể tinh tế, hài hoà cho TV của bạn.</p>\n<h3>Tính Năng Multiple Voice Assistants Chọn Ngay Trợ Lý Giọng Nói Của Riêng Bạn</h3>\n<p>Lần đầu tiên, Samsung TV tích hợp cả 3 trợ lý giọng nói: Bixby, Amazon Alexa và Google Assistant. Cho bạn thoải mái lựa chọn trợ lý yêu thích, cung cấp trải nghiệm giải trí tối ưu và khả năng điều khiển liền mạch ngôi nhà thông minh của bạn.</p>\n<h3>Từ Máy Tính Đến TV Học &amp; Làm Ngay Tại Gia</h3>\n<p>Tận hưởng tiện ích kết nối vượt trội từ Smart TV.</p>\n<p>Cho bạn dễ dàng truy cập vào máy tính, laptop và thiết bị di động ngay trên TV.</p>\n<p>Giá sản phẩm trên đây đã bao gồm thuế theo luật hiện hành. Bên cạnh đó, tuỳ vào loại sản phẩm, hình thức và địa chỉ giao hàng mà có thể phát sinh thêm chi phí khác như phí vận chuyển, phụ phí hàng cồng kềnh, thuế nhập khẩu (đối với đơn hàng giao từ nước ngoài có giá trị trên 1 triệu đồng).....</p><div class=\"gradient\"></div></div>',_binary '','Smart Tivi Crystal Samsung 4K 43 inch UA43AU8000',15000000.00,992,'smart-tivi-crystal-samsung-4k-43-inch-ua43au8000.acc77f9099534f9cbf519306fe758aa2','PRODUCT_TRADING','2023-06-17 23:06:17.648000',3,24,1,4,444),(79,'2023-06-17 23:05:56.739000','<div class=\"ToggleContent__View-sc-1dbmfaw-0 wyACs\" style=\"overflow: hidden; height: 500px;\"><h3>Công nghệ PurColor</h3>\n<p>Choáng ngợp trước dải màu sắc hiển thị rộng lớn và rực rỡ từ công nghệ PurColor. Đắm chìm trong từng khung hình sống động và chân thực như bước ra từ cuộc sống.</p>\n<h3>Bộ xử lý hình ảnh Crystal 4K</h3>\n<p>Nâng cấp mọi nội dung bạn yêu thích lên chuẩn 4K ấn tượng. Chiêm ngưỡng sắc màu hiển thị sống động và chân thực với công nghệ Color Mapping tiên tiến.</p>\n<h3>Công nghệ Motion Xcelerator</h3>\n<p>Trong các phân cảnh đua xe hoặc rượt đuổi, các khung hình thay đổi liên tục dễ dẫn đến hiện tượng \"bóng ma\" trên màn hình. Công nghệ Motion Xcelerator sẽ tự động bổ sung thêm khung hình để nội dung rõ nét và mượt mà hơn.</p>\n<h3>Độ phân giải 4K</h3>\n<p>Sở hữu gấp 4 lần điểm ảnh so với TV FHD thông thường, Smart TV UHD 4K mang đến khung hình sắc nét và sống động, cho bạn thưởng thức từng chi tiết dù là nhỏ nhất.</p>\n<h3>Công nghệ HDR</h3>\n<p>Cải thiện độ sáng TV vượt trội với công nghệ HDR đỉnh cao. Cung cấp dải màu sắc lớn và hiển thị chi tiết, sắc nét hình ảnh ngay cả trong khung hình tối sâu thẳm.</p>\n<h3>Công nghệ Q-Symphony</h3>\n<p>Thăng hoa cùng những thanh âm tuyệt vời, được đồng bộ liền mạch giữa loa thanh Samsung và TV. Công nghệ Q-Symphony tận dụng loa TV và loa thanh, kiến tạo không gian giải trí đỉnh cao, bao trùm mọi giác quan.</p>\n<h3>Thiết kế 3 cạnh không viền</h3>\n<p>Với ngôn ngữ thiết kế theo phong cách tinh giản, Smart TV UHD 4K như một bức tranh thuần khiết không viền mang đến cho bạn trải nghiệm xem hoàn hảo và đậm chất điện ảnh.</p>\n<h3>Kết nối dễ dàng với đa thiết bị</h3>\n<p>Tận hưởng tiện ích kết nối vượt trội từ Smart TV UHD 4K. Cho bạn dễ dàng truy cập vào máy tính, laptop và thiết bị di động ngay trên TV.</p>\n<p>Giá sản phẩm trên đây đã bao gồm thuế theo luật hiện hành. Bên cạnh đó, tuỳ vào loại sản phẩm, hình thức và địa chỉ giao hàng mà có thể phát sinh thêm chi phí khác như phí vận chuyển, phụ phí hàng cồng kềnh, thuế nhập khẩu (đối với đơn hàng giao từ nước ngoài có giá trị trên 1 triệu đồng).....</p><div class=\"gradient\"></div></div>',_binary '','Smart Tivi Samsung 4K 55 inch UA55AU7002',0.00,996,'smart-tivi-samsung-4k-55-inch-ua55au7002.ff0fd70625b34534977dd8abde4a8176','PRODUCT_TRADING','2023-06-17 23:06:07.666000',3,24,1,3,455),(80,'2023-06-17 23:05:56.868000','<div class=\"ToggleContent__View-sc-1dbmfaw-0 wyACs\" style=\"\">\n \n \n  <ul>\n   <p>️ Bluetooth conectivity</p>\n   <p>230nit chromecast</p>\n   <p>Youtube/netflix/prime video google store</p>\n   <p>️ Tivi thông minh coocaa 32\" 32S3U</p>\n   <p>_ CC cast , youtube, Swaiot Home, Game, Boundless screen, Dolby audio</p>\n   <p>_ CC Cast truyền chia sẻ màn hình</p>\n   <p>_ Swaiot home - cuộc sống thông minh bắt đầu từ đây:</p>\n   <p>Bạn có thể dễ dàng điều khiển TV từ điện thoại thông minh hoặc tìm hiểu về các điều kiện của thiết bị IoT thông qua TV để trải nghiệm tốt hơn và tận hưởng một phong cách sống thông minh.</p>\n   <p>_ Open Browser - Lướt màn hình lớn không giới hạn:</p>\n   <p>_ Chip thuật toán có thể tự động điều chỉnh về màu sắc, độ nhiễu, chuyển động, độ nét, độ tương phản, mang đến cho người dùng trải nghiệm tuyệt vời về chất lượng hình ảnh.</p>\n   <p>_ Tương phản cục bộ: cải thiện độ tương phản và chuyển màu của hình ảnh cũng như tối ưu hóa việc thể hiện màu sắc để hiển thị đầy đủ từng chi tiết.</p>\n   <p>_ Giảm nhiễu tốt hơn, khôi phục hình ảnh gốc</p>\n   <p>_ Chế độ bảo vệ mắt giúp giảm ánh sáng xanh, mang lại trải nghiệm thoải mái hơn cho dù bạn đang xem phim hay chơi bất kỳ trò chơi nào.</p>\n   <p>_ Hiệu ứng âm thanh Dolby hấp dẫn:</p>\n   <p>_ Tỉ lệ màn hình gần như 99,478% tỉ lệ bezel đem lại góc nhìn đắm chìm hơn.</p>\n   <p>_ Lưng kim loại trải ra: bền và tản nhiệt tốt hơn.</p>\n   <p>️ Bộ sản phẩm đầy đủ:</p>\n   <p>️ Bảo hành chính hãng 24 tháng trên toàn quốc.</p>\n   <p>Thời gian: 8h-17h, từ Thứ 2- Thứ 7</p>\n   <p>️ CÁCH ĐĂNG KÍ/ KIỂM TRA BẢO HÀNH ĐIỆN TỬ:</p>\n   <p>️ Coocaa luôn cố gắng cung cấp sản phẩm TV chất lượng và dịch vụ tuyệt vời. Nhận xét đánh giá 5 sao sẽ có ý nghĩa cực kỳ lớn đối với chúng tôi!</p>\n   <p>- Chi phí vật tư: Nhân viên sẽ thông báo phí vật tư (ống đồng, dây điện ) khi khảo sát lắp đặt (Bảng kê xem tại ảnh 2). Khách hàng sẽ thanh toán trực tiếp cho nhân viên kỹ thuật sau khi việc lắp đặt hoàn thành - chi phí này sẽ không hoàn lại trong bất cứ trường hợp nào.</p>\n   <p>- Đơn vị vận chuyển giao hàng cho bạn KHÔNG có nghiệp vụ lắp đặt sản phẩm.</p>\n   <p>- Tìm hiểu thêm về Dịch vụ lắp đặt:</p>\n   <p>- Quy định đổi trả: Chỉ đổi/trả sản phẩm, từ chối nhận hàng tại thời điểm nhận hàng trong trường hợp sản phẩm giao đến không còn nguyên vẹn, thiếu phụ kiện hoặc nhận được sai hàng. Khi sản phẩm đã được cắm điện sử dụng và/hoặc lắp đặt, và gặp lỗi kĩ thuật, sản phẩm sẽ được hưởng chế độ bảo hành theo đúng chính sách của nhà sản xuất.</p>\n  </ul>\n \n<p>Giá sản phẩm trên đây đã bao gồm thuế theo luật hiện hành. Bên cạnh đó, tuỳ vào loại sản phẩm, hình thức và địa chỉ giao hàng mà có thể phát sinh thêm chi phí khác như phí vận chuyển, phụ phí hàng cồng kềnh, thuế nhập khẩu (đối với đơn hàng giao từ nước ngoài có giá trị trên 1 triệu đồng).....</p></div>',_binary '','Smart TV HD Coocaa 32 Inch Wifi - Model 32S3U - Hàng chính hãng',2990000.00,997,'smart-tv-hd-coocaa-32-inch-wifi-model-32s3u-hang-chinh-hang.9f3a562383fb427ab03b6f6c76d213ab','PRODUCT_TRADING','2023-06-17 23:06:10.671000',65,24,1,6,466),(81,'2023-06-17 23:05:56.911000','<div class=\"ToggleContent__View-sc-1dbmfaw-0 wyACs\" style=\"\"><h3>Thiết kế tinh tế, loa âm thanh sống động</h3>\n<p>Tivi Xiaomi A2 32 inch sở hữu ngoại hình hiện đại, tinh tế và viền màn hình siêu mỏng. Đây là một trong những chiếc Tivi sáng giá của nhà Xiaomi, bởi trang bị rất nhiều điểm nổi bật. Nếu bạn quan tâm tới sản phẩm TV 32 inch này, thì hãy tham khảo phần nội dung phía bên dưới nhé.</p>\n<h3>Thiết kế Unibody, màn hình không viền</h3>\n<p>Smart Tivi Xiaomi Mi A2 32 inch có tỷ lệ màn hình khá lớn so với thân máy, mang đến không gian rộng, tăng tính trải nghiệm xem phim chân thực hơn rất nhiều. Về thiết kế mặt sau, sản phẩm hoàn thiện nguyên khối, chất liệu kim loại, tạo nên sự tinh tế.</p>\n<p>Ngoài ra, thiết bị cung cấp điều khiển Bluetooth 360 độ, tích hợp trợ lý ảo Google Assistant, để người dùng tìm kiếm nhanh chóng bằng giọng nói. Bên cạnh đó TV Xiaomi cài sẵn giao diện Android TV, cung cấp hơn 400.000 bộ phim, 5000 ứng dụng.</p>\n<h3>Loa âm thanh kép sống động</h3>\n<p>Sản phẩm trang bị 2 loa với công suất 10W lấp đầy âm thanh trong căn phòng của bạn, và đặc biệt thiết bị kết hợp cả công nghệ Dolby Audio, DTS-X, DTS Virtual: X tạo nên hiệu ứng lan tỏa nguồn âm theo chiều hướng khác nhau, đem đến trải nghiệm như rạp chiếu phim.</p><p>Giá sản phẩm trên đây đã bao gồm thuế theo luật hiện hành. Bên cạnh đó, tuỳ vào loại sản phẩm, hình thức và địa chỉ giao hàng mà có thể phát sinh thêm chi phí khác như phí vận chuyển, phụ phí hàng cồng kềnh, thuế nhập khẩu (đối với đơn hàng giao từ nước ngoài có giá trị trên 1 triệu đồng).....</p></div>',_binary '','Android Tivi Xiaomi HD 32 inch A2 L32M7-EAVN - Model 2025',4900000.00,996,'android-tivi-xiaomi-hd-32-inch-a2-l32m7-eavn-model-2025.efc1248c43144541b050f083a662c845','PRODUCT_TRADING','2023-06-17 23:06:18.613000',5,24,1,2,473);
/*!40000 ALTER TABLE `tbl_product` ENABLE KEYS */;
UNLOCK TABLES;

--
-- Table structure for table `tbl_product_black_list`
--

DROP TABLE IF EXISTS `tbl_product_black_list`;
/*!40101 SET @saved_cs_client     = @@character_set_client */;
/*!50503 SET character_set_client = utf8mb4 */;
CREATE TABLE `tbl_product_black_list` (
  `id` bigint NOT NULL AUTO_INCREMENT,
  `count` int NOT NULL DEFAULT '1',
  `img` varchar(255) NOT NULL,
  `is_baned` bit(1) NOT NULL DEFAULT b'0',
  `neg_total` bigint DEFAULT NULL,
  `percent` double DEFAULT NULL,
  `product_id` bigint DEFAULT NULL,
  `product_name` varchar(255) NOT NULL,
  `scan_at` datetime(6) DEFAULT NULL,
  `shop_id` bigint DEFAULT NULL,
  `slug` varchar(300) NOT NULL,
  `status` bit(1) NOT NULL DEFAULT b'1',
  `total` bigint DEFAULT NULL,
  PRIMARY KEY (`id`)
) ENGINE=InnoDB AUTO_INCREMENT=37 DEFAULT CHARSET=utf8mb4 COLLATE=utf8mb4_0900_ai_ci;
/*!40101 SET character_set_client = @saved_cs_client */;

--
-- Dumping data for table `tbl_product_black_list`
--

LOCK TABLES `tbl_product_black_list` WRITE;
/*!40000 ALTER TABLE `tbl_product_black_list` DISABLE KEYS */;
INSERT INTO `tbl_product_black_list` VALUES (28,1,'IMAGE_PRODUCT/2ad10132655e7d039fe0c5d7a5795295.png',_binary '\0',3,100,58,'Smart Tivi Casper HD 32 inch 32HX6200','2023-06-17 23:06:58.000000',5,'tivi/smart-tivi-casper-hd-32-inch-32hx6200.436be49bcf514f70bd21dc9acd410ee3',_binary '',3),(29,1,'IMAGE_PRODUCT/22211e58f0f561651cf199b280df1390.jpg',_binary '\0',3,100,54,'Tủ Lạnh Electrolux EME3700H-A - Dung Tích 337 Lít - Công Nghệ Inverter - Hàng Chính Hãng','2023-06-17 23:06:58.000000',4,'tu-lanh/tu-lanh-electrolux-eme3700h-a-dung-tich-337-lit-cong-nghe-inverter-hang-chinh-hang.11c12d97954142f29bc1d79b04494b96',_binary '',3),(30,1,'IMAGE_PRODUCT/surasj24jb7ut26fn6i2o248gtt33q0c.jpg',_binary '\0',2,100,34,'IPad Pro M1 11 Inch 8G','2023-06-17 23:06:58.000000',5,'may-tinh-bang/ipad-pro-m1-11-inch-8g.93bed58737b740b7afabd6d7b77d5cf5',_binary '',2),(31,2,'IMAGE_PRODUCT/2ad10132655e7d039fe0c5d7a5795295.png',_binary '\0',3,100,58,'Smart Tivi Casper HD 32 inch 32HX6200','2023-06-17 23:08:00.000000',5,'tivi/smart-tivi-casper-hd-32-inch-32hx6200.436be49bcf514f70bd21dc9acd410ee3',_binary '',3),(32,2,'IMAGE_PRODUCT/22211e58f0f561651cf199b280df1390.jpg',_binary '\0',3,100,54,'Tủ Lạnh Electrolux EME3700H-A - Dung Tích 337 Lít - Công Nghệ Inverter - Hàng Chính Hãng','2023-06-17 23:08:00.000000',4,'tu-lanh/tu-lanh-electrolux-eme3700h-a-dung-tich-337-lit-cong-nghe-inverter-hang-chinh-hang.11c12d97954142f29bc1d79b04494b96',_binary '',3),(33,2,'IMAGE_PRODUCT/surasj24jb7ut26fn6i2o248gtt33q0c.jpg',_binary '\0',2,100,34,'IPad Pro M1 11 Inch 8G','2023-06-17 23:08:00.000000',5,'may-tinh-bang/ipad-pro-m1-11-inch-8g.93bed58737b740b7afabd6d7b77d5cf5',_binary '',2),(34,3,'IMAGE_PRODUCT/2ad10132655e7d039fe0c5d7a5795295.png',_binary '',3,100,58,'Smart Tivi Casper HD 32 inch 32HX6200','2023-06-18 15:32:30.000000',5,'tivi/smart-tivi-casper-hd-32-inch-32hx6200.436be49bcf514f70bd21dc9acd410ee3',_binary '',3),(35,3,'IMAGE_PRODUCT/22211e58f0f561651cf199b280df1390.jpg',_binary '',3,100,54,'Tủ Lạnh Electrolux EME3700H-A - Dung Tích 337 Lít - Công Nghệ Inverter - Hàng Chính Hãng','2023-06-18 15:32:30.000000',4,'tu-lanh/tu-lanh-electrolux-eme3700h-a-dung-tich-337-lit-cong-nghe-inverter-hang-chinh-hang.11c12d97954142f29bc1d79b04494b96',_binary '',3),(36,3,'IMAGE_PRODUCT/surasj24jb7ut26fn6i2o248gtt33q0c.jpg',_binary '',2,100,34,'IPad Pro M1 11 Inch 8G','2023-06-18 15:32:30.000000',5,'may-tinh-bang/ipad-pro-m1-11-inch-8g.93bed58737b740b7afabd6d7b77d5cf5',_binary '',2);
/*!40000 ALTER TABLE `tbl_product_black_list` ENABLE KEYS */;
UNLOCK TABLES;

--
-- Table structure for table `tbl_product_description`
--

DROP TABLE IF EXISTS `tbl_product_description`;
/*!40101 SET @saved_cs_client     = @@character_set_client */;
/*!50503 SET character_set_client = utf8mb4 */;
CREATE TABLE `tbl_product_description` (
  `description_id` bigint NOT NULL,
  `product_id` bigint NOT NULL,
  `value` varchar(5000) NOT NULL,
  PRIMARY KEY (`description_id`,`product_id`),
  KEY `FKj12edn5wh84ukruodvrgs7hsy` (`product_id`),
  CONSTRAINT `FK8rr6odv22fc0eodqn11yrawgt` FOREIGN KEY (`description_id`) REFERENCES `tbl_description` (`id`),
  CONSTRAINT `FKj12edn5wh84ukruodvrgs7hsy` FOREIGN KEY (`product_id`) REFERENCES `tbl_product` (`id`)
) ENGINE=InnoDB DEFAULT CHARSET=utf8mb4 COLLATE=utf8mb4_0900_ai_ci;
/*!40101 SET character_set_client = @saved_cs_client */;

--
-- Dumping data for table `tbl_product_description`
--

LOCK TABLES `tbl_product_description` WRITE;
/*!40000 ALTER TABLE `tbl_product_description` DISABLE KEYS */;
INSERT INTO `tbl_product_description` VALUES (1,41,'Mỹ'),(1,42,'Đài Loan'),(1,43,'China'),(1,44,'Mỹ'),(1,45,'Đài Loan'),(1,46,'Trung Quốc'),(1,47,'Trung Quốc'),(2,41,'Win10 Home SL'),(2,45,'Win bản quyền'),(3,41,'BT 5.0'),(3,43,'Bluetooth 5.1'),(3,44,'v5.1'),(3,45,'5'),(4,41,'Trung Quốc'),(4,42,'Trung Quốc'),(4,43,'china'),(4,44,'Trung Quốc'),(4,45,'Trung Quốc'),(4,46,'Trung Quốc'),(4,47,'Trung Quốc'),(5,41,'3 Cell 41WHr'),(5,45,'nguyên khối'),(6,41,'P112F001BBL'),(6,43,'HUAWEI MateBook D 15 11th'),(6,45,'BR1100FAK'),(7,41,'Intel Core i5-1135G7 (8MB Cache, 2.4GHz, Turbo Boost 4.2GHz)'),(7,44,'Intel Core i7-1165G7 Processor'),(7,45,'Intel'),(7,47,'AMD Ryzen 7 5800U Processor (1.90 GHz, 16MB Cache, Up to 4.40 GHz, 8 Cores 16 Threads)'),(8,41,'4GB (1x4GB) DDR4 2666MHz'),(8,45,'DDR4'),(9,41,'Intel(R) Iris Xe Graphics'),(9,44,'NVIDIA GeForce MX330 2GB GDDR5 + Intel Iris Xe Graphics'),(9,45,'Onboard'),(10,41,'WLAN 802.11ac'),(10,44,'Intel Wi-fi 6 2x2 (Gig+)'),(10,45,'6'),(11,41,'512GB M.2 PCIe NVMe SSD'),(11,44,'512GB SSD M.2 PCIe NVMe'),(12,41,'Dell'),(12,42,'MSI'),(12,43,'Huawei'),(12,44,'Dell'),(12,45,'Asus'),(12,46,'Acer'),(12,47,'Lenovo'),(13,43,'Khoảng 1,56 kg'),(13,45,'2 kg'),(14,44,'2 x USB 3.2 Gen 1 ports Type A; 1 x USB 3.2 Gen2 Type-C with DisplayPort; 1 x HDMI 1.4b port; 1 x SD-card slot; 1 x headset (headphone and microphone combo) port'),(15,44,'Full HD (1920 x 1080)'),(16,44,'8GB DDR4 3200MHz (1 x 8GB)'),(16,45,'8 GB'),(17,45,'eMMC'),(18,45,'RJ45'),(19,45,'UHD'),(20,45,'Onboard'),(21,45,'N6000'),(22,45,'Có dây + không dây'),(23,45,'Wifi + B;uetooth'),(24,45,'IPS'),(25,45,'dual Camera'),(26,47,'Intel Wi Fi 6 (802.11ax) + Bluetooth 5.1'),(27,47,'8GB LPDDR4x Bus 4266MHz Memory Onboard'),(28,47,'Windows 11 Home SL 64bit'),(29,47,'Đã bao gồm VAT'),(30,47,'Mineral Grey'),(31,47,'512GB PCIe NVMe M.2 SSD'),(32,47,'1,30 Kg'),(33,47,'AMD Radeon Graphics Vega'),(34,47,'24 tháng'),(35,47,'4 Cells 56 Whrs Battery'),(36,47,'13.3 inch WUXGA (1920 x 1200) Low Power IPS 300 Nits Anti Glare 100% sRGB Color Gamut Dolby Vision'),(37,47,'Speakers Dolby Audio Harman Branded, Webcam 720p, Backlight Keyboard, USB 3.2 Gen 1 Type A, USB 3.2 Gen 1 Type A (Always On), USB 3.2 Type C (Support Data Transfer, Power Delivery 3.0 and DisplayPort 1.4), HDMI 2.0b, Headphone / Microphone Combo Jack, Firmware TPM 2.0, Finger Print Reader on Smart Power Button'),(38,48,'63L'),(38,49,'53 lít'),(38,50,'35 lít'),(38,52,'186 L'),(38,53,'112'),(39,48,'Làm lạnh đa chiều, Bộ lọc than hoạt tính Deodorizer'),(39,49,'Công nghệ kháng khuẩn Ag Clean với tinh thể bạc Ag+, Công nghệ làm lạnh:Panorama, Chế độ tiết kiệm điện:Econavi'),(39,53,'làm đá tự động'),(40,48,'Có'),(40,49,'Có'),(40,50,'Có'),(40,51,'Không'),(40,54,'Có'),(41,48,'2'),(41,50,'2'),(41,54,'3'),(42,48,'Ngăn đá phía trên'),(42,49,'Ngăn đá phía trên'),(42,50,'Ngăn đá phía trên'),(42,51,'Mini'),(42,54,'Ngăn đá phía trên'),(43,48,'216L'),(43,49,'188 lít'),(43,51,'50L'),(43,52,'495 L'),(43,53,'420'),(43,54,'337 Lít'),(44,48,'~ 0.9 Kw/ngày'),(44,49,'~ 0.95 kW/ngày'),(44,52,'418 kWh/năm'),(45,48,'Việt Nam'),(45,49,'Việt Nam'),(45,50,'Thái Lan'),(45,51,'Việt Nam'),(45,53,'Việt Nam'),(45,54,'Thái Lan'),(45,55,'Việt Nam'),(46,48,'155L'),(46,49,'114 lít'),(46,50,'115 lít'),(46,52,'309 L'),(46,53,'308'),(47,48,'Kính chịu lực'),(47,49,'Kính chịu lực'),(47,50,'Khay kính chịu lực'),(47,53,'nhôm'),(47,54,'Khay kính cường lực'),(48,48,'RT19M300BGS/SV'),(48,49,'NR-BA189PAVN'),(48,50,'SJ-X176E-SL'),(48,51,'AQR-D59FA-BS'),(48,52,'CW530XMM'),(48,53,'NR-BX471WGKV'),(48,54,'EME3700H-A'),(49,48,'(D x R x C) 55.5 x 63.7 x 144.5 cm'),(49,50,'128.1 x 58.7 x 53.3 cm'),(49,51,'47.6 x 49.4 x 79.5 (cm)'),(49,54,'1855 x 598 x 650 mm'),(50,48,'Bộ lọc than hoạt tính Deodorizer'),(50,54,'FreshTaste'),(51,48,'Làm lạnh đa chiều'),(52,48,'220V/50Hz'),(52,50,'220V - 240V'),(52,52,'220 V'),(52,54,'220V'),(53,48,'Samsung'),(53,49,'Panasonic'),(53,50,'Sharp'),(53,51,'Aqua'),(53,52,'Panasonic'),(53,53,'Panasonic'),(53,54,'Electrolux'),(53,55,'Hòa Phát'),(54,48,'Ngăn rau củ lớn giữ ẩm Big Box'),(55,49,'Nhật Bản'),(55,51,'Trung Quốc'),(55,53,'Nhật Bản'),(55,54,'Thái Lan'),(55,55,'Việt Nam'),(56,50,'Thép không gỉ, kính chịu lực'),(56,51,'Cửa tủ: Mặt thép'),(56,54,'Chất liệu khay: Khay kính cường lực'),(57,56,'Hàn Quốc'),(57,57,'Hàn Quốc'),(57,58,'Thái Lan'),(57,59,'Trung Quốc'),(57,60,'Thái Lan'),(57,61,'Việt Nam'),(57,62,'Trung Quốc'),(57,63,'Hàn Quốc'),(57,64,'Trung Quốc'),(57,65,'Nhật Bản'),(57,66,'Hàn Quốc'),(57,67,'Hàn Quốc'),(57,68,'Hàn Quốc'),(57,69,'Việt Nam'),(57,70,'Việt Nam'),(57,71,'Hàn Quốc'),(57,72,'Nhật Bản'),(57,73,'Hàn Quốc'),(57,75,'Nhật Bản'),(57,77,'Trung Quốc'),(57,78,'Hàn Quốc'),(57,79,'Hàn Quốc'),(57,80,'Việt Nam'),(57,81,'Trung Quốc'),(58,56,'Có'),(58,59,'màn hình Chromecast, Chiếu màn hình Screen Mirroring'),(58,63,'Có'),(58,65,'Ứng dụng Android TV'),(58,68,'Có'),(58,72,'Ứng dụng Android TV'),(58,77,'Bằng ứng dụng MagiConnect'),(58,79,'SmartThings'),(59,56,'967 x 622 x 216 mm'),(59,57,'1227.4 x 767.8 x 257.5 mm'),(59,61,'-'),(59,63,'1235 x 774 x 232 mm'),(59,65,'Ngang 146.3 cm - Cao 91.4 cm - Dày 33.7 cm'),(59,68,'1233 x 781 x 264 mm'),(59,72,'Ngang 124.3 cm - Cao 79 cm - Dày 29 cm'),(59,73,'1232.1 x 747.8 x 228.8 mm'),(59,78,'965.5 x 559.8 x 25.7 mm'),(59,79,'Ngang 123.06 cm - Cao 78.63 cm - Dày 25.82 cm'),(59,81,'715,7 × 190,4 × 471,0 mm'),(60,56,'2 Cổng'),(60,57,'2'),(60,59,'1'),(60,60,'2'),(60,61,'có'),(60,63,'2 Cổng'),(60,65,'2'),(60,67,'1 Cổng'),(60,68,'3 Cổng'),(60,72,'2'),(60,73,'2'),(60,77,'1'),(60,78,'2'),(60,79,'1'),(60,81,'2 x USB 2.0'),(61,56,'2'),(61,57,'2'),(61,61,'2'),(61,63,'2'),(61,67,'2'),(61,68,'2'),(61,73,'2'),(61,78,'2'),(62,56,'Có'),(62,63,'Có'),(62,65,'Remote tích hợp micro tìm kiếm bằng giọng nói (RMF-TX520P)'),(62,68,'Có'),(62,72,'Remote tích hợp micro tìm kiếm bằng giọng nói (RMF-TX520P)'),(62,78,'Điều khiển tivi bằng giọng nói với One Remote, hỗ trợ trợ lý ảo Bixby'),(63,56,'Có'),(63,57,'Có'),(63,58,'Có'),(63,60,'Có'),(63,61,'Không'),(63,63,'Có'),(63,65,'Có'),(63,67,'Có'),(63,68,'Có'),(63,72,'Có'),(63,73,'Có'),(63,78,'Có'),(63,79,'Có'),(63,81,'Có'),(64,56,'Indonesia'),(64,57,'Việt Nam'),(64,58,'Thái Lan'),(64,59,'Việt Nam'),(64,60,'Thái Lan'),(64,61,'Việt Nam'),(64,62,'Indonesia'),(64,63,'Indonesia'),(64,64,'Indonesia'),(64,65,'Việt Nam'),(64,66,'Việt Nam'),(64,67,'Việt Nam'),(64,68,'Indonesia'),(64,69,'Việt Nam'),(64,70,'Việt Nam'),(64,71,'Hàn Quốc'),(64,72,'Malaysia'),(64,73,'Việt Nam'),(64,75,'Việt Nam'),(64,77,'Việt Nam'),(64,78,'Việt Nam'),(64,79,'Việt Nam'),(64,80,'Việt Nam'),(64,81,'Việt Nam'),(65,56,'967 x 564 x 57.7 mm'),(65,57,'1227.4 x 706.2 x 26.9 mm'),(65,59,'Không chân: Ngang 90.1 cm - Cao 51.63 cm - Dày 7.5 cm'),(65,61,'-'),(65,63,'1235 x 715 x 58.1 mm'),(65,65,'Ngang 146.3 cm - Cao 85.2 cm - Dày 8.7 cm'),(65,68,'1233 x 716 x 44.2 mm'),(65,72,'Ngang 124.3 cm - Cao 73 cm - Dày 8.4 cm'),(65,73,'1232.1 x 708.8 x 25.7 mm'),(65,77,'Ngang 90.1 cm - Cao 51.63 cm - Dày 7.5 cm'),(65,78,'965.5 x 559.8 x 25.7 mm'),(65,79,'Ngang 123.06 cm - Cao 70.9 cm - Dày 7.39 cm'),(65,81,'715,7 × 82,5 × 423,7 mm'),(66,56,'Screen share, Airplay2'),(66,59,'Wifi'),(66,63,'Screen share, Airplay2'),(66,68,'Airplay2, Screen share, Mobile Connectivity'),(66,75,'Cổng mạng LAN, Wifi'),(66,77,'Bluetooth, Wifi'),(66,81,'Bluetooth 5.0'),(67,56,'4K Upscaling, HDR10 Pro, FILMMAKER MODE, 4K Upscaler, HGIG Mode, Active HDR, HLG,'),(67,57,'Neo Quantum Processor 4K, Quantum HDR 24x, Certified(HDR10+), Quantum Matrix Technology, 100% Color Volume, Wide Viewing Angle, Supreme UHD Dimming'),(67,58,'Công nghê IPS'),(67,59,'Micro Dimming, HDR'),(67,60,'Công nghệ IPS'),(67,61,'Picture Wizard II'),(67,63,'4K Upscaling, HDR10 Pro, FILMMAKER MODE, 4K Upscaler, HGIG Mode, Active HDR, HLG,'),(67,65,'Bộ xử lý X1 4K HDR, Chuyển động mượt Motionflow XR 200'),(67,67,'Crystal Processor 4K, Micro Dimming, HLG (Hybrid Log Gamma), Tương thích HDR10+, Filmmaker Mode'),(67,68,'AI Picture - Face Enhancing, Dolby Vision IQ, Tự động điều chỉnh độ sáng bởi AI, AI Upscaling, Image Enhancing, Cinema HDR, HDR10 Pro, FILMMAKER MODE, HLG, HDR Dynamic Tone Mapping, 4K Upscaler, HGIG Mode'),(67,72,'Bộ xử lý X1 4K HDR, Chuyển động mượt Motionflow XR 200'),(67,73,'Crystal Processor 4K, HDR, HDR 10+, HLG'),(67,75,'Chuyển động mượt Motionflow XR 200 Màu sắc sống động Live Colour Nâng cấp hình ảnh X-Reality PRO'),(67,77,'Micro Dimming, HDR'),(67,78,'Crystal Processor 4K, HDR 10+, Mega Contrast, Dynamic Crystal Color, UHD Dimming'),(67,79,'Bộ xử lý Crystal 4K, Chuyển động mượt Motion Xcelerator,Giảm độ trễ chơi game Auto Low Latency Mode (ALLM), HDR10+, Kiểm soát đèn nền UHD Dimming, Nâng cấp độ tương phản Contrast Enhancer, PurColor'),(68,56,'3 Cổng'),(68,57,'4'),(68,58,'2 cổng'),(68,59,'2'),(68,60,'2'),(68,61,'có'),(68,63,'3 Cổng'),(68,65,'4'),(68,67,'3 Cổng'),(68,68,'4 Cổng'),(68,72,'3'),(68,73,'3'),(68,75,'Có'),(68,77,'2'),(68,78,'3'),(68,79,'3'),(68,81,'2 x HDMI'),(69,56,'9.2kg'),(69,57,'17.7kg'),(69,59,'6.31 kg'),(69,61,'-'),(69,63,'14.8kg'),(69,65,'21.4kg'),(69,68,'16.3kg'),(69,72,'13.9kg'),(69,73,'15.5 kg'),(69,77,'6.31 kg'),(69,78,'8.4 kg'),(69,79,'10.6kg'),(69,81,'3,9 kg'),(70,56,'9.3kg'),(70,57,'20.8 kg'),(70,59,'6.37 kg'),(70,61,'-'),(70,63,'15kg'),(70,65,'22.1kg'),(70,68,'17.9kg'),(70,72,'14.5kg'),(70,73,'16.2 kg'),(70,77,'6.37 kg'),(70,78,'8.9 kg'),(70,79,'10.7kg'),(70,81,'3,94 kg'),(71,56,'20W'),(71,57,'60W'),(71,59,'16'),(71,61,'10W'),(71,63,'20W'),(71,65,'20W'),(71,67,'20W'),(71,68,'20W'),(71,72,'20W'),(71,73,'20W'),(71,76,'20W'),(71,77,'16W'),(71,78,'20W'),(71,79,'20W'),(71,81,'20 W'),(72,56,'43NANO77TPA'),(72,57,'QA55QN85A'),(72,58,'32HX6200'),(72,59,'32L61'),(72,60,'43FX6200'),(72,62,'50Y72'),(72,63,'55NANO77TPA'),(72,64,'V-32Y72'),(72,65,'KD-65X75K'),(72,67,'UA43AU7002'),(72,68,'55NANO86TPA'),(72,72,'KD-55X75K'),(72,73,'UA55AU8000'),(72,75,'KD-32W830K'),(72,77,'40L61'),(72,78,'UA43AU8000'),(72,79,'UA55AU7002'),(72,81,'L32M7-EAVN'),(73,56,'Smart Tivi NanoCell 4K'),(73,57,'Smart Tivi QLED'),(73,58,'Smart Tivi'),(73,59,'Smart TV, AI'),(73,60,'Smart Tivi'),(73,61,'LED'),(73,62,'Google Tivi'),(73,63,'Smart Tivi'),(73,65,'Google tivi'),(73,67,'Smart Tivi 4K'),(73,68,'Smart tivi 4K'),(73,71,'Smart TV'),(73,72,'Google tivi'),(73,73,'Smart TV 4K'),(73,77,'Smart TV, AI'),(73,78,'Smart Tivi'),(73,79,'Smart Tivi'),(73,81,'Smart tivi'),(74,56,'AI Sound / Pro, AI Acoustic Tuning, Clear Voice III, Sound Alive, Sound Mode Sync'),(74,57,'Dolby Digital Plus, Dolby 5.1 Decoder, Object Tracking Sound, Q-Symphony'),(74,58,'Dolby Audio'),(74,59,'Dolby MS12'),(74,60,'Dolby Audio'),(74,61,'Infinite'),(74,63,'AI Sound / Pro, AI Acoustic Tuning, Clear Voice III, Sound Alive, Sound Mode Sync'),(74,65,'Bộ khuếch đại âm thanh S-Master Digital Amplifier, Dolby Atmos, DTS Digital Surround, Tăng chất lượng âm thanh với loa X-Balanced, Âm thanh vòm S-Force Front Surround'),(74,67,'Dolby Digital Plus, Q-Symphony, Blutooth Audio'),(74,68,'DOLBY ATMOS, AI Acoustic Tuning, Bluetooth Surround Ready, Sound Mode Sync, AI Sound, Sound Alive, Clear Voice III'),(74,72,'Bộ khuếch đại âm thanh S-Master Digital Amplifier, Dolby Atmos, DTS Digital Surround, Tăng chất lượng âm thanh với loa X-Balanced, Âm thanh vòm S-Force Front Surround'),(74,73,'Dolby Digital Plus, Q-Symphony, Blutooth Audio'),(74,77,'Dolby MS12'),(74,78,'Dolby Digital Plus, Q-Symphony'),(74,79,'Adaptive Sound, Q-Symphony kết hợp loa tivi với loa thanh'),(74,81,'Dolby Audio , DTS-X, DTS Virtual: X Sound'),(75,56,'Có (802.11ac)'),(75,57,'Có'),(75,58,'Có'),(75,59,'Wifi'),(75,61,'Không'),(75,63,'Có'),(75,65,'Có'),(75,68,'Có (802.11ac)'),(75,72,'Có'),(75,73,'WiFi5'),(75,77,'Wifi'),(75,78,'Có'),(75,79,'Có'),(75,81,'Wi-Fi 2,4 GHz / 5 GHz'),(76,56,'webOS'),(76,57,'Tizen'),(76,58,'Linux OS'),(76,59,'Android 8.0'),(76,63,'webOS'),(76,65,'Google TV'),(76,67,'Tizen Os'),(76,68,'webOS'),(76,72,'Google TV'),(76,73,'Tizen'),(76,75,'Google TV'),(76,77,'Android 8.0'),(76,78,'Tizen'),(76,79,'Tizen'),(76,81,'AndroidTV'),(77,56,'43 inch'),(77,57,'55 inch'),(77,58,'32 inch'),(77,60,'43 inch'),(77,63,'55 inch'),(77,65,'65 inch'),(77,67,'43 inch'),(77,68,'55 inch'),(77,72,'55 inch'),(77,73,'55 inch'),(77,78,'43 inch'),(77,79,'55 inch'),(77,81,'32 inch'),(78,56,'2021'),(78,59,'2019'),(78,63,'2021'),(78,68,'2021'),(78,73,'2021'),(78,77,'2019'),(79,56,'3840 x 2160 pixels'),(79,57,'UHD 4K (3840 x 2160)'),(79,58,'HD (1366 x 768)'),(79,60,'1920 x 1080 pixels'),(79,61,'HD (1366 x 768)'),(79,63,'3840 x 2160 pixels'),(79,65,'UHD 4K (3840 x 2160)'),(79,67,'3840 x 2160 pixels'),(79,68,'3840 x 2160 pixels'),(79,72,'UHD 4K (3840 x 2160)'),(79,73,'3840 x 2160 pixels'),(79,78,'UHD 4K (3840 x 2160)'),(79,79,'UHD 4K (3840 x 2160)'),(79,81,'1366 x 768 pixels'),(80,56,'LG'),(80,57,'Samsung'),(80,58,'Casper'),(80,59,'TCL'),(80,60,'Casper'),(80,61,'Asanzo'),(80,62,'coocaa'),(80,63,'LG'),(80,64,'coocaa'),(80,65,'Sony'),(80,66,'Samsung'),(80,67,'Samsung'),(80,68,'LG'),(80,69,'Samsung'),(80,70,'Samsung'),(80,71,'Samsung'),(80,72,'Sony'),(80,73,'Samsung'),(80,75,'Sony'),(80,77,'TCL'),(80,78,'Samsung'),(80,79,'Samsung'),(80,80,'coocaa'),(80,81,'Xiaomi'),(81,57,'120Hz'),(81,59,'60 Hz'),(81,61,'TruMotion 100Hz'),(81,65,'50Hz'),(81,72,'50Hz'),(81,77,'60 Hz'),(81,79,'60Hz'),(81,81,'60Hz'),(82,57,'1'),(82,58,'Có'),(82,60,'Có'),(82,61,'-'),(82,78,'Có'),(83,57,'Có'),(83,58,'Có'),(83,60,'Có'),(83,61,'có'),(83,65,'Có'),(83,67,'Có'),(83,68,'Có'),(83,72,'Có'),(83,73,'DVB-T2 (*VN: DVB-T2C)'),(83,78,'Có'),(83,81,'Có'),(84,59,'Có'),(84,77,'Có'),(85,59,'Chiếu màn hình Chromecast, Chiếu màn hình Screen Mirroring, Chiếu màn hình AirPlay qua ứng dụng AirScreen'),(85,68,'Trợ lý ảo Google Assistant, Apple Homekit, Google Home Connection, Amazon Echo Connection, Amazon Alexa, Trợ lý ảo Google Assistant, Bảng điều khiển nhà, AI Home, Nhận diện mệnh lệnh giọng nói - Intelligent Voice Recognition'),(85,77,'Chiếu màn hình Chromecast, Chiếu màn hình Screen Mirroring, Chiếu màn hình AirPlay qua ứng dụng AirScreen'),(86,59,'Full HD'),(86,61,'Đang cập nhật'),(86,77,'Full HD'),(87,59,'Không'),(87,61,'Không'),(87,62,'Không'),(87,64,'Không'),(87,66,'Không'),(87,73,'Không'),(87,75,'Không'),(87,77,'Không'),(88,61,'Đang cập nhật'),(88,77,'Dolby MS12'),(89,61,'-'),(90,61,'Đang cập nhật'),(91,61,'Đang cập nhật'),(92,61,'Có'),(93,62,'* Tivi Thông Minh Coocaa Hệ Điều Hành Mới Nhất Google Tivi 50\" 50-Y72\n\n Chính Sách Bảo Hành\n- Bảo hành chính hãng 24 tháng trên toàn quốc.\n\n         Hotline: 1800.1180 (miễn phí cuộc gọi)\n\n         Thời gian: 8h-17h, từ Thứ 2- Thứ 7\n\n- CÁCH ĐĂNG KÍ/ KIỂM TRA BẢO HÀNH ĐIỆN TỬ:\n\n         Vui lòng liên hệ CSKH coocaa qua mục chat (trò chuyện) để chúng tôi có thể hướng dẫn bạn tốt nhất.\n\n \n\nTính Năng\n- Hình Ảnh\n\n    + Chameleon\n\nExtreme 2.0: Bộ xử lý chất lượng hình ảnh Chameleon cực 2.0 có thể tối ưu hóa\n\nchất lượng hình ảnh TV đa chiều để đảm bảo cảnh phim thực tế hơn\n\n    + Eye care TV: Sử dụng công nghệ Filmmaker Mode\n\ngiúp hạn chế sáng xanh và sự nhấp nháy của màng hình bảo vệ đôi mắt khi xem\n\ntivi.\n\n    + Màn hình LED chất lượng cao 8,29 megapixel,\n\nđược trang bị công nghệ cải tiến chất lượng hình ảnh mở rộng HDR10 & HLG,\n\nmang đến tầm nhìn rực rỡ tươi mới.\n\n- Âm Thanh\n\n    + Dolby\n\nDigital Plus là công nghệ âm thanh dựa trên Dolby Digital 5.1, đây là công nghệ\n\nâm thanh âm thanh vòm tiên tiến cho phép trải nghiệm tivi như trong rạp chiếu phim hiện đại.\n\n    +Với hai loa monomer 10W, Dolby Audio Sound tối ưu hóa hiệu suất âm thanh, tạo ra âm\n\nthanh phong phú, rõ ràng và hấp dẫn để bạn thưởng thức.\n\n    +Bidirectional Bluetooth 5.1: Bluetooth hai\n\nchiều, Kết nối điện thoại di động của bạn với Bluetooth của TV để phát nhạc hay\n\nlàm bất cứ điều gì bạn muốn.\n\n- Cấu Hình\n\n    + Màn hình không giới hạn 4.0, tỷ lệ màn hình cao  \n\n    + Lưng kim loại trải ra: bền và tản nhiệt tốt hơn.\n\n    + Thiết kế liền mạch: Khung kim loại liền mạch, đơn giản, tinh tế\n\nĐiều khiển bằng giọng nói từ xa: Thông qua tương tác bằng giọng nói, TV cho bạn biết những thông tin mới nhất như thời tiết, phát nhạc, phim nổi tiếng, để cuộc sống của bạn không còn nhàm chán, bạn có thể trò chuyện bất cứ lúc nào\n\n- Hệ Điều Hành Google Tivi\n\n    + Hệ thống mới nhất của Google được cập nhật dựa trên Android 11. So với Android, hệ thống mới này được Google thiết kế dành riêng cho người dùng TV.\n\n    + Tài nguyên khổng lồ: Google là nền tảng mạng lớn nhất thế giới, với hơn 8.000\n\n+ ứng dụng phục vụ hơn 190 quốc gia và hỗ trợ hơn 1 tỷ thiết bị sinh thái. Trò chơi đám mây, Hình nền Google, gọi điện video, nhiều tài khoản đăng nhập, hệ sinh thái dành cho trẻ em và nhiều ứng dụng phổ biến, chỉ cần bạn tải xuống là có thể tận hưởng.\n\n    + CC Cast: truyền chia sẻ màn hình từ điện thoại của bạn sang tivi một cách dễ dàng.\n\n \n\nThông Số Kỹ Thuật\n- Chameleon Extreme 2,0\n\n- Filmmaker mode\n\n- DTS Studio Sound\n\n- Bidirectional Bluetooth 5.1\n\n- Google Assistant\n\n- HDMI2.0*3；USB2.0*2\n\n- Memory 2+16GB\n\n \n\nBộ sản phẩm đầy đủ:\n2 x Chân đế, 1 x Remote, 1 x Sách HDSD, 1 x Dây nguồn.\n\n \n\nChính Sách Đổi Trả\n- Chỉ đổi/trả sản phẩm, từ chối nhận hàng tại thời điểm nhận hàng trong trường hợp sản phẩm giao đến không còn nguyên vẹn, thiếu phụ kiện hoặc nhận được sai hàng. Khi sản phẩm đã được cắm điện sử dụng và/hoặc lắp đặt, và gặp lỗi kĩ thuật, sản phẩm sẽ được hưởng chế độ bảo hành theo đúng chính sách của nhà sản xuất.\n\n- Vui lòng liên hệ CSKH coocaa qua mục chat (trò chuyện) để chúng tôi có thể hướng dẫn bạn tốt nhất.\n\n=> Coocaa luôn cố gắng cung cấp sản phẩm TV chất lượng và dịch vụ tuyệt vời. Nhận xét đánh giá 5 sao sẽ có ý nghĩa cực kỳ lớn đối với chúng tôi!'),(94,65,'Chromecast'),(94,72,'Chromecast'),(94,79,'AirPlay 2, Screen Mirroring'),(94,81,'Miracast, Chromecast'),(95,65,'LED nền (Direct LED)'),(95,72,'LED nền (Direct LED)'),(95,79,'LED viền (Edge LED), VA LCD'),(96,65,'Google Assistant có tiếng Việt, Tìm kiếm giọng nói trên YouTube bằng tiếng Việt'),(96,72,'Google Assistant có tiếng Việt, Tìm kiếm giọng nói trên YouTube bằng tiếng Việt'),(96,79,'không hỗ trợ'),(97,65,'Clip TV, FPT Play, Galaxy Play (Fim+), Netflix, VieON, VTVcab ON, YouTube'),(97,72,'Clip TV, FPT Play, Galaxy Play (Fim+), Netflix, VieON, VTVcab ON, YouTube'),(97,77,'Youtube, Netflix, Trình duyệt web, kho ứng dụng'),(97,79,'Clip TV, FPT Play, Galaxy Play (Fim+), MP3 Zing, MyTV, Netflix, POPS Kids, Spotify, Trình duyệt web, VieON, YouTube'),(98,74,'Hàn Quốc'),(99,74,'Trung Quốc'),(100,74,'The Freestyle SP-LSP3'),(101,74,'Samsung');
/*!40000 ALTER TABLE `tbl_product_description` ENABLE KEYS */;
UNLOCK TABLES;

--
-- Table structure for table `tbl_product_images`
--

DROP TABLE IF EXISTS `tbl_product_images`;
/*!40101 SET @saved_cs_client     = @@character_set_client */;
/*!50503 SET character_set_client = utf8mb4 */;
CREATE TABLE `tbl_product_images` (
  `product_id` bigint NOT NULL,
  `image_id` bigint NOT NULL,
  PRIMARY KEY (`product_id`,`image_id`),
  KEY `FKk7njn8sy4kivcuv4ngydlj0ok` (`image_id`),
  CONSTRAINT `FKi3jdm52d4pq155q38j13nf7x3` FOREIGN KEY (`product_id`) REFERENCES `tbl_product` (`id`),
  CONSTRAINT `FKk7njn8sy4kivcuv4ngydlj0ok` FOREIGN KEY (`image_id`) REFERENCES `tbl_image` (`id`)
) ENGINE=InnoDB DEFAULT CHARSET=utf8mb4 COLLATE=utf8mb4_0900_ai_ci;
/*!40101 SET character_set_client = @saved_cs_client */;

--
-- Dumping data for table `tbl_product_images`
--

LOCK TABLES `tbl_product_images` WRITE;
/*!40000 ALTER TABLE `tbl_product_images` DISABLE KEYS */;
INSERT INTO `tbl_product_images` VALUES (41,150),(41,151),(41,152),(41,153),(42,155),(42,156),(42,157),(42,158),(42,159),(42,160),(43,162),(43,163),(43,164),(43,165),(43,166),(44,168),(44,169),(44,170),(44,171),(44,172),(45,174),(45,175),(45,176),(45,177),(45,178),(45,179),(45,180),(45,181),(45,182),(45,183),(46,185),(46,186),(46,187),(46,188),(46,189),(46,190),(46,191),(46,192),(46,193),(47,195),(47,196),(47,197),(47,198),(48,200),(48,201),(48,202),(48,203),(48,204),(48,205),(48,206),(48,207),(48,208),(48,209),(48,210),(49,212),(49,213),(49,214),(49,215),(49,216),(49,217),(49,218),(49,219),(49,220),(49,221),(50,223),(50,224),(50,225),(50,226),(50,227),(50,228),(50,229),(50,230),(50,231),(50,232),(50,233),(51,235),(51,236),(52,238),(52,239),(52,240),(52,241),(52,242),(52,243),(52,244),(52,245),(52,246),(53,248),(53,249),(53,250),(53,251),(53,252),(53,253),(53,254),(53,255),(53,256),(54,258),(54,259),(56,262),(56,263),(56,264),(56,265),(56,266),(57,268),(57,269),(57,270),(57,271),(57,272),(57,273),(57,274),(57,275),(57,276),(57,277),(58,279),(58,280),(58,281),(58,282),(58,283),(59,285),(59,286),(59,287),(59,288),(59,289),(60,291),(60,292),(60,293),(60,294),(60,295),(61,297),(61,298),(61,299),(61,300),(61,301),(62,303),(62,304),(62,305),(62,306),(62,307),(62,308),(62,309),(62,310),(62,311),(62,312),(62,313),(63,315),(63,316),(63,317),(63,318),(63,319),(64,321),(64,322),(64,323),(64,324),(64,325),(64,326),(64,327),(64,328),(65,330),(65,331),(65,332),(65,333),(65,334),(65,335),(65,336),(65,337),(65,338),(65,339),(66,341),(66,342),(66,343),(67,345),(67,346),(67,347),(67,348),(67,349),(67,350),(67,351),(67,352),(67,353),(68,355),(68,356),(68,357),(68,358),(69,360),(69,361),(69,362),(69,363),(69,364),(69,365),(69,366),(70,368),(70,369),(70,370),(70,371),(71,373),(71,374),(71,375),(71,376),(71,377),(71,378),(71,379),(71,380),(72,382),(72,383),(72,384),(72,385),(72,386),(72,387),(72,388),(72,389),(72,390),(73,392),(73,393),(73,394),(73,395),(73,396),(73,397),(73,398),(73,399),(73,400),(73,401),(73,402),(74,404),(74,405),(74,406),(74,407),(74,408),(74,409),(74,410),(74,411),(74,412),(74,413),(75,415),(75,416),(75,417),(75,418),(75,419),(75,420),(75,421),(75,422),(75,423),(75,424),(75,425),(76,427),(76,428),(76,429),(76,430),(76,431),(76,432),(76,433),(76,434),(76,435),(76,436),(77,438),(77,439),(77,440),(77,441),(77,442),(77,443),(78,445),(78,446),(78,447),(78,448),(78,449),(78,450),(78,451),(78,452),(78,453),(78,454),(79,456),(79,457),(79,458),(79,459),(79,460),(79,461),(79,462),(79,463),(79,464),(79,465),(80,467),(80,468),(80,469),(80,470),(80,471),(80,472),(81,474),(81,475);
/*!40000 ALTER TABLE `tbl_product_images` ENABLE KEYS */;
UNLOCK TABLES;

--
-- Table structure for table `tbl_sale`
--

DROP TABLE IF EXISTS `tbl_sale`;
/*!40101 SET @saved_cs_client     = @@character_set_client */;
/*!50503 SET character_set_client = utf8mb4 */;
CREATE TABLE `tbl_sale` (
  `id` bigint NOT NULL AUTO_INCREMENT,
  `created_at` datetime(6) DEFAULT NULL,
  `description` varchar(300) DEFAULT NULL,
  `end_date` datetime(6) DEFAULT NULL,
  `name` varchar(100) NOT NULL,
  `percent` double NOT NULL,
  `start_date` datetime(6) DEFAULT NULL,
  `updated_at` datetime(6) DEFAULT NULL,
  `creator` bigint DEFAULT NULL,
  `thumbnail_id` bigint DEFAULT NULL,
  PRIMARY KEY (`id`),
  UNIQUE KEY `UK_akfyq90x2lew1f8l5uxorfqd6` (`name`),
  KEY `FKq3p13hpgbgubp5ayflc7u8il6` (`creator`),
  KEY `FK94pf5xeygugui12h4i2ltw0bk` (`thumbnail_id`),
  CONSTRAINT `FK94pf5xeygugui12h4i2ltw0bk` FOREIGN KEY (`thumbnail_id`) REFERENCES `tbl_image` (`id`),
  CONSTRAINT `FKq3p13hpgbgubp5ayflc7u8il6` FOREIGN KEY (`creator`) REFERENCES `tbl_user` (`id`)
) ENGINE=InnoDB AUTO_INCREMENT=6 DEFAULT CHARSET=utf8mb4 COLLATE=utf8mb4_0900_ai_ci;
/*!40101 SET character_set_client = @saved_cs_client */;

--
-- Dumping data for table `tbl_sale`
--

LOCK TABLES `tbl_sale` WRITE;
/*!40000 ALTER TABLE `tbl_sale` DISABLE KEYS */;
INSERT INTO `tbl_sale` VALUES (1,'2023-06-17 23:05:57.314000','','2023-06-22 23:05:49.720000','Sinh nhật',0.2,'2023-06-17 23:05:49.720000','2023-06-17 23:05:57.314000',9,NULL),(2,'2023-06-17 23:05:58.157000','','2023-06-27 23:05:49.720000','Giảm sốc',0.35,'2023-06-17 23:05:49.720000','2023-06-17 23:05:58.157000',10,NULL),(3,'2023-06-17 23:05:58.457000','','2023-06-17 23:49:01.720000','Giá sốc cuối tuần',0.23,'2023-06-17 23:05:49.720000','2023-06-17 23:05:58.457000',5,NULL),(4,'2023-06-17 23:05:58.800000','','2023-07-17 23:05:49.720000','Gói Samsung care+',0.08,'2023-06-17 23:05:49.720000','2023-06-17 23:05:58.800000',5,NULL),(5,'2023-06-17 23:05:59.174000','','2023-07-17 23:05:49.720000','Intel gen 12',0.15,'2023-06-17 23:05:49.720000','2023-06-17 23:05:59.174000',10,NULL);
/*!40000 ALTER TABLE `tbl_sale` ENABLE KEYS */;
UNLOCK TABLES;

--
-- Table structure for table `tbl_sale_products`
--

DROP TABLE IF EXISTS `tbl_sale_products`;
/*!40101 SET @saved_cs_client     = @@character_set_client */;
/*!50503 SET character_set_client = utf8mb4 */;
CREATE TABLE `tbl_sale_products` (
  `sale_id` bigint NOT NULL,
  `product_id` bigint NOT NULL,
  PRIMARY KEY (`product_id`,`sale_id`),
  KEY `FKcmethgibct4jjqh8vluw87p5` (`sale_id`),
  CONSTRAINT `FK9v4fm536ld56c67guauffb124` FOREIGN KEY (`product_id`) REFERENCES `tbl_product` (`id`),
  CONSTRAINT `FKcmethgibct4jjqh8vluw87p5` FOREIGN KEY (`sale_id`) REFERENCES `tbl_sale` (`id`)
) ENGINE=InnoDB DEFAULT CHARSET=utf8mb4 COLLATE=utf8mb4_0900_ai_ci;
/*!40101 SET character_set_client = @saved_cs_client */;

--
-- Dumping data for table `tbl_sale_products`
--

LOCK TABLES `tbl_sale_products` WRITE;
/*!40000 ALTER TABLE `tbl_sale_products` DISABLE KEYS */;
INSERT INTO `tbl_sale_products` VALUES (1,1),(1,2),(1,3),(1,4),(1,5),(1,6),(1,7),(1,8),(1,9),(1,10),(1,11),(1,12),(1,13),(1,14),(1,15),(1,16),(1,17),(1,18),(1,19),(1,20),(1,21),(1,22),(1,23),(1,24),(1,25),(1,26),(1,27),(1,28),(1,29),(1,30),(1,31),(1,32),(1,33),(1,34),(1,35),(1,36),(1,37),(1,38),(1,39),(1,40),(1,41),(1,42),(1,43),(1,44),(1,45),(1,46),(1,47),(1,48),(1,49),(1,50),(1,51),(1,52),(1,53),(1,54),(1,55),(1,56),(1,57),(1,58),(1,59),(1,60),(1,61),(1,62),(1,63),(1,64),(1,65),(1,66),(1,67),(1,68),(1,69),(1,70),(1,71),(1,72),(1,73),(1,74),(1,75),(1,76),(1,77),(1,78),(1,79),(1,80),(1,81),(2,1),(2,2),(2,3),(2,5),(2,6),(2,7),(2,11),(2,12),(2,13),(2,16),(2,18),(2,20),(2,21),(2,22),(2,23),(2,24),(2,25),(2,26),(2,27),(2,28),(2,29),(2,30),(2,31),(2,35),(2,41),(2,42),(2,43),(2,44),(2,45),(2,46),(2,47),(3,4),(3,14),(3,36),(3,37),(3,38),(3,39),(3,40),(4,1),(4,5),(4,18),(4,20),(4,21),(4,22),(4,23),(4,24),(4,25),(4,26),(4,27),(4,28),(4,31),(4,48),(4,57),(4,66),(4,67),(4,69),(4,70),(4,71),(4,73),(4,74),(4,76),(4,78),(4,79),(5,12),(5,13),(5,29),(5,30),(5,35),(5,41),(5,42),(5,43),(5,44),(5,45),(5,46),(5,47);
/*!40000 ALTER TABLE `tbl_sale_products` ENABLE KEYS */;
UNLOCK TABLES;

--
-- Table structure for table `tbl_shipment`
--

DROP TABLE IF EXISTS `tbl_shipment`;
/*!40101 SET @saved_cs_client     = @@character_set_client */;
/*!50503 SET character_set_client = utf8mb4 */;
CREATE TABLE `tbl_shipment` (
  `id` varchar(255) NOT NULL,
  `completed_at` datetime(6) DEFAULT NULL,
  `created_at` datetime(6) DEFAULT NULL,
  `from_line` varchar(255) NOT NULL,
  `order_shop_id` bigint NOT NULL,
  `status` varchar(50) NOT NULL,
  `to_line` varchar(255) NOT NULL,
  `total_price` decimal(38,2) NOT NULL,
  `updated_at` datetime(6) DEFAULT NULL,
  `from_location_id` bigint NOT NULL,
  `to_location_id` bigint NOT NULL,
  `shipper_id` bigint NOT NULL,
  PRIMARY KEY (`id`),
  KEY `FKkq49p1281aifq4flwn780smyv` (`from_location_id`),
  KEY `FK7orw8sje6p0m08ndesj2ks9t` (`to_location_id`),
  KEY `FK6vio9ymi33rq0o0y96q236j7m` (`shipper_id`),
  CONSTRAINT `FK6vio9ymi33rq0o0y96q236j7m` FOREIGN KEY (`shipper_id`) REFERENCES `tbl_user` (`id`),
  CONSTRAINT `FK7orw8sje6p0m08ndesj2ks9t` FOREIGN KEY (`to_location_id`) REFERENCES `tbl_location` (`id`),
  CONSTRAINT `FKkq49p1281aifq4flwn780smyv` FOREIGN KEY (`from_location_id`) REFERENCES `tbl_location` (`id`)
) ENGINE=InnoDB DEFAULT CHARSET=utf8mb4 COLLATE=utf8mb4_0900_ai_ci;
/*!40101 SET character_set_client = @saved_cs_client */;

--
-- Dumping data for table `tbl_shipment`
--

LOCK TABLES `tbl_shipment` WRITE;
/*!40000 ALTER TABLE `tbl_shipment` DISABLE KEYS */;
INSERT INTO `tbl_shipment` VALUES ('27ba895d-cb58-44b4-984c-4b045065f8b3','2023-06-21 20:20:05.151000','2023-06-18 16:39:33.930000','Trường Đại học Tài chính - Marketing Cơ sở Thủ Đức',2,'COMPLETED','Đường Số 1',0.00,'2023-06-21 20:29:40.777000',30,14,12),('527c6e36-7634-48df-8261-aa67df010064','2023-06-21 20:20:05.151000','2023-06-25 21:50:04.998000','Trường Cao Đẳng Công Thương TP.HCM',7,'COMPLETED','Đường Số 1',0.00,'2023-06-25 21:50:23.564000',25,14,12),('8978d9ac-bb89-4580-b6ac-b435173df58f',NULL,'2023-06-18 16:39:33.937000','Nghĩa Trang Phúc An Viên',4,'SHIPPING','Đường Số 1',0.00,'2023-06-18 16:39:33.937000',32,14,12),('b6217c7b-af01-4646-ba77-ac00e1735d1c',NULL,'2023-06-18 16:39:33.935000','Trường Cao Đẳng Công Thương TP.HCM',3,'SHIPPING','Đường Số 1',0.00,'2023-06-18 16:39:33.935000',25,14,12);
/*!40000 ALTER TABLE `tbl_shipment` ENABLE KEYS */;
UNLOCK TABLES;

--
-- Table structure for table `tbl_shop`
--

DROP TABLE IF EXISTS `tbl_shop`;
/*!40101 SET @saved_cs_client     = @@character_set_client */;
/*!50503 SET character_set_client = utf8mb4 */;
CREATE TABLE `tbl_shop` (
  `id` bigint NOT NULL AUTO_INCREMENT,
  `created_at` datetime(6) DEFAULT NULL,
  `description` varchar(255) DEFAULT NULL,
  `email` varchar(320) DEFAULT NULL,
  `enabled` bit(1) NOT NULL,
  `end_price_at` datetime(6) DEFAULT NULL,
  `is_email_verified` bit(1) NOT NULL,
  `is_phone_verified` bit(1) NOT NULL,
  `line` varchar(255) NOT NULL,
  `name` varchar(50) NOT NULL,
  `percent` double NOT NULL,
  `phone` varchar(13) DEFAULT NULL,
  `register_price_at` datetime(6) DEFAULT NULL,
  `slug` varchar(50) NOT NULL,
  `updated_at` datetime(6) DEFAULT NULL,
  `avatar` bigint DEFAULT NULL,
  `background` bigint DEFAULT NULL,
  `location_id` bigint NOT NULL,
  `shop_price_id` bigint DEFAULT NULL,
  `owner_id` bigint NOT NULL,
  PRIMARY KEY (`id`),
  UNIQUE KEY `UK_tr9sijby7bllvicccjn7qj7ip` (`owner_id`),
  UNIQUE KEY `UK_c136upup5f9a5v8rujw13bpnx` (`name`),
  UNIQUE KEY `UK_slsw2rp3rwmsf9tck228pti8h` (`slug`),
  UNIQUE KEY `UK_9ouxhppjmltfsyjda4io7puni` (`email`),
  UNIQUE KEY `UK_nri04kd9hq63fb3uu8msf26b4` (`phone`),
  KEY `FK3g0f2fwdi8wb2x9ralhi1spfu` (`avatar`),
  KEY `FKi2edgj4vquhofbc012iflsfou` (`background`),
  KEY `FKp4rvv19vn49wlek15r72rchcy` (`location_id`),
  KEY `FK1lybjwmu5ufhpe1jk478kp1tp` (`shop_price_id`),
  CONSTRAINT `FK1lybjwmu5ufhpe1jk478kp1tp` FOREIGN KEY (`shop_price_id`) REFERENCES `tbl_shop_price` (`id`),
  CONSTRAINT `FK3g0f2fwdi8wb2x9ralhi1spfu` FOREIGN KEY (`avatar`) REFERENCES `tbl_image` (`id`),
  CONSTRAINT `FKhas5dhaevb1ys6tx3c6is80i6` FOREIGN KEY (`owner_id`) REFERENCES `tbl_user` (`id`),
  CONSTRAINT `FKi2edgj4vquhofbc012iflsfou` FOREIGN KEY (`background`) REFERENCES `tbl_image` (`id`),
  CONSTRAINT `FKp4rvv19vn49wlek15r72rchcy` FOREIGN KEY (`location_id`) REFERENCES `tbl_location` (`id`)
) ENGINE=InnoDB AUTO_INCREMENT=8 DEFAULT CHARSET=utf8mb4 COLLATE=utf8mb4_0900_ai_ci;
/*!40101 SET character_set_client = @saved_cs_client */;

--
-- Dumping data for table `tbl_shop`
--

LOCK TABLES `tbl_shop` WRITE;
/*!40000 ALTER TABLE `tbl_shop` DISABLE KEYS */;
INSERT INTO `tbl_shop` VALUES (1,'2023-06-17 23:05:52.032000',NULL,'customer0@gmail.com',_binary '','2023-07-31 22:48:02.177000',_binary '\0',_binary '\0','Trường Cao Đẳng Công Thương TP.HCM','SAMISO OFFICIAL',0.05,'0395000110','2023-07-01 22:48:02.177000','samiso-official','2023-07-01 22:48:02.200000',95,96,25,1,3),(2,'2023-06-17 23:05:52.053000',NULL,'customer1@gmail.com',_binary '','2023-08-31 10:28:05.686000',_binary '\0',_binary '\0','Trường Cao Đẳng Công Thương TP.HCM','Balo Chuối',0.05,'0395000111','2023-07-02 10:29:23.443000','balo-chuoi','2023-07-02 10:29:23.457000',97,98,25,1,4),(3,'2023-06-17 23:05:52.071000',NULL,'customer2@gmail.com',_binary '',NULL,_binary '\0',_binary '\0','6-32 Đường 7','Phụ Kiện Điện Thoại 123@',0.05,'0395000112','2023-07-02 10:29:23.443000','phu-kien-dien-thoai-123','2023-06-17 23:05:52.071000',99,100,29,1,5),(4,'2023-06-17 23:05:52.091000',NULL,'customer3@gmail.com',_binary '',NULL,_binary '\0',_binary '\0','Trường Đại học Tài chính - Marketing Cơ sở Thủ Đức','Zulia\'s Shop',0.05,'0395000113',NULL,'zulias-shop','2023-06-17 23:05:52.091000',101,102,30,NULL,6),(5,'2023-06-17 23:05:52.106000',NULL,'customer4@gmail.com',_binary '',NULL,_binary '\0',_binary '\0','Nghĩa Trang Phúc An Viên','BINTECH 27',0.05,'0395000114',NULL,'bintech-27','2023-06-17 23:05:52.106000',103,104,32,NULL,7),(6,'2023-06-17 23:05:52.121000',NULL,'customer5@gmail.com',_binary '',NULL,_binary '\0',_binary '\0','Trường Tư Thục Ngô Thời Nhiệm','MEKAXO - PHỤ KIỆN CÔNG NGHỆ',0.05,'0395000115',NULL,'mekaxo-phu-kien-cong-nghe','2023-06-17 23:05:52.121000',105,106,24,NULL,8),(7,'2023-06-17 23:05:52.137000',NULL,'customer6@gmail.com',_binary '',NULL,_binary '\0',_binary '\0','Nghĩa Trang Phúc An Viên','SenBenBao.vn',0.05,'0395000116',NULL,'senbenbaovn','2023-06-17 23:05:52.137000',107,108,32,NULL,9);
/*!40000 ALTER TABLE `tbl_shop` ENABLE KEYS */;
UNLOCK TABLES;

--
-- Table structure for table `tbl_shop_price`
--

DROP TABLE IF EXISTS `tbl_shop_price`;
/*!40101 SET @saved_cs_client     = @@character_set_client */;
/*!50503 SET character_set_client = utf8mb4 */;
CREATE TABLE `tbl_shop_price` (
  `id` bigint NOT NULL AUTO_INCREMENT,
  `created_at` datetime(6) DEFAULT NULL,
  `date_type` varchar(50) NOT NULL,
  `description` tinytext,
  `max_product` int NOT NULL,
  `name` varchar(50) NOT NULL,
  `number` int NOT NULL,
  `price` decimal(38,2) NOT NULL,
  `price_type` varchar(50) NOT NULL,
  `updated_at` datetime(6) DEFAULT NULL,
  PRIMARY KEY (`id`),
  UNIQUE KEY `UK_6vwvvl8bi2a5lucwfbq51ik82` (`name`)
) ENGINE=InnoDB AUTO_INCREMENT=5 DEFAULT CHARSET=utf8mb4 COLLATE=utf8mb4_0900_ai_ci;
/*!40101 SET character_set_client = @saved_cs_client */;

--
-- Dumping data for table `tbl_shop_price`
--

LOCK TABLES `tbl_shop_price` WRITE;
/*!40000 ALTER TABLE `tbl_shop_price` DISABLE KEYS */;
INSERT INTO `tbl_shop_price` VALUES (1,'2023-06-17 23:05:51.997000','MONTH','',50,'Gói tháng thường',1,1000000.00,'NORMAL','2023-06-17 23:05:51.997000'),(2,'2023-06-17 23:05:52.002000','MONTH','',500,'Gói tháng vip',1,3000000.00,'VIP','2023-06-17 23:05:52.002000'),(3,'2023-06-17 23:05:52.005000','YEAR','',70,'Gói năm thường',1,10000000.00,'NORMAL','2023-06-17 23:05:52.005000'),(4,'2023-06-17 23:05:52.010000','YEAR','',700,'Gói năm vip',1,30000000.00,'VIP','2023-06-17 23:05:52.010000');
/*!40000 ALTER TABLE `tbl_shop_price` ENABLE KEYS */;
UNLOCK TABLES;

--
-- Table structure for table `tbl_user`
--

DROP TABLE IF EXISTS `tbl_user`;
/*!40101 SET @saved_cs_client     = @@character_set_client */;
/*!50503 SET character_set_client = utf8mb4 */;
CREATE TABLE `tbl_user` (
  `id` bigint NOT NULL AUTO_INCREMENT,
  `birth_date` date DEFAULT NULL,
  `created_at` datetime(6) DEFAULT NULL,
  `email` varchar(320) DEFAULT NULL,
  `enabled` bit(1) NOT NULL,
  `first_name` varchar(45) NOT NULL,
  `gender` varchar(50) NOT NULL,
  `identity_card` varchar(12) DEFAULT NULL,
  `is_email_verified` bit(1) NOT NULL,
  `is_phone_verified` bit(1) NOT NULL,
  `last_login` datetime(6) DEFAULT NULL,
  `last_name` varchar(45) NOT NULL,
  `password` varchar(64) DEFAULT NULL,
  `phone` varchar(13) DEFAULT NULL,
  `provider` varchar(255) NOT NULL,
  `provider_id` varchar(255) DEFAULT NULL,
  `role` varchar(50) NOT NULL,
  `updated_at` datetime(6) DEFAULT NULL,
  `username` varchar(20) NOT NULL,
  `avatar` bigint DEFAULT NULL,
  PRIMARY KEY (`id`),
  UNIQUE KEY `UK_k0bty7tbcye41jpxam88q5kj2` (`username`),
  UNIQUE KEY `UK_npn1wf1yu1g5rjohbek375pp1` (`email`),
  UNIQUE KEY `UK_gcecgg36eggd9lrt5523d90jk` (`identity_card`),
  UNIQUE KEY `UK_d6tho5pxk6qd8xem6vwou8sdp` (`phone`),
  KEY `FKjt2bq858637q0duccnf9wv728` (`avatar`),
  CONSTRAINT `FKjt2bq858637q0duccnf9wv728` FOREIGN KEY (`avatar`) REFERENCES `tbl_image` (`id`)
) ENGINE=InnoDB AUTO_INCREMENT=17 DEFAULT CHARSET=utf8mb4 COLLATE=utf8mb4_0900_ai_ci;
/*!40101 SET character_set_client = @saved_cs_client */;

--
-- Dumping data for table `tbl_user`
--

LOCK TABLES `tbl_user` WRITE;
/*!40000 ALTER TABLE `tbl_user` DISABLE KEYS */;
INSERT INTO `tbl_user` VALUES (1,NULL,'2023-06-17 23:05:49.972000','admin@gmail.com',_binary '','Phương','UNKNOWN',NULL,_binary '\0',_binary '\0',NULL,'Thái','$2a$10$BwvI9.j95ALiFF5HWPh8AOD84iSc2MzuAWaqOpdUaWAATGlfCi0ra','0375189189','local',NULL,'ROLE_ADMIN','2023-06-17 23:05:50.034000','thaiphuong023216',NULL),(2,NULL,'2023-06-17 23:05:50.154000','admin1@gmail.com',_binary '','Nguyên','UNKNOWN',NULL,_binary '\0',_binary '\0',NULL,'Nguyễn','$2a$10$j08coDkeGoFAJpGHYZSjbOkA3ZHAkOrKK/ywxSsBaqbzX.k.CqSMm','0976080909','local',NULL,'ROLE_ADMIN','2023-06-17 23:05:50.176000','nguyennguyen048316',NULL),(3,NULL,'2023-06-17 23:05:50.296000','customer0@gmail.com',_binary '','Khánh Duy','UNKNOWN',NULL,_binary '\0',_binary '\0',NULL,'Trình','$2a$10$39xYLJOTnw/H94/1NxZwxezj16HctdI.qqMmYsGWXo292r1KrNzt6','0395000110','local',NULL,'ROLE_SELLER','2023-06-17 23:05:52.021000','trinhkhanhduy099021',NULL),(4,NULL,'2023-06-17 23:05:50.416000','customer1@gmail.com',_binary '','Triều Quý','UNKNOWN',NULL,_binary '\0',_binary '\0',NULL,'Lê','$2a$10$/2pfAnglzMdPnMxV5yCShuV5NtAcQh23urZHw84Tzj5D8uefPwPSW','0395000111','local',NULL,'ROLE_SELLER','2023-06-17 23:05:52.046000','letrieuquy056988',NULL),(5,NULL,'2023-06-17 23:05:50.559000','customer2@gmail.com',_binary '','Hảo Hán','UNKNOWN',NULL,_binary '\0',_binary '\0',NULL,'Ngô','$2a$10$MQHG9rFeamCBKC3hXWqwpejtpDwy15VPtWFsSSC4vhMRh.hVUa9l.','0395000112','local',NULL,'ROLE_SELLER','2023-06-17 23:05:52.065000','ngohaohan011705',NULL),(6,NULL,'2023-06-17 23:05:50.690000','customer3@gmail.com',_binary '','Quang Lê','UNKNOWN',NULL,_binary '\0',_binary '\0',NULL,'Tạ','$2a$10$udxGdpaeH0DZ5BOW.g9A8.QdzLHdeT2dvXqDdRUkt1cQEty1iZbL.','0395000113','local',NULL,'ROLE_SELLER','2023-06-17 23:05:52.084000','taquangle098073',NULL),(7,NULL,'2023-06-17 23:05:50.800000','customer4@gmail.com',_binary '','Trúc Mai','UNKNOWN',NULL,_binary '\0',_binary '\0',NULL,'Phan','$2a$10$JxT2bwJgukvP0U7GlAbEO.FPjY0Hotfc/QxW/QviXnVQ6L7fb1cP6','0395000114','local',NULL,'ROLE_SELLER','2023-06-17 23:05:52.101000','phantrucmai045734',NULL),(8,NULL,'2023-06-17 23:05:50.926000','customer5@gmail.com',_binary '','Khắc Mai','UNKNOWN',NULL,_binary '\0',_binary '\0',NULL,'Phùng','$2a$10$.Afgd8kWYZ9xFmjLxNFkwuUk1a/xrXCLyEOvHcde0SYdsHCx5tEQW','0395000115','local',NULL,'ROLE_SELLER','2023-06-17 23:05:52.116000','phungkhacmai078811',NULL),(9,NULL,'2023-06-17 23:05:51.036000','customer6@gmail.com',_binary '','Nhã Kỳ','UNKNOWN',NULL,_binary '\0',_binary '\0',NULL,'Lý','$2a$10$8zVtBEm9AM8ku8y0cVejy.NdGY5aXblRFBiJ0I8R.q4on10NKwtWu','0395000116','local',NULL,'ROLE_SELLER','2023-06-17 23:05:52.131000','lynhaky081212',NULL),(10,NULL,'2023-06-17 23:05:51.159000','customer7@gmail.com',_binary '','Lệ Thủy','UNKNOWN',NULL,_binary '\0',_binary '\0',NULL,'Trần','$2a$10$21UYNn66tRjbt8wSVHi6uudoEMnK4EkzOkmo9VjtUFf3haaXF4wL2','0395000117','local',NULL,'ROLE_CUSTOMER','2023-06-17 23:05:51.159000','tranlethuy088715',NULL),(11,NULL,'2023-06-17 23:05:51.295000','customer8@gmail.com',_binary '','Khánh Ly','UNKNOWN',NULL,_binary '\0',_binary '\0',NULL,'Bùi','$2a$10$RIuwPBKVstN1jtX.iGu3X.HtnWJjipsTqMeqJBRJ5IAGggA0xxzAC','0395000118','local',NULL,'ROLE_CUSTOMER','2023-06-17 23:05:51.295000','buikhanhly062881',NULL),(12,NULL,'2023-06-17 23:05:51.430000','shipper0@gmail.com',_binary '','Khánh Duy','UNKNOWN',NULL,_binary '\0',_binary '\0',NULL,'Trình','$2a$10$XN3/cXEbPCIUzUiD.KrkCuFelcz0XnjkQ7d4DOtLM6nAtrijuTBdS','0394344440','local',NULL,'ROLE_SHIPPER','2023-06-17 23:05:51.430000','trinhkhanhduy027217',NULL),(13,NULL,'2023-06-17 23:05:51.560000','shipper1@gmail.com',_binary '','Thiếu Úy','UNKNOWN',NULL,_binary '\0',_binary '\0',NULL,'Lê','$2a$10$6clBEt1o.gSQ62FwxSuMmu6RfaPZXDXt2bDJhPwtFrVpQQdN9IcZy','0394344441','local',NULL,'ROLE_SHIPPER','2023-06-17 23:05:51.560000','lethieuuy065241',NULL),(14,NULL,'2023-07-02 13:19:00.386000','phuongdorc@gmail.com',_binary '\0','Minh Phương','UNKNOWN',NULL,_binary '',_binary '\0',NULL,'Thái',NULL,NULL,'google','111021340382294350963','ROLE_CUSTOMER','2023-07-02 13:19:00.386000','uqaCFRDKEOYxaDvY16O5',476),(15,NULL,'2023-07-07 20:56:46.206000','demo@gmail.com',_binary '','Lê','UNKNOWN',NULL,_binary '\0',_binary '\0',NULL,'Lê','$2a$10$VHIL6vnwqOhH.gHqFtyIReKRozXBUG0EfT9q6Mi75vsUgNr6i09SC','0856875688','local',NULL,'ROLE_SHIPPER','2023-07-07 20:56:46.224000','lele073469',NULL),(16,NULL,'2023-07-08 21:31:31.536000','dangquan.demo@gmail.com',_binary '\0','Đăng Quan','UNKNOWN',NULL,_binary '',_binary '\0',NULL,'Lê',NULL,NULL,'google','112200040541429918999','ROLE_CUSTOMER','2023-07-08 21:31:31.536000','OXhpzNkDexeirLDIoxj7',477);
/*!40000 ALTER TABLE `tbl_user` ENABLE KEYS */;
UNLOCK TABLES;

--
-- Table structure for table `tbl_user_discounts`
--

DROP TABLE IF EXISTS `tbl_user_discounts`;
/*!40101 SET @saved_cs_client     = @@character_set_client */;
/*!50503 SET character_set_client = utf8mb4 */;
CREATE TABLE `tbl_user_discounts` (
  `user_id` bigint NOT NULL,
  `discount_id` bigint NOT NULL,
  PRIMARY KEY (`user_id`,`discount_id`),
  KEY `FKogjhk5smy8sbyqapmbhobgpf3` (`discount_id`),
  CONSTRAINT `FK2voqixuhwaqvyk50is0p9wjo3` FOREIGN KEY (`user_id`) REFERENCES `tbl_user` (`id`),
  CONSTRAINT `FKogjhk5smy8sbyqapmbhobgpf3` FOREIGN KEY (`discount_id`) REFERENCES `tbl_discount` (`id`)
) ENGINE=InnoDB DEFAULT CHARSET=utf8mb4 COLLATE=utf8mb4_0900_ai_ci;
/*!40101 SET character_set_client = @saved_cs_client */;

--
-- Dumping data for table `tbl_user_discounts`
--

LOCK TABLES `tbl_user_discounts` WRITE;
/*!40000 ALTER TABLE `tbl_user_discounts` DISABLE KEYS */;
/*!40000 ALTER TABLE `tbl_user_discounts` ENABLE KEYS */;
UNLOCK TABLES;

--
-- Dumping events for database 'gt_ecommerce'
--

--
-- Dumping routines for database 'gt_ecommerce'
--
/*!50003 DROP PROCEDURE IF EXISTS `updateBlackListProduct` */;
/*!50003 SET @saved_cs_client      = @@character_set_client */ ;
/*!50003 SET @saved_cs_results     = @@character_set_results */ ;
/*!50003 SET @saved_col_connection = @@collation_connection */ ;
/*!50003 SET character_set_client  = utf8mb4 */ ;
/*!50003 SET character_set_results = utf8mb4 */ ;
/*!50003 SET collation_connection  = utf8mb4_0900_ai_ci */ ;
/*!50003 SET @saved_sql_mode       = @@sql_mode */ ;
/*!50003 SET sql_mode              = 'ONLY_FULL_GROUP_BY,STRICT_TRANS_TABLES,NO_ZERO_IN_DATE,NO_ZERO_DATE,ERROR_FOR_DIVISION_BY_ZERO,NO_ENGINE_SUBSTITUTION' */ ;
DELIMITER ;;
CREATE DEFINER=`root`@`localhost` PROCEDURE `updateBlackListProduct`(IN inShopId BIGINT, IN inStartDate DATE, IN inMinAll INT,IN inMinNeg INT, IN startDateNewSession DATE)
BEGIN 
	DECLARE i, j, n, m INT DEFAULT 0;
    DECLARE currentDate DATETIME DEFAULT NOW();
    DECLARE scanAt DATETIME(6);
    DECLARE id, productId, shopId BIGINT DEFAULT NULL;
    DECLARE negTotal, total BIGINT DEFAULT 0;
    DECLARE percent DOUBLE DEFAULT 0;
    DECLARE slug, img VARCHAR(300) DEFAULT "";
    DECLARE productName VARCHAR(255);
    drop temporary table if exists originTemp;
	CREATE TEMPORARY TABLE originTemp
    (SELECT  newp.product_id, newp.shop_id, oldp.id, oldp.scan_at, newp.neg_total, newp.total, newp.percent, newp.slug, newp.img, newp.product_name
	FROM
		(SELECT a.product_id, a.shop_id, a.slug, a.img, a.product_name, count neg_total, allCount total, (count * 100 / allCount) percent
		FROM 
			(SELECT p.id product_id, p.shop_id, COUNT(fb.sentiment) as count, CONCAT(c.slug, '/', p.slug) slug, i.path img, p.name product_name
			FROM tbl_feedback fb RIGHT OUTER JOIN tbl_product p ON fb.product_id = p.id 
				INNER JOIN tbl_category c ON p.category_id = c.id
                INNER JOIN tbl_image i ON p.thumbnail = i.id
			WHERE p.enabled = 1 AND fb.created_at >= inStartDate and fb.sentiment = 'SENTIMENT_NEGATIVE'
			GROUP BY p.id, p.shop_id, fb.sentiment) as a
			INNER JOIN
			(SELECT p.id product_id, p.shop_id, COUNT(fb.id) as allCount
			FROM tbl_feedback fb RIGHT OUTER JOIN tbl_product p ON fb.product_id = p.id
			WHERE p.enabled = 1 AND fb.created_at >= inStartDate
			GROUP BY p.id, p.shop_id) b
			ON a.product_id = b.product_id
		WHERE allCount >= inMinAll AND (count * 100 / allCount) >= inMinNeg) as newp
		LEFT OUTER JOIN tbl_product_black_list oldp
		ON newp.product_id = oldp.product_id
	WHERE oldp.status IS NULL or oldp.status = 1 
    AND newp.product_id NOT IN (SELECT DISTINCT product_id FROM tbl_product_black_list gr_pbl WHERE is_baned = 1));
    drop temporary table if exists groupTemp;
	CREATE TEMPORARY TABLE groupTemp AS 
    (SELECT product_id, shop_id, COUNT(*) FROM originTemp GROUP BY product_id, shop_id);
    SELECT count(*) FROM groupTemp INTO n;
    
    WHILE i < n DO
		SELECT groupTemp.product_id, groupTemp.shop_id FROM groupTemp LIMIT i,1 INTO productId, shopId;
        drop temporary table if exists oneTemp;
		CREATE TEMPORARY TABLE oneTemp AS (SELECT * FROM originTemp ot WHERE ot.product_id = productId AND ot.shop_id = shopId);
        SELECT ot.scan_at, ot.neg_total, ot.total, ot.percent, ot.slug, ot.img, ot.product_name FROM oneTemp ot  LIMIT 0,1 INTO scanAt, negTotal, total, percent, slug, img, productName;
		IF scanAt IS NULL THEN
			INSERT INTO tbl_product_black_list(neg_total, percent, product_id, scan_at, shop_id, slug, status, total, count, img, product_name) 
            VALUES (negTotal, percent, productId, currentDate, shopId, slug, DEFAULT, total, DEFAULT, img, productName); 
		ELSE-- IF enabled <=> 0 THEN
			SELECT count(*) FROM oneTemp ot WHERE ot.scan_at < startDateNewSession INTO m;
            SET j = 0;
            WHILE j < m DO
				SELECT ot.id FROM oneTemp ot WHERE ot.scan_at < startDateNewSession LIMIT i,1 INTO id;
                UPDATE tbl_product_black_list SET status = 0 WHERE id = id;
                SET j = j + 1;
            END WHILE;
            SELECT count(*) FROM oneTemp ot WHERE ot.scan_at >= startDateNewSession INTO m;
            IF m < 2 THEN
				INSERT INTO tbl_product_black_list(neg_total, percent, product_id, scan_at, shop_id, slug, status, total, count, img, product_name) 
				VALUES (negTotal, percent, productId, currentDate, shopId, slug, DEFAULT, total, m + 1, img, productName); 
			ELSE 
				INSERT INTO tbl_product_black_list(is_baned, neg_total, percent, product_id, scan_at, shop_id, slug, status, total, count, img, product_name) 
				VALUES (1, negTotal, percent, productId, currentDate, shopId, slug, DEFAULT, total, m + 1, img, productName); 
--                 UPDATE tbl_product SET enabled = 0 WHERE product_id = product_id;
			END IF;
        END IF;
        SET i = i + 1;
    END WHILE;
    drop temporary table if exists originTemp;
    drop temporary table if exists groupTemp;
    drop temporary table if exists oneTemp;
    SELECT * FROM tbl_product_black_list;
    INSERT INTO tbl_message(shop_id, to_name, to_email, is_baned, scan_at, title, body, products)
    (SELECT shop_id, s.name to_name, s.email to_nmail, is_baned, tbl.scan_at,
		IF(is_baned = '0', 'Notice about the list of potentially banned products', -- 'Thông báo về danh sách sản phẩm có nguy cơ bị ban',
		'Notice of prohibited products list' -- 'Thông báo về danh sách sản phẩm của shop bạn đã bị ban'
        ) title,
		CONCAT('<p class="mt-6 text-2xl leading-10">Chào shop ', s.name,',</p>', 
		'<p class="mt-6 text-2xl leading-10">Praesent dui ex, dapibus eget mauris ut, finibus vestibulum enim. Quisque9 arcu leo, facilisis in fringilla id, luctus in tortor. Nunc vestibulum est quis orci varius viverra. Curabitur dictum volutpat massa vulputate molestie. In at felis ac velit maximus convallis. </p> <p class="mt-6 text-2xl leading-10">Sed elementum turpis eu lorem interdum, sed porttitor eros commodo. Nam eu venenatis tortor, id lacinia diam. Sed aliquam in dui et porta. Sed bibendum orci non tincidunt ultrices. Vivamus fringilla, mi lacinia dapibus condimentum, ipsum urna lacinia lacus, vel tincidunt mi nibh sit amet lorem.</p><p class="my-6 text-2xl">Sincerly,</p>') body, 
	CONCAT('[', GROUP_CONCAT('{', CONCAT(
		'"product_id" : "', tbl.product_id, '",', 
        '"slug" : "', tbl.slug, '",', 
        '"img" : "', tbl.img, '",', 
        '"name" : "', tbl.product_name, '",', 
        '"isBaned" : "', export_set(tbl.is_baned,'1','0','',1), '",', 
        '"negTotal" : "', tbl.neg_total, '",', 
        '"total" : "', tbl.total, '",', 
        '"percent" : "', tbl.percent, '",', 
        '"count" : "', tbl.count, '",') 
        , '}'), ']') products
	FROM lastCheckProductBlackList tbl INNER JOIN tbl_shop s ON tbl.shop_id = s.id
	GROUP BY shop_id, tbl.is_baned, tbl.scan_at);
END ;;
DELIMITER ;
/*!50003 SET sql_mode              = @saved_sql_mode */ ;
/*!50003 SET character_set_client  = @saved_cs_client */ ;
/*!50003 SET character_set_results = @saved_cs_results */ ;
/*!50003 SET collation_connection  = @saved_col_connection */ ;
/*!50003 DROP PROCEDURE IF EXISTS `updateShopPrice` */;
/*!50003 SET @saved_cs_client      = @@character_set_client */ ;
/*!50003 SET @saved_cs_results     = @@character_set_results */ ;
/*!50003 SET @saved_col_connection = @@collation_connection */ ;
/*!50003 SET character_set_client  = utf8mb4 */ ;
/*!50003 SET character_set_results = utf8mb4 */ ;
/*!50003 SET collation_connection  = utf8mb4_0900_ai_ci */ ;
/*!50003 SET @saved_sql_mode       = @@sql_mode */ ;
/*!50003 SET sql_mode              = 'ONLY_FULL_GROUP_BY,STRICT_TRANS_TABLES,NO_ZERO_IN_DATE,NO_ZERO_DATE,ERROR_FOR_DIVISION_BY_ZERO,NO_ENGINE_SUBSTITUTION' */ ;
DELIMITER ;;
CREATE DEFINER=`root`@`localhost` PROCEDURE `updateShopPrice`(IN rangeDate INT)
BEGIN 
	SET SQL_SAFE_UPDATES = 0;
	UPDATE tbl_shop SET end_price_at = NULL WHERE CONVERT(end_price_at, DATE) < CONVERT(NOW(), DATE);
	INSERT INTO tbl_message(shop_id, to_name, to_email, is_baned, created_at, scan_at, type, title, body)
    (SELECT s.id, s.name, s.email, false, CURRENT_TIMESTAMP(), CURRENT_TIMESTAMP(), 'MESSAGE_SHOP_PRICE', 'Notice about the expiration of the shop subscription package', CONCAT('<html>
	<body>
	<p>Dear ',s.name,' shop,</p>
	<p>We are sending you this letter to let you know that you have ', rangeDate, ' days left on your \'', sp.name,'\' subscription which will expire at ', CONVERT(s.end_price_at, DATE), '.
	If you receive this message, please renew or sign up for a new plan before the expiration date. Otherwise, upon expiration, the function of selling new products will be temporarily closed.</p>
	<p>Sincerely,<br>-PXC Admin</br></p>
	</body>
	</html>')
	FROM tbl_shop s INNER JOIN tbl_shop_price sp ON s.shop_price_id = sp.id
	WHERE CONVERT(s.end_price_at, DATE) = DATE_SUB(CURRENT_DATE(), INTERVAL rangeDate DAY));
    SELECT * FROM tbl_shop WHERE CONVERT(end_price_at, DATE) = DATE_SUB(CURRENT_DATE(), INTERVAL rangeDate DAY);
END ;;
DELIMITER ;
/*!50003 SET sql_mode              = @saved_sql_mode */ ;
/*!50003 SET character_set_client  = @saved_cs_client */ ;
/*!50003 SET character_set_results = @saved_cs_results */ ;
/*!50003 SET collation_connection  = @saved_col_connection */ ;

--
-- Final view structure for view `lastcheckproductblacklist`
--

/*!50001 DROP VIEW IF EXISTS `lastcheckproductblacklist`*/;
/*!50001 SET @saved_cs_client          = @@character_set_client */;
/*!50001 SET @saved_cs_results         = @@character_set_results */;
/*!50001 SET @saved_col_connection     = @@collation_connection */;
/*!50001 SET character_set_client      = utf8mb4 */;
/*!50001 SET character_set_results     = utf8mb4 */;
/*!50001 SET collation_connection      = utf8mb4_0900_ai_ci */;
/*!50001 CREATE ALGORITHM=UNDEFINED */
/*!50013 DEFINER=`root`@`localhost` SQL SECURITY DEFINER */
/*!50001 VIEW `lastcheckproductblacklist` AS select `gr_pbl`.`id` AS `id`,`gr_pbl`.`count` AS `count`,`gr_pbl`.`img` AS `img`,`gr_pbl`.`is_baned` AS `is_baned`,`gr_pbl`.`neg_total` AS `neg_total`,`gr_pbl`.`percent` AS `percent`,`gr_pbl`.`product_id` AS `product_id`,`gr_pbl`.`product_name` AS `product_name`,`gr_pbl`.`scan_at` AS `scan_at`,`gr_pbl`.`shop_id` AS `shop_id`,`gr_pbl`.`slug` AS `slug`,`gr_pbl`.`status` AS `status`,`gr_pbl`.`total` AS `total` from `tbl_product_black_list` `gr_pbl` where (`gr_pbl`.`scan_at` = (select `gr_pbl`.`scan_at` from `tbl_product_black_list` `gr_pbl` order by `gr_pbl`.`scan_at` desc limit 0,1)) */;
/*!50001 SET character_set_client      = @saved_cs_client */;
/*!50001 SET character_set_results     = @saved_cs_results */;
/*!50001 SET collation_connection      = @saved_col_connection */;

--
-- Final view structure for view `sentimentanalysis`
--

/*!50001 DROP VIEW IF EXISTS `sentimentanalysis`*/;
/*!50001 SET @saved_cs_client          = @@character_set_client */;
/*!50001 SET @saved_cs_results         = @@character_set_results */;
/*!50001 SET @saved_col_connection     = @@collation_connection */;
/*!50001 SET character_set_client      = utf8mb4 */;
/*!50001 SET character_set_results     = utf8mb4 */;
/*!50001 SET collation_connection      = utf8mb4_0900_ai_ci */;
/*!50001 CREATE ALGORITHM=UNDEFINED */
/*!50013 DEFINER=`root`@`localhost` SQL SECURITY DEFINER */
/*!50001 VIEW `sentimentanalysis` AS select `p`.`id` AS `product_id`,`p`.`shop_id` AS `shop_id`,`fb`.`sentiment` AS `sentiment`,count(`fb`.`sentiment`) AS `count` from (`tbl_product` `p` left join `tbl_feedback` `fb` on((`fb`.`product_id` = `p`.`id`))) group by `p`.`id`,`p`.`shop_id`,`fb`.`sentiment` */;
/*!50001 SET character_set_client      = @saved_cs_client */;
/*!50001 SET character_set_results     = @saved_cs_results */;
/*!50001 SET collation_connection      = @saved_col_connection */;
/*!40103 SET TIME_ZONE=@OLD_TIME_ZONE */;

/*!40101 SET SQL_MODE=@OLD_SQL_MODE */;
/*!40014 SET FOREIGN_KEY_CHECKS=@OLD_FOREIGN_KEY_CHECKS */;
/*!40014 SET UNIQUE_CHECKS=@OLD_UNIQUE_CHECKS */;
/*!40101 SET CHARACTER_SET_CLIENT=@OLD_CHARACTER_SET_CLIENT */;
/*!40101 SET CHARACTER_SET_RESULTS=@OLD_CHARACTER_SET_RESULTS */;
/*!40101 SET COLLATION_CONNECTION=@OLD_COLLATION_CONNECTION */;
/*!40111 SET SQL_NOTES=@OLD_SQL_NOTES */;

-- Dump completed on 2023-07-09 19:42:44
